time,q1,q2,q3,q4,q5,q6,qdot1,qdot2,qdot3,qdot4,qdot5,qdot6,q_obs1,q_obs2,q_obs3,q_obs4,q_obs5,q_obs6,qdot_obs1,qdot_obs2,qdot_obs3,qdot_obs4,qdot_obs5,qdot_obs6,q_ref1,q_ref2,q_ref3,q_ref4,q_ref5,q_ref6,qdot_ref1,qdot_ref2,qdot_ref3,qdot_ref4,qdot_ref5,qdot_ref6,error1,error2,error3,error4,error5,error6,correction1,correction2,correction3,correction4,correction5,correction6,target1,target2,target3,target4,target5,target6,controller,error_norm,correction_norm,smoothness,fuzzy_severity,fuzzy_exploration_scale,fuzzy_expert_blend,fuzzy_kp_multiplier,fuzzy_kd_multiplier,reward_error_weight,reward_velocity_weight,reward_effort_weight,reward_smoothness_weight,x,x_ref,x_error,y,y_ref,y_error,z,z_ref,z_error,cartesian_error_norm
0.0,-4.848255130696089e-10,-0.02057758869843518,-0.062428519227567314,-0.005167710451034591,8.089169334368762e-10,-0.001289621694315457,-9.013234603116863e-10,-0.028493797858430956,-0.08548811036686026,-0.006916753032903949,1.5219825399981332e-09,-0.0015332923414490538,-4.848255130696089e-10,-0.02057758869843518,-0.062428519227567314,-0.005167710451034591,8.089169334368762e-10,-0.001289621694315457,-9.013234603116863e-10,-0.028493797858430956,-0.08548811036686026,-0.006916753032903949,1.5219825399981332e-09,-0.0015332923414490538,-4.848255130696089e-10,-0.02830470527629793,-0.08025463830824135,0.04458827519915787,0.0,0.0,0.0,0.0,0.0,0.0,0.0,0.0,0.0,-0.00772711657786275,-0.01782611908067404,0.04975598565019246,-8.089169334368762e-10,0.001289621694315457,4.867146685683107e-12,-0.0020097261333660425,-0.004529677546607685,0.013969026448431569,-2.3471544707831524e-10,0.00036937385305215283,-4.799583663839257e-10,-0.030314431409663972,-0.08478431585484904,0.05855730164758943,-2.3471544707831524e-10,0.00036937385305215283,fuzzy-pid,0.053430329254299566,0.014826567868784588,0.014826567868784588,0.0,0.03,0.2,0.8,0.9,1.0,0.3,0.02,0.03,2.942537755198097,2.942537755198097,0.0,-1.4266173768906125e-09,-1.4266173768906125e-09,0.0,-0.18849447930836608,-0.18849447930836608,0.0,0.0
0.05,-6.032951915813101e-10,-0.028816131228465824,-0.0823817229931505,0.011667353904047495,2.124234121936297e-10,-0.0003132221076493913,-7.033928994815135e-09,-0.12339957814884162,-0.321145411628265,0.32953743594923396,-5.092815058560514e-10,0.0103770349316079,-6.032951915813101e-10,-0.028816131228465824,-0.0823817229931505,0.011667353904047495,2.124234121936297e-10,-0.0003132221076493913,-7.033928994815135e-09,-0.12339957814884162,-0.321145411628265,0.32953743594923396,-5.092815058560514e-10,0.0103770349316079,4.738857580455566e-05,-0.022968637511001845,-0.09209176122008693,0.0511656637367137,0.0,0.0,0.0027730599736288356,0.3595151357536615,-0.6462744272039581,0.14023954547021378,0.07316845850619873,0.03048685771091601,4.738917909974724e-05,0.005847493717463979,-0.009710038226936432,0.0394983098326662,-2.124234121936297e-10,0.0003132221076493913,2.8243535395744192e-05,0.004352744251868301,-0.004151362330464212,0.010063463471024202,0.00039510961345194396,0.0002020910782007708,5.672396341063329e-05,-0.02154052779676615,-0.09337842162662562,0.06056117081770078,0.00029633215141009617,0.00024391177191361634,fuzzy-pid,0.04109373259518608,0.011732486473950457,0.007487487361735068,0.0,0.03,0.2,0.8,0.9,1.0,0.3,0.02,0.03,2.9389447265741673,2.942099850353286,0.0031551237791185294,-1.773051221865443e-09,0.00013942192188740407,0.00013942369493862594,-0.2319363183202994,-0.18824092708417606,0.04369539123612334,0.04380937639713848
0.1,3.6945338584892795e-05,-0.02644663683113846,-0.09668954404788632,0.028219353331132346,0.00019300763327567694,-6.962553169254093e-05,0.0004395280394753339,0.03592340709692717,-0.15341613323167622,0.3325906650905705,0.002296098558129953,0.0033030277890588847,3.6945338584892795e-05,-0.02644663683113846,-0.09668954404788632,0.028219353331132346,0.00019300763327567694,-6.962553169254093e-05,0.0004395280394753339,0.03592340709692717,-0.15341613323167622,0.3325906650905705,0.002296098558129953,0.0033030277890588847,0.00035165708990702465,0.001662948563337957,-0.14644485129816806,0.08137264164443463,0.0,0.0,0.010014260966375843,0.8110778750561763,-1.449413429169393,0.3166942909600063,0.1652318039791337,0.06884658499130573,0.00031471175132213186,0.028109585394476416,-0.04975530725028174,0.05315328831330228,-0.00019300763327567694,6.962553169254093e-05,0.0001681090918609959,0.015629396754776374,-0.024466061371826213,0.015371782208451885,0.0012751178821734722,0.0005220494780657231,0.0004040056271786737,0.007584127039394211,-0.1515277899091521,0.08769861059409008,0.001030421449482628,0.0004525150515276964,fuzzy-pid,0.07804583648269729,0.03287985115796622,0.023852137995054673,0.07043957957284638,0.045496707506026204,0.2616346321262406,0.8748420532961493,1.038363459875234,1.0,0.6018839124550559,0.02,0.03,2.938425870868805,2.9393172044094253,0.0008913335406202094,0.0001085611387552503,0.0010336317770235051,0.0009250706382682548,-0.23359631721116392,-0.18663014071392298,0.04696617649724094,0.04698374150635949
0.15000000000000002,0.00027601969307955443,-0.012059497486622384,-0.12298002219055348,0.0449643147453207,0.0007384332740549837,0.00018005216914662725,0.002844133081314479,0.2893083527298221,-0.5353200479309979,0.33409483712381033,0.006488629588030642,0.00287838864307943,0.00027601969307955443,-0.012059497486622384,-0.12298002219055348,0.0449643147453207,0.0007384332740549837,0.00018005216914662725,0.002844133081314479,0.2893083527298221,-0.5353200479309979,0.33409483712381033,0.006488629588030642,0.00287838864307943,0.0010988669980118396,0.039906115475909214,-0.2299322450250023,0.12779601019757808,0.0,0.0,0.020265686713963525,1.0392888045504054,-1.840747027019926,0.4067646085324096,0.21222501314734413,0.08842708881139325,0.0008228473049322852,0.0519656129625316,-0.10695222283444883,0.08283169545225738,-0.0007384332740549837,-0.00018005216914662725,0.0004899459182852708,0.030395291143301917,-0.05614840224287078,0.029163755166134803,0.002501469900777552,0.0010380166386825835,0.0012926110940175012,0.054622086724256905,-0.25244243292819285,0.1396444766713072,0.002133707787953821,0.0008916412418938617,fuzzy-pid,0.14491910657835227,0.07024682406139854,0.03760179009774429,0.20111605369727803,0.07424553181340116,0.3759765469851183,1.0136858070533579,1.2950493911910819,1.0,1.1619259444169059,0.02,0.03,2.938025552695567,2.932575506619875,-0.0054500460756923275,0.0008109529319095743,0.003222511740472835,0.0024115588085632605,-0.22272313655385675,-0.18273057494872544,0.039992561605131316,0.04043418852721731
0.2,0.0009381476155549962,0.0024274054734134687,-0.1497600676618851,0.06166990185667931,0.001647205756837078,0.0005555547924753768,0.007876967252773419,0.29024625733340387,-0.5350986495370686,0.3341539945588498,0.01081116252059643,0.004458235714910326,0.0009381476155549962,0.0024274054734134687,-0.1497600676618851,0.06166990185667931,0.001647205756837078,0.0005555547924753768,0.007876967252773419,0.29024625733340387,-0.5350986495370686,0.3341539945588498,0.01081116252059643,0.004458235714910326,0.002407472183820942,0.08504930679008654,-0.32715034681938104,0.1819119931585151,0.0,0.0,0.03227784998622645,1.1547494164862782,-2.0245859408746956,0.4538068342928843,0.23676878310933105,0.0986536596288879,0.0014693245682659457,0.08262190131667307,-0.17739027915749594,0.1202420913018358,-0.001647205756837078,-0.0005555547924753768,0.0009469579354070254,0.04948769781016468,-0.09722694071396984,0.04835809908457416,0.0034710252687227597,0.0014595852643574884,0.002838975362925351,0.11455827513125265,-0.3813935738820614,0.20761368835014377,0.003136695898530525,0.0013175992587415818,fuzzy-pid,0.2296889877203849,0.1193971989500296,0.04921093142194343,0.30922668741884496,0.09802987123214589,0.4705733514914893,1.1285533553825229,1.446475930861069,1.1193106114633948,1.4923111218786957,0.02,0.03,2.93720722274006,2.9209637132547495,-0.016243509485310614,0.0027555347608058363,0.0070321524755528764,0.00427661771474704,-0.21228133663871265,-0.17602314362537916,0.036258193013333495,0.039959950201040165
0.25,0.0021761977412548816,0.01697060917465265,-0.1765096022125756,0.07838072379670535,0.002617342941226397,0.0009699709230721609,0.014728393071017351,0.29136464415024904,-0.5344543215199056,0.3342429919377385,0.011541184319163723,0.004861944980216744,0.0021761977412548816,0.01697060917465265,-0.1765096022125756,0.07838072379670535,0.002617342941226397,0.0009699709230721609,0.014728393071017351,0.29136464415024904,-0.5344543215199056,0.3342429919377385,0.011541184319163723,0.004861944980216744,0.004338056029123507,0.13379287961004535,-0.4306031006924425,0.23959578793228825,0.0,0.0,0.04497876457752558,1.2101852082516888,-2.0994467915457053,0.4784227574647727,0.24961187345988142,0.10400494727495063,0.0021618582878686256,0.1168222704353927,-0.2540934984798669,0.1612150641355829,-0.002617342941226397,-0.0009699709230721609,0.0014897293724482224,0.07219913587691842,-0.1359574172199359,0.07414445164004672,0.0037898631470645204,0.0016058176982172382,0.0050805828919101344,0.18313358039803598,-0.5202687819047992,0.2872086017667872,0.003626571334931021,0.0015337630883483242,fuzzy-pid,0.32282148426425816,0.17092014285697635,0.05178042921707537,0.45276556293247894,0.12960842384514537,0.596169867565919,1.2810634106157588,1.4500000000000002,1.6644829343556882,1.5,0.02,0.03,2.9360484685358323,2.9041734223893303,-0.03187504614650205,0.006389432131881251,0.012598546054261433,0.006209113922380181,-0.20154309190550565,-0.1663437475068203,0.035199344398685356,0.0478911840388186
0.30000000000000004,0.004067886449374392,0.03157253087717393,-0.20322270987860636,0.09509737360160075,0.0032746752813266333,0.0012610772630461398,0.022504367256725978,0.2924709105619702,-0.5338773631962108,0.334324998550439,0.007819919088980491,0.003336955830057772,0.004067886449374392,0.03157253087717393,-0.20322270987860636,0.09509737360160075,0.0032746752813266333,0.0012610772630461398,0.022504367256725978,0.2924709105619702,-0.5338773631962108,0.334324998550439,0.007819919088980491,0.003336955830057772,0.0069011743455429835,0.1841468015722495,-0.5359194591634852,0.2984572516448103,0.0,0.0,0.057432496602886116,1.2252493482831877,-2.1032098486783117,0.48813512725744634,0.2546791968299719,0.10611633201248834,0.002833287896168592,0.15257427069507556,-0.3326967492848788,0.20335987804320954,-0.0032746752813266333,-0.0012610772630461398,0.002135587892428935,0.10101037174003445,-0.14998444492549104,0.10796495013062184,0.003926031347629929,0.0016695477961283277,0.008047717401456473,0.259651275083722,-0.6444951235429319,0.3766188017732709,0.0038511663444552023,0.0016356016191833268,fuzzy-pid,0.4187381238852904,0.21065996587630903,0.04659517864431431,0.6397925990065473,0.1707543717814404,0.7598185241307287,1.4797796364444564,1.4500000000000002,2.3838176884867197,1.5,0.02,0.03,2.9345226386442684,2.882400843894543,-0.052121794749725225,0.01193737072253987,0.019892266556196362,0.007954895833656493,-0.1907555556015823,-0.1538258099261902,0.03692974567539212,0.06437210553730516
0.35000000000000003,0.006660036203604225,0.046232407711919166,-0.22990285984542558,0.11181969149068527,0.0036501564172053413,0.0014346176960660095,0.03083736219586794,0.29358923909734685,-0.5332685615570649,0.3344081842886479,0.004466893784105248,0.0018810941050162438,0.006660036203604225,0.046232407711919166,-0.22990285984542558,0.11181969149068527,0.0036501564172053413,0.0014346176960660095,0.03083736219586794,0.29358923909734685,-0.5332685615570649,0.3344081842886479,0.004466893784105248,0.0018810941050162438,0.010063212699310736,0.23464656489304317,-0.6400469669948095,0.3568307934458276,0.0,0.0,0.06880319840407205,1.2090432655801968,-2.054121565704799,0.48619311457859443,0.25366597282361447,0.1056941553431727,0.0034031764957065114,0.188414157181124,-0.4101441071493839,0.2450111019551423,-0.0036501564172053413,-0.0014346176960660095,0.0027262858524819303,0.13011358266708603,-0.15931659875384244,0.14199405782607935,0.004035264687652975,0.0017161890202303915,0.01160405326420862,0.3384829294410274,-0.7606464551972218,0.46827333889724787,0.0039892401018535315,0.0016960421699686251,fuzzy-pid,0.5135907774843474,0.25000059358184623,0.045743077982312065,0.7822578452935808,0.20209672596458778,0.8758552149449766,1.6188814687622934,1.4500000000000002,2.911357630568431,1.5,0.025304861345788614,0.036631076682235766,2.9326206329045386,2.856251429296161,-0.0763692036083774,0.019531648369901997,0.028744035948339436,0.00921238757843744,-0.17991040336469932,-0.1388432333162281,0.04106717004847121,0.08719882912323539
0.4,0.009880181165299096,0.06095018981955658,-0.25654984837079065,0.12854763281512227,0.0038710089618829713,0.0015399530446367216,0.038308271348164134,0.29473013852561153,-0.5326027337515522,0.3344981718909065,0.002627365582519301,0.0010309768549099365,0.009880181165299096,0.06095018981955658,-0.25654984837079065,0.12854763281512227,0.0038710089618829713,0.0015399530446367216,0.038308271348164134,0.29473013852561153,-0.5326027337515522,0.3344981718909065,0.002627365582519301,0.0010309768549099365,0.013750786201690556,0.28409285112666455,-0.7406321854049206,0.41342568415717956,0.0,0.0,0.0783339192540573,1.1667788505766534,-1.9629646601949018,0.4742091895728158,0.24741349021190384,0.10308895425495994,0.00387060503639146,0.22314266130710797,-0.48408233703412995,0.2848780513420573,-0.0038710089618829713,-0.0015399530446367216,0.0031039904811249095,0.15060368884540645,-0.15794811341704657,0.15794811341704657,0.00420468667747618,0.0017840864291319707,0.015542095828163755,0.4106431373393101,-0.8640968379157807,0.5455986829049816,0.004150825033570518,0.0017620753643411344,fuzzy-pid,0.604413929529426,0.2694571974715125,0.02600817309560231,0.8225104810164081,0.2109523058236098,0.8831171392376939,1.6218618987294897,1.4500000000000002,3.0,1.5,0.0425104810164081,0.058138101270510126,2.930336047347534,2.8266472022834623,-0.10368884506407161,0.028953193146539817,0.03887107134454517,0.009917878198005353,-0.16892151742874065,-0.12195417260258598,0.04696734482615467,0.11426142121770776
0.45,0.013567908317003052,0.07572623328784411,-0.2831622910283076,0.1452813154319812,0.004053259194175318,0.0016251274732743681,0.0438708361497397,0.2958953671401862,-0.5318837910607495,0.33459918257925353,0.002168137026004045,0.000773418526911484,0.013567908317003052,0.07572623328784411,-0.2831622910283076,0.1452813154319812,0.004053259194175318,0.0016251274732743681,0.0438708361497397,0.2958953671401862,-0.5318837910607495,0.33459918257925353,0.002168137026004045,0.000773418526911484,0.017854562901554696,0.3314516262984754,-0.8357675235547627,0.46718119540333347,0.0,0.0,0.08534533069261097,1.1020423265934867,-1.8372032921844998,0.45309207054920003,0.23639586289523476,0.09849827620634781,0.004286654584551644,0.2557253930106313,-0.5526052325264551,0.3218998799713523,-0.004053259194175318,-0.0016251274732743681,0.0034065653840999657,0.15580069100481453,-0.15580069100481453,0.15580069100481453,0.004239547537857407,0.0017969525215055459,0.019831370171281937,0.46810002231229497,-0.9597003703986281,0.6036360855323564,0.0042173669117856845,0.001788233232214443,fuzzy-pid,0.6887851607929407,0.26991549314950325,0.006026990116619984,0.8344406055288082,0.2135769332163378,0.8741695458533938,1.6069492430889898,1.4500000000000002,3.0,1.5,0.05444060552880815,0.07305075691101019,2.927663158439444,2.794736806711452,-0.13292635172799194,0.03972470296219868,0.04990410712194538,0.010179404159746698,-0.15770616881774202,-0.10384600077345113,0.05386016804429089,0.14378439746551275
0.5,0.01764743612669717,0.09056158367561729,-0.3097372780523395,0.16202127545250855,0.004160146055475877,0.0016776176410173704,0.048531870303937165,0.29706979423594426,-0.5311496791145955,0.3347057528559532,0.001271582120132591,0.0003644531253677108,0.01764743612669717,0.09056158367561729,-0.3097372780523395,0.16202127545250855,0.004160146055475877,0.0016776176410173704,0.048531870303937165,0.29706979423594426,-0.5311496791145955,0.3347057528559532,0.001271582120132591,0.0003644531253677108,0.022233572009791362,0.3758136646667756,-0.9238741400683218,0.5171989304778828,0.0,0.0,0.08925651883818111,1.0177487912406042,-1.6827171242761683,0.42347785786798,0.22094496932242427,0.09206040388434346,0.004586135883094193,0.28525208099115834,-0.6141368620159823,0.35517765502537424,-0.004160146055475877,-0.0016776176410173704,0.0036300152645695866,0.1557460838363207,-0.1557460838363207,0.1557460838363207,0.004135372199008501,0.0017521148142387974,0.024355532998591195,0.515694816955396,-1.0496402605281387,0.6556177821187417,0.004155870877202796,0.001761144418732709,fuzzy-pid,0.7646732344501397,0.26982193408138316,0.00026784062210922284,0.8347439786871073,0.2136436753111636,0.8739420159846695,1.6065700266411158,1.4500000000000002,3.0,1.5,0.054743978687107245,0.07342997335888406,2.924589707162104,2.761808265058435,-0.16278144210366907,0.05161686854676079,0.06141498306342379,0.009798114516663,-0.14628291093942772,-0.08528181788361981,0.061001093055807906,0.174111844213526
0.55,0.022016564311515996,0.10545647049286266,-0.33627371270025597,0.17876762941483548,0.004157361478241306,0.001683971365785908,0.05197708458766326,0.29825306612361685,-0.5304011697552127,0.3348183022732059,-3.31175422196857e-05,-0.00019302046130321017,0.022016564311515996,0.10545647049286266,-0.33627371270025597,0.17876762941483548,0.004157361478241306,0.001683971365785908,0.05197708458766326,0.29825306612361685,-0.5304011697552127,0.3348183022732059,-3.31175422196857e-05,-0.00019302046130321017,0.026721093220854784,0.4163816870674725,-1.003646796462265,0.5627116454521905,0.0,0.0,0.08962702128430595,0.9166384954145215,-1.5046792918338678,0.38598806523296825,0.20138507751285303,0.08391044896368875,0.004704528909338788,0.3109252165746098,-0.6673730837620091,0.38394401603735506,-0.004157361478241306,-0.001683971365785908,0.0037088996924730987,0.15575724559191154,-0.15575724559191154,0.15575724559191154,0.003946777390814381,0.0016715650998225498,0.02891137793464371,0.558027903733387,-1.1319630966726673,0.7027561138127619,0.003999050762411485,0.0016939599295500898,fuzzy-pid,0.8303713522811074,0.26983899974192305,0.0002205737189684885,0.834681968933825,0.2136300331654415,0.8739885232996313,1.6066475388327188,1.4500000000000002,3.0,1.5,0.054681968933824876,0.0733524611672811,2.9211072877901993,2.72920441657735,-0.1919028712128492,0.06432313989766715,0.07294468770532424,0.008621547807657087,-0.1346756235209594,-0.06704882750371192,0.06762679601724748,0.2036527107747243
0.6000000000000001,0.026507305141257653,0.12041095665390777,-0.36277099087075415,0.1955203897042468,0.004054250193963327,0.001648092572745341,0.05342384239837131,0.29944991550579586,-0.5296287708971839,0.3349412858251704,-0.0012266489221701966,-0.0006851646679351266,0.026507305141257653,0.12041095665390777,-0.36277099087075415,0.1955203897042468,0.004054250193963327,0.001648092572745341,0.05342384239837131,0.29944991550579586,-0.5296287708971839,0.3349412858251704,-0.0012266489221701966,-0.0006851646679351266,0.03113309501851275,0.452473407118718,-1.0740327371868925,0.6030735807410328,0.0,0.0,0.08621566910783923,0.8015891281260171,-1.3080889379330831,0.3414162657336872,0.17813022560018463,0.07422092733341028,0.004625789877255097,0.3320624504648102,-0.7112617463161384,0.407553191036786,-0.004054250193963327,-0.001648092572745341,0.0036308633153648924,0.15575521016209118,-0.15575521016209118,0.15575521016209118,0.003679812729451692,0.0015578797375779196,0.033300813234069165,0.5956784388939536,-1.2053317346799046,0.7448106216305335,0.0037596222376916405,0.0015918997855709621,fuzzy-pid,0.8844766234284523,0.2698299606369297,0.0003004939218703485,0.8346932768772712,0.21363252091299967,0.8739800423420465,1.606633403903411,1.4500000000000002,3.0,1.5,0.05469327687727123,0.07336659609658902,2.9172185735313096,2.698240980918635,-0.2189775926126747,0.07734571906812164,0.08403174440155889,0.006686025333437248,-0.12287941419219092,-0.04990887439811434,0.07297053979407658,0.23091251304128324
0.65,0.030932063491691864,0.13542529343095033,-0.3892280932492609,0.21227970082342118,0.0038623525112266854,0.001574892948494444,0.052638885515144965,0.3006594333070886,-0.5288331121007352,0.33507609664430055,-0.0022828924513441026,-0.0011044040161501082,0.030932063491691864,0.13542529343095033,-0.3892280932492609,0.21227970082342118,0.0038623525112266854,0.001574892948494444,0.052638885515144965,0.3006594333070886,-0.5288331121007352,0.33507609664430055,-0.0022828924513441026,-0.0011044040161501082,0.035279864026936815,0.4835355812784031,-1.1342331273486252,0.6377663345322491,0.0,0.0,0.07904759036795625,0.6758498246057443,-1.0981639480482916,0.290877049139381,0.15176193868141616,0.06323414111725674,0.004347800535244951,0.3481102878474528,-0.7450050340993644,0.4254866337088279,-0.0038623525112266854,-0.001574892948494444,0.003387867530353003,0.1555616146729152,-0.1555616146729152,0.1555616146729152,0.0033243659737178712,0.0014068276022020532,0.037326001976484655,0.6282425066869771,-1.2686789901861315,0.7811986173115065,0.0034331800397113133,0.0014530956480442805,fuzzy-pid,0.9258987256864091,0.26948609629880055,0.0005662541263290709,0.8320916390454107,0.21306016058999036,0.8717133423405297,1.603883014658996,1.4449014052604905,3.0,1.4888757932956156,0.054687287276433655,0.07335910909554207,2.912936567074115,2.6701271699072926,-0.24280939716682237,0.09013188651299495,0.0942408262726388,0.004108939759643854,-0.1108864640248048,-0.0345514042396155,0.0763350597851893,0.25455908565767693
0.7000000000000001,0.03509657353625428,0.1504997149429994,-0.41564391406296153,0.22904571513362715,0.003582823056382356,0.0014648654400923888,0.04954285630987093,0.3018791518114192,-0.5280180470158881,0.33522286477830227,-0.0033254007438366525,-0.0015046245144035063,0.03509657353625428,0.1504997149429994,-0.41564391406296153,0.22904571513362715,0.003582823056382356,0.0014648654400923888,0.04954285630987093,0.3018791518114192,-0.5280180470158881,0.33522286477830227,-0.0033254007438366525,-0.0015046245144035063,0.038980933364788306,0.5091669442361645,-1.1837229717954751,0.6664180340830165,0.0,0.0,0.06847681838385815,0.5432493337302412,-0.8807017075754824,0.23592884442151926,0.12309331013296652,0.05128887922206939,0.003884359828534023,0.3586672292931651,-0.7680790577325136,0.4373723189493893,-0.003582823056382356,-0.0014648654400923888,0.0028753660462217554,0.15172791855364176,-0.15172791855364176,0.15172791855364176,0.0026509723363145974,0.001122233337492799,0.040723725052378715,0.652731773764099,-1.3187579153083706,0.8089091188053703,0.0028465242621637764,0.0012049489151306693,fuzzy-pid,0.9538931996729805,0.26283195885917887,0.006699909586138777,0.780201918464709,0.20164442206223598,0.8266796544871358,1.5492764655121791,1.3434222007354224,3.0,1.267466619786376,0.054459707181221215,0.07307463397652653,2.9082841407797155,2.6458887475285873,-0.26239539325112826,0.10211273810575078,0.10319148519363158,0.0010787470878808048,-0.09869630932293133,-0.021549070692055944,0.07714723863087539,0.27350356948870536
0.75,0.038761658687977985,0.16563458486759108,-0.44201627251153885,0.24581855942622344,0.003103255595459764,0.001270849939817964,0.04360147647890593,0.3031032666625919,-0.5272119393366138,0.33538053994820066,-0.005705144250178883,-0.0024482861399555654,0.038761658687977985,0.16563458486759108,-0.44201627251153885,0.24581855942622344,0.003103255595459764,0.001270849939817964,0.04360147647890593,0.3031032666625919,-0.5272119393366138,0.33538053994820066,-0.005705144250178883,-0.0024482861399555654,0.04208272746932198,0.5291495021887317,-1.2222898745878996,0.6888354121018765,0.0,0.0,0.05522990793465933,0.40841466042412033,-0.6624831997073916,0.17867641183592245,0.0932224757404813,0.03884269822520054,0.003321068781343993,0.3635149173211406,-0.7802736020763608,0.44301685267565305,-0.003103255595459764,-0.001270849939817964,0.002232044642080014,0.14530665335320056,-0.14530665335320056,0.14530665335320056,0.0018723125613696143,0.0007933963346754367,0.043417010346646176,0.6690250600974739,-1.3553868747829179,0.8278338287926504,0.002115865486568155,0.0008962844797892448,fuzzy-pid,0.9681199283764211,0.25169661813675037,0.011172566740537185,0.6799812129449566,0.17959586684789045,0.7459663118024621,1.4527247221231752,1.1549971908376895,3.0,0.8563575072822314,0.050164461245769176,0.06770557655721146,2.9032962385258068,2.6262934161151508,-0.277002822410656,0.11259297256143047,0.1105868792908628,-0.002006093270567666,-0.08638625315624464,-0.011316177477215916,0.07507007567902872,0.2870019238544138
0.8,0.04179378963142577,0.18082982188333485,-0.4683459191615591,0.26259838538749314,0.0024601469602858472,0.0010084029450578846,0.036071572800190015,0.3043335431632664,-0.5263796402733446,0.335547110271957,-0.0076507045958963925,-0.0032083072029288192,0.04179378963142577,0.18082982188333485,-0.4683459191615591,0.26259838538749314,0.0024601469602858472,0.0010084029450578846,0.036071572800190015,0.3043335431632664,-0.5263796402733446,0.335547110271957,-0.0076507045958963925,-0.0032083072029288192,0.04447763296473693,0.5434889976034428,-1.2500954003730402,0.7050495804506266,0.0,0.0,0.0404175791244035,0.2770319134448585,-0.4517823015947883,0.12185997283005782,0.06357911625916059,0.026491298441316917,0.0026838433333111616,0.362659175720108,-0.7817494812114811,0.44245119506313346,-0.0024601469602858472,-0.0010084029450578846,0.0016272719744443928,0.13962611667150757,-0.13962611667150757,0.13962611667150757,0.0012805193117504787,0.0005427964392086694,0.04543293129104754,0.6795926007305813,-1.3811378564791403,0.8404652300397633,0.0014893558554548978,0.0006311684493538134,fuzzy-pid,0.968726618471799,0.24184900194554726,0.009878474604593604,0.5814850639848073,0.1579267140766576,0.6706580483123981,1.3635497589858037,0.974669264759455,3.0,0.4629147594751746,0.0434716201072666,0.05933952513408325,2.898006402043977,2.6117783853307714,-0.2862280167132054,0.12118923939279141,0.11624238306493809,-0.004946856327853327,-0.0739356917318447,-0.004070103364831962,0.06986558836701273,0.29467295324982284
0.8500000000000001,0.044164041084579164,0.19608526894461376,-0.4946334380198265,0.2793853392622272,0.0018278496644192899,0.0007505453619471858,0.028197561174004338,0.30557071961530663,-0.525489493563669,0.33572126885462344,-0.007522089031830764,-0.0031065058073487914,0.044164041084579164,0.19608526894461376,-0.4946334380198265,0.2793853392622272,0.0018278496644192899,0.0007505453619471858,0.028197561174004338,0.30557071961530663,-0.525489493563669,0.33572126885462344,-0.007522089031830764,-0.0031065058073487914,0.04612269579039145,0.5524666460107694,-1.2677655378401895,0.7153772686182485,0.0,0.0,0.025507819750196458,0.15617571784848946,-0.2590260378094463,0.06894115293648005,0.03596929718425046,0.014987207160104354,0.0019586547058122877,0.3563813770661557,-0.773132099820363,0.43599192935602127,-0.0018278496644192899,-0.0007505453619471858,0.001121319811734202,0.13775544107984217,-0.13775544107984217,0.13775544107984217,0.0009714356432132688,0.0004106019381069177,0.046791244524356124,0.687564715500604,-1.399425198309809,0.8499658397835088,0.001100915696273676,0.0004657435659186416,fuzzy-pid,0.9564714490442418,0.23860438864485764,0.003296555353545145,0.5383512073770671,0.14843726562295476,0.6416103980457709,1.3300929420250946,0.9004518504795915,3.0,0.30098585559183605,0.038121174405638635,0.052651468007048285,2.8924373885595456,2.6023799599082045,-0.2900574286513411,0.12782484032485045,0.1201139642383849,-0.0077108760864655485,-0.0612269748891187,0.00020418332639721148,0.06143115821551591,0.2965915654996757
0.9,0.04587519534990836,0.21140094882991445,-0.52087770939821,0.29617964817341225,0.0013543818727153045,0.000559129060002661,0.020356649058684163,0.30681029800217574,-0.5245508919243248,0.335902719860755,-0.005632582884196444,-0.002272683776105615,0.04587519534990836,0.21140094882991445,-0.52087770939821,0.29617964817341225,0.0013543818727153045,0.000559129060002661,0.020356649058684163,0.30681029800217574,-0.5245508919243248,0.335902719860755,-0.005632582884196444,-0.002272683776105615,0.047056072383547906,0.5567051678909676,-1.2765182336487226,0.7205000208162894,0.0,0.0,0.012264733960463774,0.0547158880570093,-0.097612898058976,0.024196193704938813,0.012624101063446339,0.005260042109769307,0.0011808770336395463,0.34530421906105313,-0.7556405242505126,0.42432037264287714,-0.0013543818727153045,-0.000559129060002661,0.0006533629006927581,0.1380327840382178,-0.1380327840382178,0.1380327840382178,0.0007422346115154425,0.0003117681221521875,0.047479887594269535,0.6929446428220402,-1.4107695628426575,0.8563910635867575,0.0008319048827050008,0.000350261983093801,fuzzy-pid,0.9328874131838605,0.2390820432460045,0.0007155712797343334,0.5364845331210122,0.14802659728662268,0.6426366001592408,1.3318943335987348,0.9,3.0,0.3,0.03648453312101218,0.05060566640126522,2.8866024375468724,2.5976649623126162,-0.28893747523425617,0.13251642551974765,0.12232621174035666,-0.010190213779391,-0.048157262410738866,0.0017864568544450066,0.04994371926518387,0.2933991822511705
0.9500000000000001,0.046920366020582804,0.22677706699210276,-0.5470762063797316,0.3129816486939916,0.0010140814444614676,0.0004232802167636329,0.012433813205970078,0.3080429110360393,-0.5236073539944931,0.33608857744465587,-0.004048364647513211,-0.0015700994493883847,0.046920366020582804,0.22677706699210276,-0.5470762063797316,0.3129816486939916,0.0010140814444614676,0.0004232802167636329,0.012433813205970078,0.3080429110360393,-0.5236073539944931,0.33608857744465587,-0.004048364647513211,-0.0015700994493883847,0.047409903896163307,0.557251782315575,-1.2783343075265576,0.7215635222714621,0.0,0.0,0.002670646067639746,-0.016238273346896506,0.015197188238955307,-0.007183459571836064,-0.003747891950523164,-0.0015616216460513184,0.0004895378755805022,0.3304747153234723,-0.731258101146826,0.40858187357747056,-0.0010140814444614676,-0.0004232802167636329,0.0002477242345081049,0.13808196598125436,-0.13808196598125436,0.13808196598125436,0.0004926302717713686,0.0002043394736169519,0.047613192996570936,0.694736471928132,-1.4150045958415234,0.8588318820862267,0.0005774489245047767,0.0002408201009861642,fuzzy-pid,0.9004957204516395,0.23916570363295478,0.0004956234044229522,0.5379456098301084,0.14834803416262385,0.6435301479013208,1.332898993294456,0.9024047151662552,3.0,0.30524665127182943,0.036721391200014775,0.05090173900001846,2.8805094522187535,2.596663787658618,-0.2838456645601357,0.13525382709650394,0.12319989988823613,-0.012053927208267812,-0.034742903199820624,0.0012503927352854605,0.035993295935106084,0.28637244246435345
1.0,0.047371619175635704,0.2422136005732245,-0.573227866291965,0.3297917174157097,0.0007296934859275517,0.0003107008056018046,0.005368307373743279,0.30926293983242864,-0.5226711708003262,0.3362728588386226,-0.003383204878115792,-0.0012643587488981025,0.047371619175635704,0.2422136005732245,-0.573227866291965,0.3297917174157097,0.0007296934859275517,0.0003107008056018046,0.005368307373743279,0.30926293983242864,-0.5226711708003262,0.3362728588386226,-0.003383204878115792,-0.0012643587488981025,0.047419481100695014,0.5556773082967995,-1.2761692441172603,0.7202956744358389,0.0,0.0,-0.0011384427800529859,-0.043005857460228655,0.05761168585580004,-0.01901649416525027,-0.00992164912969579,-0.004134020470706578,4.786192505931014e-05,0.313463707723575,-0.7029413778252953,0.3905039570201292,-0.0007296934859275517,-0.0003107008056018046,-2.4314591143952417e-08,0.1397698103205569,-0.1397698103205569,0.1397698103205569,0.00032558452711556167,0.00013124871070958888,0.04746789083872063,0.6952694569450503,-1.4157054397887436,0.8597570840888535,0.00038855062646286545,0.0001586415582787327,fuzzy-pid,0.8630643362145444,0.24208866735690523,0.0029395716397389916,0.5605917477310691,0.1533301845008352,0.6632778675634342,1.3568642422355572,0.9468064243933073,3.0,0.40212310776721577,0.0367630225853854,0.05095377823173174,2.8741515948824343,2.597804870393825,-0.2763467244886093,0.1362551521039291,0.12327897480590685,-0.012976177298022251,-0.021040162382717633,-0.0005104225497688519,0.02052973983294878,0.2774119022869452
1.05,0.047434322990082656,0.2577102328254939,-0.5993330809402719,0.34661015264369865,0.0005075000666918683,0.0002238872944504422,0.0007459523349240431,0.31046986930044035,-0.5217220373197162,0.33645037742192235,-0.002643310942396283,-0.0009502690478946566,0.047434322990082656,0.2577102328254939,-0.5993330809402719,0.34661015264369865,0.0005075000666918683,0.0002238872944504422,0.0007459523349240431,0.31046986930044035,-0.5217220373197162,0.33645037742192235,-0.002643310942396283,-0.0009502690478946566,0.04735828605892696,0.5537274675407461,-1.2733189798977236,0.7186270217430384,0.0,0.0,-0.0013091735407992468,-0.04244837908901326,0.056388599757123424,-0.018759147852904813,-0.00978738148847208,-0.004078075620196699,-7.603693115569576e-05,0.2960172347152522,-0.6739858989574516,0.37201686909933973,-0.0005075000666918683,-0.0002238872944504422,-6.644418834525979e-05,0.1394685443821978,-0.1419411073767258,0.1419411073767258,0.00021207125419323909,8.046962650568317e-05,0.047335854112616434,0.6937143731784705,-1.415371425403023,0.8603653678620364,0.0002561910972606457,0.00010001260944894555,fuzzy-pid,0.8247909187181183,0.2444301263411679,0.003088640211488289,0.594579808449437,0.16080755785887615,0.6906098238928821,1.389550361303916,1.0106584046735778,3.0,0.5414365192878062,0.03824462061561547,0.05280577576951933,2.8675006804955063,2.599312178475455,-0.2681885020200512,0.13612005949500813,0.12319108142869979,-0.012928978066308341,-0.007050364901591795,-0.00250982697929919,0.004540537922292605,0.26853835400966813
1.1,0.04737018809167459,0.27326745357936133,-0.625388946016435,0.36343635946945607,0.00034381737516531174,0.00015947252937520418,-0.000762977227974931,0.311651454737667,-0.5208226190096643,0.33662424505696725,-0.0019472343711691013,-0.0006186696572818694,0.04737018809167459,0.27326745357936133,-0.625388946016435,0.36343635946945607,0.00034381737516531174,0.00015947252937520418,-0.000762977227974931,0.311651454737667,-0.5208226190096643,0.33662424505696725,-0.0019472343711691013,-0.0006186696572818694,0.04728858275221472,0.551798134267649,-1.2705314067713591,0.7169955572767542,0.0,0.0,-0.0014787640178311608,-0.041837601683003794,0.05510415843659817,-0.018478812012996365,-0.009641119311128538,-0.004017133046303558,-8.160533945987536e-05,0.2785306806882877,-0.6451424607549241,0.35355919780729816,-0.00034381737516531174,-0.00015947252937520418,-6.688356684030969e-05,0.13271008964610942,-0.14388290331894982,0.14388290331894982,0.00011923712402381426,3.903035806331142e-05,0.04725023791718491,0.6868097612299364,-1.4146535889184872,0.8607501874122871,0.00015347561733302213,5.427592090971995e-05,fuzzy-pid,0.7866335814145277,0.24293325800130994,0.007295765139036316,0.6246327021993505,0.16741919448385711,0.7149167803567754,1.4186505976059145,1.0672861952823263,3.0,0.6649880624341665,0.039468820964711576,0.05433602620588946,2.8605198708825386,2.6007831946411977,-0.2597366762413409,0.13560480894664997,0.12307910858067612,-0.01252570036597385,0.007225120409395562,-0.004524483012935482,-0.011749603422331044,0.26030383657399164
1.1500000000000001,0.04729206196121627,0.2888830638242954,-0.6514002321661412,0.3802720884689097,0.0002198440235163801,0.00011447745252013419,-0.0009294230342682595,0.3128431309434698,-0.5197989165179995,0.3367888641786792,-0.0014748431671485521,-0.00047359392238989116,0.04729206196121627,0.2888830638242954,-0.6514002321661412,0.3802720884689097,0.0002198440235163801,0.00011447745252013419,-0.0009294230342682595,0.3128431309434698,-0.5197989165179995,0.3367888641786792,-0.0014748431671485521,-0.00047359392238989116,0.04721042958577881,0.5498918732132807,-1.26780957440404,0.7154030303932148,0.0,0.0,-0.0016471588276479614,-0.04117383150074182,0.05375909878191657,-0.018175659004470504,-0.009482952524071567,-0.003951230218363152,-8.163237543745705e-05,0.2610088093889853,-0.6164093422378989,0.33513094192430515,-0.0002198440235163801,-0.00011447745252013419,-6.521552497800806e-05,0.12539717987679372,-0.1456768823423451,0.1456768823423451,4.679991196415305e-05,5.113059676102842e-06,0.047171470024896835,0.6781692301250399,-1.4137782397894108,0.8609974814047416,7.346883830637032e-05,1.740377498450712e-05,fuzzy-pid,0.7485979509137154,0.2411803625680659,0.0077409153904497725,0.6458786438109646,0.17209330163841222,0.734784888204592,1.443042973287224,1.1105640199660405,3.0,0.7594124071986339,0.03868241546461665,0.0533530193307708,2.85319062768337,2.6022164671756958,-0.25097416050767407,0.1350339525375212,0.12294311041091151,-0.0120908421266097,0.021756195494685864,-0.006551030745721581,-0.028307226240407445,0.2528547345083496
1.2000000000000002,0.04721351783777994,0.3045575709423818,-0.6773624477109323,0.3971159688866073,0.0001245070158324424,7.953005211058795e-05,-0.0009343956856256086,0.3140152849317413,-0.5188264848555169,0.3369545367636633,-0.0011341710020041048,-0.0003515052053870779,0.04721351783777994,0.3045575709423818,-0.6773624477109323,0.3971159688866073,0.0001245070158324424,7.953005211058795e-05,-0.0009343956856256086,0.3140152849317413,-0.5188264848555169,0.3369545367636633,-0.0011341710020041048,-0.0003515052053870779,0.04712388769568157,0.5480112367487303,-1.2651564936312483,0.7138511668037365,0.0,0.0,-0.0018143041129973637,-0.040457450967187635,0.0523542376010297,-0.0178498916251173,-0.009312986934843805,-0.003880411222851586,-8.963014209836806e-05,0.24345366580634853,-0.5877940459203159,0.31673519791712923,-0.0001245070158324424,-7.953005211058795e-05,-6.911980906550456e-05,0.11743490849874016,-0.1470269607432802,0.1470269607432802,-6.112442615391629e-06,-1.95547485195899e-05,0.04708394342118626,0.6686269164668628,-1.412582150728249,0.8609079660114479,1.3782877615048858e-05,-1.0315117643565646e-05,fuzzy-pid,0.7106987711218553,0.23879869619036392,0.008188199578452906,0.6608067749323612,0.17537749048511947,0.7493156751754192,1.4609941461754536,1.1416624527606145,3.0,0.8272635332958858,0.03777861716332104,0.05222327145415129,2.8455106641886143,2.603610581611998,-0.24190008257661644,0.1344464822970651,0.12278315268691402,-0.011663329610151082,0.03653744134607528,-0.008586090440542371,-0.045123531786617654,0.24634897265681213
1.25,0.047129123230882364,0.3202903518081497,-0.7032763462306906,0.413968225399576,5.239032347770234e-05,5.4138102475231875e-05,-0.0010039956258367725,0.3151769884845624,-0.5178545551588808,0.33712431866224796,-0.0008579318141244313,-0.00023810341360786476,0.047129123230882364,0.3202903518081497,-0.7032763462306906,0.413968225399576,5.239032347770234e-05,5.4138102475231875e-05,-0.0010039956258367725,0.3151769884845624,-0.5178545551588808,0.33712431866224796,-0.0008579318141244313,-0.00023810341360786476,0.04702902087359432,0.5461587610833193,-1.2625751323909984,0.712341666354794,0.0,0.0,-0.0019801474993460053,-0.03968892010709762,0.05089047444486654,-0.01750174357673425,-0.009131344474817867,-0.0038047268645074444,-0.00010010235728804412,0.2258684092751696,-0.5592987861603078,0.298373440955218,-5.239032347770234e-05,-5.4138102475231875e-05,-7.507369263017689e-05,0.1090326188481446,-0.14806914051879563,0.14600431914903983,-4.372743365818859e-05,-3.7769016528802026e-05,0.04698644624101968,0.6585502640653136,-1.4111287423644079,0.8589864806307372,-2.934985583987923e-05,-3.090554180749293e-05,fuzzy-pid,0.6729475436261791,0.23479747130597614,0.008528316831773377,0.6706296357161592,0.17753851985755503,0.7598572704286435,1.474201086008002,1.1633103812498233,3.0,0.8744953772723416,0.036580714352612814,0.050725892940766015,2.8374789369391604,2.6049641621274695,-0.23251477481169092,0.13382699262388803,0.12259931276281949,-0.01122767986106854,0.05155753312336253,-0.010626268164617064,-0.062183801287979595,0.2409481405684985
1.3,0.0470361946352198,0.33608087285000776,-0.729141697652016,0.4308289954490272,-8.484747198167497e-07,3.663685532551142e-05,-0.0011055197352227944,0.3163273875561213,-0.5168779410826051,0.3372962481494285,-0.0006333519968038239,-0.00014525223885897585,0.0470361946352198,0.33608087285000776,-0.729141697652016,0.4308289954490272,-8.484747198167497e-07,3.663685532551142e-05,-0.0011055197352227944,0.3163273875561213,-0.5168779410826051,0.3372962481494285,-0.0006333519968038239,-0.00014525223885897585,0.04692589549379118,0.5443369624204413,-1.2600684115188339,0.7108762007308242,0.0,0.0,-0.0021446380493797394,-0.038868777859248124,0.049368794297064186,-0.01713147988993437,-0.008938163420835324,-0.003724234758681385,-0.00011029914142862002,0.2082560895704335,-0.5309267138668179,0.28004720528179705,8.484747198167497e-07,-3.663685532551142e-05,-8.126132021938023e-05,0.10037775832934148,-0.14897973352316313,0.13737527609693387,-7.009492807807504e-05,-5.1306002555798224e-05,0.04688008719043377,0.6481736065786654,-1.4095682943725998,0.850935227778503,-5.990866001852609e-05,-4.62058873687219e-05,fuzzy-pid,0.6353583437994743,0.22614737672494056,0.012255492278816298,0.6762002050543857,0.17876404511196486,0.7678719126937122,1.484588838294578,1.1780486517944524,3.0,0.9066516039151686,0.03464816414084621,0.04831020517605776,2.8290943654767315,2.6062758729015614,-0.22281849257517017,0.13316805486553077,0.12239167954198385,-0.010776375323546916,0.06680738871260761,-0.012668161449667231,-0.07947555016227484,0.23681337371901398
1.35,0.04693451849441477,0.3519285498153262,-0.7549582528691641,0.44769838291171915,-3.931528856115918e-05,2.5223745514502127e-05,-0.0012095844059701025,0.3174653596962852,-0.5158978460997442,0.33746996234445714,-0.00045761790241628385,-7.40492644979456e-05,0.04693451849441477,0.3519285498153262,-0.7549582528691641,0.44769838291171915,-3.931528856115918e-05,2.5223745514502127e-05,-0.0012095844059701025,0.3174653596962852,-0.5158978460997442,0.33746996234445714,-0.00045761790241628385,-7.40492644979456e-05,0.046814580442462894,0.5425483330722463,-1.2576392004122923,0.7094564110836444,0.0,0.0,-0.0023077262157294937,-0.03799764325569586,0.047790270099802926,-0.016739397302650554,-0.008733598592687245,-0.0036389994136196858,-0.00011993805195187335,0.19061978325692008,-0.5026809475431282,0.2617580281719253,3.931528856115918e-05,-2.5223745514502127e-05,-8.747421594091956e-05,0.09165721585990887,-0.1500417719137258,0.12866527973997355,-8.820277743803124e-05,-6.13797197170995e-05,0.04676535146749992,0.6376975633437827,-1.4081528028376633,0.8413250750623392,-8.112924808315495e-05,-5.7586261630005096e-05,fuzzy-pid,0.5979475885654966,0.21787232946775156,0.012370945437456591,0.6773714421114013,0.1790217172645083,0.7751048544062111,1.4946678947307945,1.1878536039436685,3.0,0.9280442267861857,0.03082778919462458,0.043534736493280726,2.820355635439372,2.607544419434104,-0.21281121600526776,0.1324693179894735,0.12216035343399016,-0.010308964555483344,0.08227775691310729,-0.014708364966319637,-0.09698612187942693,0.23409655325326342
1.4000000000000001,0.04682433636591776,0.36783273891209367,-0.78072582829176,0.4645764730956876,-6.654924974380805e-05,1.836916899700114e-05,-0.001310775402263459,0.3185897745762457,-0.514915284539985,0.3376451502933159,-0.00032398689349123067,-2.1196165356230263e-05,0.04682433636591776,0.36783273891209367,-0.78072582829176,0.4645764730956876,-6.654924974380805e-05,1.836916899700114e-05,-0.001310775402263459,0.3185897745762457,-0.514915284539985,0.3376451502933159,-0.00032398689349123067,-2.1196165356230263e-05,0.04669514704943484,0.5407953375397063,-1.2552903125738344,0.7080839055932644,0.0,0.0,-0.0024693637921161635,-0.03707621645016229,0.04615606508459062,-0.01632582458633417,-0.008517821523304785,-0.0035490923013769943,-0.00012918931648292498,0.17296259862761265,-0.47456448428207443,0.24350743249757678,6.654924974380805e-05,-1.836916899700114e-05,-9.361816862219144e-05,0.0827026016857511,-0.15084817280725818,0.11965393613424422,-0.00010026816248208053,-6.884213621502762e-05,0.046642484527484464,0.6270478452550388,-1.4066420647452353,0.8311346500612163,-9.548343388234912e-05,-6.6028167568772e-05,fuzzy-pid,0.5607346978773459,0.2095518540948847,0.01272949134879186,0.6773439383932384,0.17901566644651243,0.7802327630357253,1.5019703278828445,1.1941664899655091,2.9997273429695666,0.9418177962883834,0.027657343420528203,0.03957167927566026,2.8112614426371794,2.6087685498228237,-0.20249289281435567,0.13173174023591572,0.12190544630609146,-0.009826293929824259,0.0979593567106994,-0.016743476203280788,-0.11470283291398019,0.2329306067720897
1.4500000000000002,0.04670589234591249,0.38379273808377645,-0.8064442958064877,0.4814633364391132,-8.539432275922465e-05,1.4894365859774439e-05,-0.001409062522217427,0.3196995192579057,-0.5139311369516729,0.3378215697107906,-0.00022418895024856533,1.752888261208378e-05,0.04670589234591249,0.38379273808377645,-0.8064442958064877,0.4814633364391132,-8.539432275922465e-05,1.4894365859774439e-05,-0.001409062522217427,0.3196995192579057,-0.5139311369516729,0.3378215697107906,-0.00022418895024856533,1.752888261208378e-05,0.04656766902236319,0.539080408565168,-1.2530245010427496,0.7067602569657246,0.0,0.0,-0.002629503863105349,-0.03610527957968473,0.0444674348768862,-0.015891122813854436,-0.00829102059853275,-0.003454591916055313,-0.00013822332354930522,0.15528767048139158,-0.44658020523626196,0.22529692052661143,8.539432275922465e-05,-1.4894365859774439e-05,-9.898765196631465e-05,0.0727412939909686,-0.1503662643796077,0.10921321123258936,-0.00010838366266476943,-7.429725995472669e-05,0.04651213215966877,0.6156282382308622,-1.404203590253077,0.8197637636640396,-0.00010515860546916436,-7.222998685823802e-05,fuzzy-pid,0.523743132967768,0.1995716961103182,0.014438446857120023,0.6618112027418259,0.1755984646032017,0.770994368213617,1.49166109272616,1.1980113064468467,2.9427601042073257,0.9502064867931199,0.02497872872952649,0.03622341091190811,2.8018105484435,2.609947055998818,-0.19186349244468204,0.1309563001542696,0.12162708142911276,-0.009329218725156838,0.11384300755315564,-0.018770101141811463,-0.13261310869496712,0.23341994484798326
1.5,0.046579692161959674,0.3998077886892313,-0.8321135754648381,0.49835903239944646,-9.826682968627765e-05,1.3929695025005628e-05,-0.0015013332831160008,0.32079347650953566,-0.5129462760644297,0.3379989969979641,-0.0001531366509155451,4.5802227699455055e-05,0.046579692161959674,0.3998077886892313,-0.8321135754648381,0.49835903239944646,-9.826682968627765e-05,1.3929695025005628e-05,-0.0015013332831160008,0.32079347650953566,-0.5129462760644297,0.3379989969979641,-0.0001531366509155451,4.5802227699455055e-05,0.04643222238347432,0.5374059431651124,-1.2508444537281465,0.7054869998744968,0.0,0.0,-0.0027881007526611387,-0.03508569744387578,0.04272572934377191,-0.01543568556316622,-0.008053401163391071,-0.0033555838180796133,-0.0001474697784853568,0.13759815447588108,-0.41873087826330835,0.20712796747505036,9.826682968627765e-05,-1.3929695025005628e-05,-0.00010327479208167571,0.061761001748107364,-0.14814511109029108,0.09717901981187385,-0.00011404145041385044,-7.824172139708656e-05,0.04637474373346167,0.6032822682426304,-1.4002930711770976,0.8069404556807879,-0.00011182073917767891,-7.673878776237443e-05,fuzzy-pid,0.48700187580174403,0.1876304531822674,0.016441477086095762,0.6237124725477057,0.16721674396049524,0.7417125230085418,1.456951119489017,1.2001080119363134,2.801717642386677,0.9547811169519562,0.022483624905046525,0.03310453113130815,2.792001752460252,2.611078774918773,-0.18092297754147868,0.13014471936145147,0.12132539341783838,-0.008819325943613093,0.12991948867749417,-0.020784859916038012,-0.15070434859353218,0.2356325635339372
1.55,0.04644620483434103,0.41587707530076035,-0.8577336350073672,0.5152636095927217,-0.00010709437615430417,1.4812393782204225e-05,-0.0015880243709354485,0.3218705495941234,-0.5119615086062732,0.33817725318128933,-0.00010501600549162273,6.611742282558594e-05,0.04644620483434103,0.41587707530076035,-0.8577336350073672,0.5152636095927217,-0.00010709437615430417,1.4812393782204225e-05,-0.0015880243709354485,0.3218705495941234,-0.5119615086062732,0.33817725318128933,-0.00010501600549162273,6.611742282558594e-05,0.04628888540890246,0.5357742986513866,-1.2487527886565795,0.7042656283527838,0.0,0.0,-0.002945109971684201,-0.034018417986506816,0.04093239415452213,-0.014959939050941506,-0.0078051855917955675,-0.0032521606632481526,-0.0001573194254385693,0.11989722335062625,-0.39101915364921225,0.18900201876006217,0.00010709437615430417,-1.4812393782204225e-05,-0.00010672598220308742,0.050445546590819915,-0.14454677079245074,0.08438569647020654,-0.00011786457154248426,-8.101943007197343e-05,0.046230305503389954,0.5904854509923125,-1.3950479373810472,0.7932236075374397,-0.00011635361345128292,-7.994926949457369e-05,fuzzy-pid,0.4505475804186825,0.17481275620724665,0.017454418772412002,0.5693274924825152,0.15525204834615336,0.6971878868689692,1.4035248548023043,1.2009609316193668,2.5981224509528076,0.956642032624073,0.020599180955834902,0.030748976194793626,2.7818339305472053,2.6121625897127503,-0.169671340834455,0.12929861840671505,0.12100052816591338,-0.008298090240801678,0.14617955799779145,-0.022784392449660684,-0.16896395044745213,0.23959557331681933
1.6,0.046305584947590184,0.4319997264293063,-0.8833044884849341,0.5321771072254915,-0.00011312470044444467,1.7052032969644415e-05,-0.0016728764527407592,0.3229296632859826,-0.5109775601342401,0.3383562002389945,-7.173900753443416e-05,8.055635056791916e-05,0.046305584947590184,0.4319997264293063,-0.8833044884849341,0.5321771072254915,-0.00011312470044444467,1.7052032969644415e-05,-0.0016728764527407592,0.3229296632859826,-0.5109775601342401,0.3383562002389945,-7.173900753443416e-05,8.055635056791916e-05,0.046137738570672264,0.5341877886497824,-1.246752049149474,0.7030975931449713,0.0,0.0,-0.003100488164717479,-0.032904472564665,0.039088972024863465,-0.014464342190548648,-0.007546613316807988,-0.0031444222153366626,-0.00016784637691791976,0.10218806222047616,-0.36344756066453976,0.17092048591947984,0.00011312470044444467,-1.7052032969644415e-05,-0.00010941281324217891,0.03932121749531725,-0.13987136565179997,0.07148998855888725,-0.00012027045048094848,-8.283282019403434e-05,0.04607882069392005,0.5777531173569029,-1.3887295454462172,0.7792465881622538,-0.0001192912412235321,-8.211193251916917e-05,fuzzy-pid,0.4144277780032454,0.16192902406975862,0.017660957218792864,0.5049515420239996,0.14108933924527992,0.6418325992709997,1.3365110134004996,1.2009231022000324,2.3529012552251105,0.9565594957091612,0.02,0.03,2.7713060602391124,2.613197430786397,-0.1581086294527152,0.12841874677836268,0.12065264277529077,-0.007766104003071914,0.16261407155864677,-0.024765364059657985,-0.18737943561830475,0.2452951364610333
1.6500000000000001,0.04615788850216518,0.4481748161768291,-0.9088261903981598,0.549099557339094,-0.00011714067603074696,2.0312954955858942e-05,-0.0017570623282559359,0.3239697465643301,-0.5099951538682144,0.33853570093721086,-4.777542050860108e-05,9.095996471586625e-05,0.04615788850216518,0.4481748161768291,-0.9088261903981598,0.549099557339094,-0.00011714067603074696,2.0312954955858942e-05,-0.0017570623282559359,0.3239697465643301,-0.5099951538682144,0.33853570093721086,-4.777542050860108e-05,9.095996471586625e-05,0.04597886448136287,0.5326486791253204,-1.244844698946798,0.7019842990261985,0.0,0.0,-0.003254193055998468,-0.0317449759914479,0.03719710361699688,-0.013949386569018661,-0.0072779408186184336,-0.0030324753410910133,-0.0001790240208023111,0.08447386294849135,-0.33601850854863824,0.15288474168710453,0.00011714067603074696,-2.0312954955858942e-05,-0.00011150300563414904,0.028832004129645622,-0.13464598115579618,0.05909598449071622,-0.00012146945342301972,-8.383858690171973e-05,0.045920226280276547,0.5655487917804503,-1.3818003964385,0.7656218596782495,-0.0001209249003731478,-8.34069233060821e-05,fuzzy-pid,0.3787057723795329,0.1498438997861539,0.017056951187758615,0.43527974874394926,0.12576154472366885,0.5808697801509555,1.262484733040446,1.2002418311109921,2.08626677690975,0.9550730860603465,0.02,0.03,2.760417198364148,2.6141822768765133,-0.14623492148763484,0.12750559450256396,0.12028190548025831,-0.007223689022305649,0.17921387598818722,-0.026724471017641943,-0.20593834700582916,0.25268050323101504
1.7000000000000002,0.046003093974824605,0.4644013650129519,-0.9342988335646165,0.566030985054149,-0.00011960498950802645,2.43592911961521e-05,-0.001841504253707921,0.3249897454798825,-0.5090149922463036,0.338715629497795,-2.9316158567383523e-05,9.852308089364425e-05,0.046003093974824605,0.4644013650129519,-0.9342988335646165,0.566030985054149,-0.00011960498950802645,2.43592911961521e-05,-0.001841504253707921,0.3249897454798825,-0.5090149922463036,0.338715629497795,-2.9316158567383523e-05,9.852308089364425e-05,0.045812347841482345,0.5311591844241559,-1.2430331172949187,0.7009271020998558,0.0,0.0,-0.003406183395034914,-0.03054112633904555,0.03525852806905107,-0.013415596337957544,-0.006999441567630024,-0.0029164339865125097,-0.00019074613334225943,0.06675781941120396,-0.3087342837303022,0.1348961170457068,0.00011960498950802645,-2.43592911961521e-05,-0.00011320118887085841,0.019250918754042265,-0.1151702810580403,0.04762307989015532,-0.00012157565159618552,-8.417043127957049e-05,0.04575441655952775,0.5541947753287612,-1.3641026478743443,0.7528181014120706,-0.0001214129637904261,-8.397955428619839e-05,fuzzy-pid,0.34346830724220634,0.1261062406461178,0.02455051189387149,0.3648260044811504,0.11026172098585309,0.5192227539210066,1.1876276297612223,1.1990906145805091,1.8175449677069242,0.9525613409029288,0.02,0.03,2.7491664859263585,2.6151161560589085,-0.13405032986745002,0.12655945541413505,0.11988849556608198,-0.006670959848053062,0.19596972233929819,-0.028658446059589476,-0.22462816839888766,0.2616711804557497
1.75,0.04584112501427828,0.48067834101987295,-0.9597225467050547,0.5829714092467517,-0.00012078212134269961,2.901292761237073e-05,-0.0019268544879658533,0.3259886291525474,-0.508037748544343,0.33889586901204194,-1.4003273829388561e-05,0.00010393799243502365,0.04584112501427828,0.48067834101987295,-0.9597225467050547,0.5829714092467517,-0.00012078212134269961,2.901292761237073e-05,-0.0019268544879658533,0.3259886291525474,-0.508037748544343,0.33889586901204194,-1.4003273829388561e-05,0.00010393799243502365,0.04563827538957136,0.52972146334245,-1.241319594017741,0.6999273070834688,0.0,0.0,-0.0035564189018754363,-0.029294204490124796,0.033275083129571024,-0.012863528013751754,-0.006711405920218308,-0.002796419133424295,-0.00020284962470692308,0.049043122322577015,-0.2815970473126863,0.11695589783671712,0.00012078212134269961,-2.901292761237073e-05,-0.00011472520678732302,0.010679593729820708,-0.09700198274936188,0.037290383163856654,-0.00012065800014072698,-8.395023054997227e-05,0.04558126677696996,0.5438494866363933,-1.3447668445439132,0.7411177930385119,-0.00012084674105315176,-8.39575614840288e-05,fuzzy-pid,0.30883792435386587,0.10447031072948931,0.02259024791707342,0.29837744460943866,0.0956430378140765,0.46108026403325886,1.1170260348975285,1.1975914210971679,1.5649090673285615,0.9492903733029112,0.02,0.03,2.7375531552531993,2.6159981467075784,-0.12155500854562096,0.1255804940651081,0.11947260328230519,-0.0061078907828029105,0.21287219946482383,-0.030564063834760763,-0.2434362632995846,0.27216564941521426
1.8,0.04567187374305037,0.49700466136318155,-0.9850974918602109,0.5999208430481615,-0.00012082376203537137,3.4127544159545664e-05,-0.0020134880804434803,0.3269653964972433,-0.5070640527662925,0.33907630988735005,-4.949665566300715e-07,0.00010758694806156884,0.04567187374305037,0.49700466136318155,-0.9850974918602109,0.5999208430481615,-0.00012082376203537137,3.4127544159545664e-05,-0.0020134880804434803,0.3269653964972433,-0.5070640527662925,0.33907630988735005,-4.949665566300715e-07,0.00010758694806156884,0.04545673585504756,0.528337615233006,-1.2397063245914728,0.6989861645941291,0.0,0.0,-0.003704860212244794,-0.028005573426664626,0.031248704874890933,-0.01229377018286251,-0.006414140964971746,-0.0026725587354048943,-0.0002151378880028143,0.03133295386982449,-0.2546088327312619,0.09906532154596759,0.00012082376203537137,-3.4127544159545664e-05,-0.00011635560408174858,0.003088941574973145,-0.08102934776362408,0.028174007471694053,-0.00011873290682130075,-8.330319979030545e-05,0.04540060188246685,0.5345322892650828,-1.326743465402301,0.7306495773089953,-0.0001192613653792635,-8.346679021373627e-05,fuzzy-pid,0.2749934757105553,0.08584349731703537,0.019896014200512336,0.24029158888884872,0.08286414955554672,0.41025514027774257,1.0553098131944019,1.1958302389482645,1.3449503984849842,0.9454477940689405,0.02,0.03,2.725576537840137,2.6168273784042375,-0.10874915943589958,0.12456881308856665,0.11903442975074573,-0.005534383337820928,0.2299116943765074,-0.032438146284717945,-0.26234984066122535,0.28405008004208515
1.85,0.04549518853266221,0.5133791940097652,-1.0104238616208336,0.6168792942207295,-0.00011980568579250672,3.9569321543808655e-05,-0.0021019255124877126,0.327919083457047,-0.5060944774754824,0.33925685172411957,1.2111896552369474e-05,0.00010962375007750558,0.04549518853266221,0.5133791940097652,-1.0104238616208336,0.6168792942207295,-0.00011980568579250672,3.9569321543808655e-05,-0.0021019255124877126,0.327919083457047,-0.5060944774754824,0.33925685172411957,1.2111896552369474e-05,0.00010962375007750558,0.04526781991379317,0.5270096761608264,-1.2381954052443649,0.6981048684451967,0.0,0.0,-0.003851468822708145,-0.02667667724679708,0.02918142698980946,-0.011706943108519946,-0.006107970317488668,-0.0025449876322869453,-0.00022736861886904491,0.013630482151061218,-0.22777154362353125,0.08122557422446719,0.00011980568579250672,-3.9569321543808655e-05,-0.00011840779914658924,-0.0036677200898780392,-0.06730679617088448,0.02021658813926627,-0.00011580107627541705,-8.236156928349179e-05,0.04521220955660164,0.5261395393694819,-1.3108125174120122,0.7214034867655961,-0.00011666614855137866,-8.26378745160529e-05,fuzzy-pid,0.2422051354782417,0.07037330197712528,0.01724185126935528,0.19431423361405709,0.07274913139509256,0.3700249544123,1.0064588732149358,1.1938679293083114,1.1719567012685608,0.9411663912181341,0.02,0.03,2.7132360754748635,2.6176030327973154,-0.09563304267754802,0.12352442266770208,0.1185741868682351,-0.004950235799466976,0.2470783844458918,-0.0342775679434725,-0.2813559523893643,0.2972059145292406
1.9000000000000001,0.045310878226642703,0.5210822877583787,-1.035327371071391,0.6338684428024122,-0.00011775982036610344,3.9334053442807715e-05,-0.002192637175557668,0.09091145430577735,-0.5010645751225447,0.33966839210473776,2.4328014269770456e-05,0.00011854586059456803,0.045310878226642703,0.5210822877583787,-1.035327371071391,0.6338684428024122,-0.00011775982036610344,3.9334053442807715e-05,-0.002192637175557668,0.09091145430577735,-0.5010645751225447,0.33966839210473776,2.4328014269770456e-05,0.00011854586059456803,0.045071620146480196,0.5257396151190666,-1.2367888281036858,0.697284552966515,0.0,0.0,-0.003996207036025715,-0.025309039901772,0.027075379594848112,-0.011103698235700203,-0.005793233862104456,-0.0024138474425435233,-0.00023925808016250771,0.004657327360687913,-0.2014614570322948,0.06341611016410287,0.00011775982036610344,-3.9334053442807715e-05,-0.00011881680399345265,-0.00501604278715826,-0.05501547055102543,0.013086207793922508,-0.00010866497571321164,-7.741249711182016e-05,0.04501765489601546,0.5220775640913018,-1.2965563533440365,0.7131289422617273,-0.0001106652689227534,-7.871884146287835e-05,fuzzy-pid,0.21125833724385265,0.05677273498629103,0.014273649114476665,0.14801326524030298,0.06256291835286665,0.3295116070852651,0.957264094317822,1.1612870204292542,1.0576708402935349,0.8700807718456454,0.02,0.03,2.7028243721545855,2.6183243444095714,-0.08450002774501408,0.1225512264573307,0.11809209720414716,-0.004459129253183536,0.24149552730484322,-0.0360792611499228,-0.277574788454766,0.29018597779409133
1.9500000000000002,0.04511989554644513,0.521102578381127,-1.060345489178406,0.6508570701901721,-0.0001131381913976881,4.812289415800919e-05,-0.0022720145230970476,-6.694047218758357e-05,-0.502700933871136,0.3397052581976717,5.498724746644374e-05,0.0002085654648098556,0.04511989554644513,0.521102578381127,-1.060345489178406,0.6508570701901721,-0.0001131381913976881,4.812289415800919e-05,-0.0022720145230970476,-6.694047218758357e-05,-0.502700933871136,0.3397052581976717,5.498724746644374e-05,0.0002085654648098556,0.04486823099961987,0.524529330317107,-1.2354884764129568,0.6965262903608155,0.0,0.0,-0.004139037906854857,-0.023904263646875718,0.02493278760651197,-0.010484717591897192,-0.005470287439250707,-0.0022792864330211282,-0.0002516645468252643,0.003426751935980077,-0.17514298723455068,0.04566922017064334,0.0001131381913976881,-4.812289415800919e-05,-0.00012076226934191895,-0.003542360777754359,-0.04471835783716135,0.006863730584389856,-0.00010203302080940244,-7.640807818558942e-05,0.04481501527171232,0.5212596181773399,-1.2842942140235976,0.7058247512743359,-0.00010419108283774017,-7.698576900491165e-05,fuzzy-pid,0.1810319439446388,0.04538084923758826,0.012121119597897464,0.11964329235512072,0.05632152431812656,0.3046878808107306,0.9271209981273159,1.133217125677802,1.0035175916470758,0.8088373651152045,0.02,0.03,2.6938550014515177,2.61899060139353,-0.07486440005798789,0.12162900513151823,0.11758839389276539,-0.0040406112387528365,0.21508192822130925,-0.03784022116388849,-0.25292214938519775,0.26380033848510026
2.0,0.044921320449516244,0.5205862370553165,-1.0854000541232836,0.6678500492892789,-0.00010730947514225875,5.632854855841529e-05,-0.0023623372750414765,-0.005867158784589446,-0.5004141462325968,0.3399624010787045,6.934531091573751e-05,0.00013289895015589366,0.044921320449516244,0.5205862370553165,-1.0854000541232836,0.6678500492892789,-0.00010730947514225875,5.632854855841529e-05,-0.0023623372750414765,-0.005867158784589446,-0.5004141462325968,0.3399624010787045,6.934531091573751e-05,0.00013289895015589366,0.044657748749315156,0.5233806455526572,-1.2342961198430737,0.6958310881093247,0.0,0.0,-0.004279925187952839,-0.022464027201985107,0.02275596862037141,-0.009850713081879839,-0.005139502477502524,-0.0021414593656260516,-0.0002635717002010887,0.0027944084973406946,-0.1488960657197902,0.027981038820045767,0.00010730947514225875,-5.632854855841529e-05,-0.00012442123953059216,-0.0024243583960929333,-0.035935540017339423,0.001151275946861702,-9.614558902896142e-05,-7.524844280874644e-05,0.0446037494502665,0.5210321199117582,-1.2737472984012093,0.6991929608607238,-9.815696248115612e-05,-7.568277435778774e-05,fuzzy-pid,0.15152844550578937,0.03603604269649503,0.010536603132037815,0.11025711261327678,0.05425656477492089,0.29647497353661717,0.9171481821516067,1.1165764712046509,1.0,0.772530482628329,0.02,0.03,2.6844736482605183,2.6196011462339857,-0.06487250202653261,0.12067128044580114,0.11706332052054132,-0.003607959925259821,0.18741403406740295,-0.039557511177210014,-0.22697154524461297,0.23608799470691463
2.0500000000000003,0.04471447961090513,0.5202850195734134,-1.1103428716458046,0.6847143008721308,-0.00010134685182894287,6.20953052639095e-05,-0.0024606702123897675,-0.0032456098169931363,-0.4978956671433216,0.3119621731148281,7.092919149798301e-05,0.00013790211363940168,0.04471447961090513,0.5202850195734134,-1.1103428716458046,0.6847143008721308,-0.00010134685182894287,6.20953052639095e-05,-0.0024606702123897675,-0.0032456098169931363,-0.4978956671433216,0.3119621731148281,7.092919149798301e-05,0.00013790211363940168,0.04444027146768743,0.5222953066798942,-1.2332134099213437,0.6951998864398303,0.0,0.0,-0.004418833277029491,-0.02099008361940442,0.020547330310399417,-0.009202425675348742,-0.004801265569747168,-0.0020005273207279865,-0.00027420814321770653,0.002010287106480768,-0.12287053827553907,0.010485585567699518,0.00010134685182894287,-6.20953052639095e-05,-0.0001277406547306158,-0.0017726344105080413,-0.027484006975224747,-0.004197740968461594,-9.020657421059708e-05,-7.341041357278515e-05,0.04438533547228424,0.5206500341799792,-1.2639598872727285,0.6930498493187075,-9.219417127823685e-05,-7.39785037690358e-05,fuzzy-pid,0.1233338852553744,0.027859715457907018,0.010023232340144737,0.10296576846088862,0.05265246906139549,0.2900950474032775,0.9094011289896942,1.1022541880481742,1.0,0.7412818648323798,0.02,0.03,2.674584539491492,2.620155376396893,-0.054429163094599,0.1196724235621339,0.11651713100829827,-0.0031552925538356202,0.16064754155384917,-0.04122826721155534,-0.2018758087654045,0.20910842123397355
2.1,0.04450010093671519,0.5199594822678533,-1.1351606372638736,0.6898600256237288,-9.538437082756701e-05,6.543690907090394e-05,-0.002550343652441055,-0.003570044798984005,-0.49532068108498695,0.06131774957944944,7.093618608067383e-05,8.678853173904785e-05,0.04450010093671519,0.5199594822678533,-1.1351606372638736,0.6898600256237288,-9.538437082756701e-05,6.543690907090394e-05,-0.002550343652441055,-0.003570044798984005,-0.49532068108498695,0.06131774957944944,7.093618608067383e-05,8.678853173904785e-05,0.0442158989919413,0.5212749781856811,-1.23224187560272,0.6946335558706008,0.0,0.0,-0.004555727164395017,-0.019484257858704362,0.01830936734181004,-0.008540624487166451,-0.0044559779933042365,-0.0018566574972100978,-0.0002842019447738889,0.0013154959178278691,-0.09708123833884641,0.004773530246871993,9.538437082756701e-05,-6.543690907090394e-05,-0.00012817139298920753,-0.0013169384417576705,-0.01903096998272747,-0.0040352603849851,-8.162706370134831e-05,-6.87734866949996e-05,0.04416212956728513,0.5201310383529374,-1.2544446060072678,0.6912111839438887,-8.426884059557045e-05,-7.007474096350864e-05,fuzzy-pid,0.09720791176053627,0.019499315177550845,0.008466875955575142,0.08141933828376602,0.047912254422428524,0.27124192099829525,0.8865080469265014,1.0599308430573975,1.0,0.64894002121614,0.02,0.03,2.6653235304075538,2.6206527449239942,-0.044670785483559516,0.11868551916518459,0.1159500894884375,-0.0027354296767470865,0.12088393316897836,-0.042849702894766445,-0.1637336360637448,0.16973999301840875
2.15,0.04427997289684038,0.5195350789146369,-1.1598398752587444,0.6904630685048354,-8.814409075075247e-05,6.928545112616646e-05,-0.0026187406469092016,-0.0047387622375439815,-0.4925376485202298,0.007237703315699106,8.612897905990918e-05,3.400379728901798e-05,0.04427997289684038,0.5195350789146369,-1.1598398752587444,0.6904630685048354,-8.814409075075247e-05,6.928545112616646e-05,-0.0026187406469092016,-0.0047387622375439815,-0.4925376485202298,0.007237703315699106,8.612897905990918e-05,3.400379728901798e-05,0.04398473289602415,0.520321239885834,-1.2313829190075305,0.6941328948435838,0.0,0.0,-0.004690572381543817,-0.017948444070430558,0.016044657798603243,-0.007866105750626627,-0.004104055174239979,-0.0017100229892666582,-0.0002952400008162312,0.0007861609711971029,-0.07154304374878606,0.00366982633874835,8.814409075075247e-05,-6.928545112616646e-05,-0.00012998668998355736,-0.0010161671348260415,-0.011106763489619937,-0.0027294000087720646,-7.474356847632987e-05,-6.48815495036069e-05,0.043931592046351726,0.5195115641514904,-1.24547841337468,0.6913554171120809,-7.712488650614001e-05,-6.617984736858234e-05,fuzzy-pid,0.07164211414930798,0.011483427538161567,0.008036718800084336,0.06643386856925819,0.044615451085236804,0.25812963499810093,0.8705859853548369,1.0304950989753285,1.0,0.5847165795825351,0.02,0.03,2.6555310243458896,2.6210927609726014,-0.03443826337328826,0.11766375357353688,0.11536247017720612,-0.002301283396330761,0.0761470141675107,-0.04441911410777921,-0.12056612827528991,0.1254092547491287
2.2,0.04405306493736694,0.5190106171696565,-1.184379222545771,0.6907727227281244,-8.096680121072453e-05,7.183478083305772e-05,-0.0026993975741796427,-0.005940825586847736,-0.48981203004850804,0.0037491064016848784,8.538536615532348e-05,2.5984128537715476e-05,0.04405306493736694,0.5190106171696565,-1.184379222545771,0.6907727227281244,-8.096680121072453e-05,7.183478083305772e-05,-0.0026993975741796427,-0.005940825586847736,-0.48981203004850804,0.0037491064016848784,8.538536615532348e-05,2.5984128537715476e-05,0.043746876464830234,0.5194355837532851,-1.2306378113498744,0.6936986274602442,0.0,0.0,-0.0048233349508120735,-0.016384602592754798,0.013755859131088054,-0.007179691685036646,-0.003745926096540858,-0.0015608025402253577,-0.0003061884725367031,0.000424966583628672,-0.046258588804103384,0.002925904732119844,8.096680121072453e-05,-7.183478083305772e-05,-0.0001327897178515556,-0.0007999428648037158,-0.003522604689326178,-0.0018333802548627053,-6.884070449578107e-05,-6.144353906771702e-05,0.04369346307182194,0.5188546217042337,-1.2369899153730703,0.6917377896820565,-7.091174999837081e-05,-6.262761614293335e-05,fuzzy-pid,0.04635411546438041,0.004054143929782135,0.007639968819510973,0.05781410201721922,0.04271910244378822,0.2505873392650668,0.8614274833932954,1.0135634146766805,1.0,0.5477747229309395,0.02,0.03,2.64472314562619,2.6214749902999976,-0.02324815532619251,0.11658358708971214,0.1147545572420885,-0.0018290298476236477,0.03132294848791047,-0.045933883494367805,-0.07725683198227828,0.08069969122736621
2.25,0.043818848488696105,0.5184263593789504,-1.2087791987102579,0.6911353646533516,-7.441750409675763e-05,7.386571929579588e-05,-0.002786342597627171,-0.006655383995912843,-0.4869939393449589,0.004381377011331105,7.791503637833042e-05,1.916767597975918e-05,0.043818848488696105,0.5184263593789504,-1.2087791987102579,0.6911353646533516,-7.441750409675763e-05,7.386571929579588e-05,-0.002786342597627171,-0.006655383995912843,-0.4869939393449589,0.004381377011331105,7.791503637833042e-05,1.916767597975918e-05,0.043502434670892334,0.518619410889736,-1.2300076890804437,0.6933314013331884,0.0,0.0,-0.004953981336242033,-0.014794756667380369,0.011445703632786465,-0.006482229259711773,-0.0033820326572409245,-0.0014091802738503854,-0.00031641381780377065,0.00019305151078552463,-0.021228490370185815,0.0021960366798368103,7.441750409675763e-05,-7.386571929579588e-05,-0.000135869640001871,-0.0006341872981469628,0.003864041172850493,-0.0012890697724306944,-6.314591828398945e-05,-5.828918573476127e-05,0.04344828954112333,0.5182025731197502,-1.2288552147739624,0.6919661960910823,-6.508737621258479e-05,-5.9373793336804286e-05,fuzzy-pid,0.021345251490567575,0.00412559743407583,0.007408531417820282,0.05254938694199643,0.041560865127239215,0.2459807135742469,0.8558337236258713,1.0032220100646358,1.0,0.5252116583228418,0.02,0.03,2.632887064503295,2.6217990556919846,-0.011088008811310335,0.11544397649245687,0.11412664466438549,-0.0013173318280713803,-0.0130598071826809,-0.047391484826191266,-0.03433167764351037,0.036101847492377104
2.3000000000000003,0.043577495452113535,0.5177592817327117,-1.2270395194635455,0.6913675231607086,-6.834196909499823e-05,9.676876662600975e-05,-0.002871242511037825,-0.007729263580280752,-0.22038611085389206,0.0028391383652071663,7.233180996380083e-05,0.00031782998899388526,0.043577495452113535,0.5177592817327117,-1.2270395194635455,0.6913675231607086,-6.834196909499823e-05,9.676876662600975e-05,-0.002871242511037825,-0.007729263580280752,-0.22038611085389206,0.0028391383652071663,7.233180996380083e-05,0.00031782998899388526,0.043251514153497185,0.5178740286520893,-1.2294935502669952,0.6930317855664333,0.0,0.0,-0.00508247839578234,-0.013180988883253468,0.009116993460262101,-0.005774588857301849,-0.0030128289690270513,-0.0012553454037612715,-0.0003259812986163499,0.00011474691937762849,-0.002454030803449747,0.0016642624057247035,6.834196909499823e-05,-9.676876662600975e-05,-0.00013377062883575838,-0.0004545161902020098,0.007340701932982433,-0.0008533081125859975,-5.416468742869484e-05,-6.0729228537903616e-05,0.04320038002877691,0.517615277626353,-1.223828439944,0.6921254071131561,-5.689535962466732e-05,-6.039036973762878e-05,fuzzy-pid,0.002987557869042397,0.007405750536222175,0.0035084798694629,0.023336234508202686,0.03513397159180459,0.22041920519467736,0.8247947491649654,0.9458390320696839,1.0,0.4000124336065829,0.02,0.03,2.6233174399264465,2.622064637335145,-0.0012528025913014496,0.1143900217881711,0.11347903609704756,-0.0009109856911235503,-0.04671118618969086,-0.0487894872158639,-0.0020783010261730406,0.0025920540923359205
2.35,0.043331872047729814,0.5171858483519562,-1.2297910927363693,0.6915787382063718,-6.088650055291467e-05,9.457778717480991e-05,-0.0029220447784084683,-0.005848991641244208,-0.019722476151962518,0.0032361814521487254,8.869483512086352e-05,-0.00036248032735387235,0.043331872047729814,0.5171858483519562,-1.2297910927363693,0.6915787382063718,-6.088650055291467e-05,9.457778717480991e-05,-0.0029220447784084683,-0.005848991641244208,-0.019722476151962518,0.0032361814521487254,8.869483512086352e-05,-0.00036248032735387235,0.042994223200155085,0.5172006479445399,-1.229096251234905,0.6928002688767608,0.0,0.0,-0.005208793334949977,-0.011545437358852937,0.006772595213522166,-0.005057662840186883,-0.002638780612271417,-0.0010994919217797575,-0.00033764884757472857,1.4799592583658594e-05,0.0006948415014642606,0.0012215306703889928,6.088650055291467e-05,-9.457778717480991e-05,-0.00013358596988712065,-0.00035242960780864643,0.005714991455947998,-0.0005932002994843851,-4.705160114431938e-05,-5.242466816281877e-05,0.042945572929895204,0.5170399831591366,-1.2234930548202176,0.6921866532112463,-4.951254076440637e-05,-5.4416093556521277e-05,fuzzy-pid,0.0014497654247648956,0.005758474448643499,0.0016495853708429979,0.0013068726503417533,0.030287511983075183,0.20114351356904905,0.8013885521909881,0.9025670712774571,1.0,0.30560088278717895,0.02,0.03,2.6218250904625227,2.6222714731324612,0.000446382669938572,0.11367974856238344,0.11281204471783104,-0.0008677038445523977,-0.052801405961463724,-0.05012555917102207,0.002675846790441652,0.0028482140888264336
2.4000000000000004,0.0430802671028081,0.5166436764665328,-1.230101902382839,0.6917163924038912,-5.347837091873586e-05,8.72310203465787e-05,-0.0029932038771996543,-0.006413940974425851,-0.0030068486903900935,0.0016937284628149392,8.812992158269328e-05,-8.405397489141998e-05,0.0430802671028081,0.5166436764665328,-1.230101902382839,0.6917163924038912,-5.347837091873586e-05,8.72310203465787e-05,-0.0029932038771996543,-0.006413940974425851,-0.0030068486903900935,0.0016937284628149392,8.812992158269328e-05,-8.405397489141998e-05,0.042730671730347086,0.5166003806866977,-1.2288165034892335,0.69263725786805,0.0,0.0,-0.005332893662075341,-0.009890291675997837,0.004415434098654763,-0.00433236402447353,-0.002260363838855755,-0.0009418182661898978,-0.0003495953724610146,-4.329577983508415e-05,0.0012853988936054606,0.0009208654641588154,5.347837091873586e-05,-8.72310203465787e-05,-0.00013765975953794414,-0.0002797916645167846,0.004253070578892746,-0.000427911190193673,-4.247083334474985e-05,-4.7132900359867495e-05,0.04268115221058066,0.5165004375564198,-1.22429583838781,0.6922036733112038,-4.4231260199663984e-05,-4.895369865903094e-05,fuzzy-pid,0.0016232079826156238,0.004286370982853268,0.0014730495555913999,0.0,0.03,0.2,0.8,0.9,1.0,0.3,0.02,0.03,2.6216578224245373,2.622419358961973,0.0007615365374356031,0.113011641016711,0.11212599307784804,-0.0008856479388629629,-0.054608716622279035,-0.051397472482627216,0.00321124413965182,0.0034170746397920223
2.45,0.042820314966247164,0.5161059818590523,-1.2306979554076882,0.6917782145808848,-4.745552185303481e-05,8.846027348274887e-05,-0.003092505743573847,-0.006492772592103929,-0.008282595969611072,0.0006859880730125813,7.16503882891588e-05,6.499589959574475e-05,0.042820314966247164,0.5161059818590523,-1.2306979554076882,0.6917782145808848,-4.745552185303481e-05,8.846027348274887e-05,-0.003092505743573847,-0.006492772592103929,-0.008282595969611072,0.0006859880730125813,7.16503882891588e-05,6.499589959574475e-05,0.04246097128146803,0.5160742374675584,-1.2286548709385903,0.6925430754698618,0.0,0.0,-0.005454747145248165,-0.008217788580202012,0.002048487698237696,-0.0035996240668908913,-0.0018780647305517689,-0.0007825269710632373,-0.00035934368477913425,-3.1744391493893076e-05,0.0020430844690979555,0.0007648608889769815,4.745552185303481e-05,-8.846027348274887e-05,-0.00014121347398140095,-0.0002055717082680924,0.0033530627252320623,-0.00028900872075262284,-3.745225956428839e-05,-4.524125034070602e-05,0.04241010640826014,0.5160266087085728,-1.2250503157569712,0.6922414683896329,-3.914700972313229e-05,-4.616936242028725e-05,fuzzy-pid,0.002213463160767959,0.003375234228163247,0.0009137056571359402,0.0,0.03,0.2,0.8,0.9,1.0,0.3,0.02,0.03,2.6213315569335536,2.6225081488782203,0.0011765919446666828,0.1123148973845994,0.11142121294558369,-0.0008936844390157184,-0.056990239354725816,-0.05260310594101966,0.004387133413706154,0.004629252647074944
2.5,0.04255313728582255,0.5156098464264893,-1.231404519107433,0.6918246413043758,-4.204400813101472e-05,9.185824549851063e-05,-0.003178464007991334,-0.005973292696381932,-0.009311098294517903,0.0005174142386543789,6.437783932611433e-05,8.152979713571713e-05,0.04255313728582255,0.5156098464264893,-1.231404519107433,0.6918246413043758,-4.204400813101472e-05,9.185824549851063e-05,-0.003178464007991334,-0.005973292696381932,-0.009311098294517903,0.0005174142386543789,6.437783932611433e-05,8.152979713571713e-05,0.04218523499687741,0.5156231253944558,-1.2286117674396708,0.6925179595507902,0.0,0.0,-0.005574321771078142,-0.006530207464585918,-0.00032522062126736387,-0.0028603917706103467,-0.0014923783151010507,-0.0006218242979587711,-0.00036790228894514193,1.3278967966434685e-05,0.002792751667762161,0.0006933182464143872,4.204400813101472e-05,-9.185824549851063e-05,-0.00014436834239557887,-0.00013696752377256147,0.0027771935581282024,-0.00017632988222032544,-3.215202493541926e-05,-4.384908248896864e-05,0.04213317659292641,0.5156212705801555,-1.2256385093503996,0.6923165893488357,-3.390077113234752e-05,-4.4429152471798294e-05,fuzzy-pid,0.002902737695639509,0.002790422029419497,0.0005908200540074253,0.0,0.03,0.2,0.8,0.9,1.0,0.3,0.02,0.03,2.620944623769047,2.6225377552562765,0.0015931314872297264,0.11159678321010155,0.11069804514645572,-0.0008987380636458348,-0.05947346460437103,-0.05374044887352658,0.0057330157308444485,0.0060177460408992476
2.5500000000000003,0.042279607829677435,0.5151735737656882,-1.2320317409982584,0.6918904901568554,-3.6740141207136645e-05,9.501312057125233e-05,-0.003254027544485963,-0.005239152126890302,-0.008088313945187225,0.0007636604905769835,6.309722486719372e-05,7.068621314943053e-05,0.042279607829677435,0.5151735737656882,-1.2320317409982584,0.6918904901568554,-3.6740141207136645e-05,9.501312057125233e-05,-0.003254027544485963,-0.005239152126890302,-0.008088313945187225,0.0007636604905769835,6.309722486719372e-05,7.068621314943053e-05,0.04190357761596439,0.5152478461454209,-1.2286874546798419,0.6925620617162688,0.0,0.0,-0.005691585705380615,-0.004829865656205095,-0.0027026286324828594,-0.00211563131669103,-0.001103807643490972,-0.00045991985145457166,-0.0003760302137130467,7.427237973267609e-05,0.003344286318416545,0.0006715715594133309,3.6740141207136645e-05,-9.501312057125233e-05,-0.00014740026495214156,-7.547353109536476e-05,0.002362139033653594,-8.682943297496233e-05,-2.6761089799608203e-05,-4.2159088133382225e-05,0.04185042716149079,0.515284597105783,-1.226153614072241,0.6924355715496793,-2.8546010132793033e-05,-4.272660421798624e-05,fuzzy-pid,0.0034340285057107172,0.0023700541768879786,0.00042907250046384676,0.0,0.03,0.2,0.8,0.9,1.0,0.3,0.02,0.03,2.6206037896533148,2.6225081488782203,0.0019043592249055052,0.11086416735440725,0.10995683939799443,-0.0009073279564128234,-0.06163773410353266,-0.05480760449772357,0.006830129605809095,0.0071484612687011785
2.6,0.042000073204811805,0.5148031912503042,-1.2325791181581582,0.6919919211689072,-3.140312551552782e-05,9.791667006675553e-05,-0.0033254676913508515,-0.004448112119348574,-0.007057959646417239,0.0011914150074510386,6.34915621411394e-05,6.528719982412807e-05,0.042000073204811805,0.5148031912503042,-1.2325791181581582,0.6919919211689072,-3.140312551552782e-05,9.791667006675553e-05,-0.0033254676913508515,-0.004448112119348574,-0.007057959646417239,0.0011914150074510386,6.34915621411394e-05,6.528719982412807e-05,0.04161611546612834,0.5149490942325423,-1.2288820404133758,0.6926754462995662,0.0,0.0,-0.005806507255893527,-0.0031191135253437006,-0.005080642464644106,-0.001366320428470528,-0.000712862832245493,-0.0002970261801022888,-0.00038395773868346583,0.00014590298223815523,0.003697077744782451,0.0006835251306590573,3.140312551552782e-05,-9.791667006675553e-05,-0.00015038404405864282,-1.935943076005007e-05,0.002043876486468534,-1.483336349692688e-05,-2.133326912166455e-05,-4.0261949931696305e-05,0.04156190535692497,0.5150184503777825,-1.2266670264632407,0.6926043525894718,-2.313645437444667e-05,-4.087811350326879e-05,fuzzy-pid,0.00378350043096313,0.002050053024158667,0.0003311574225740305,0.0,0.03,0.2,0.8,0.9,1.0,0.3,0.02,0.03,2.6203110261075246,2.622419358961973,0.002108332854448225,0.11011801214860883,0.10919795414072236,-0.0009200580078864706,-0.06344790483167494,-0.05580279308475833,0.007645111746916608,0.007983690110836225
2.6500000000000004,0.04171468503599174,0.5145016615560758,-1.2330980248935823,0.6921381625008873,-2.601886297393108e-05,0.00010082380114706524,-0.003395104042525149,-0.003628020384383112,-0.006729577863318213,0.0017240149127851023,6.40536263141214e-05,6.543487645061103e-05,0.04171468503599174,0.5145016615560758,-1.2330980248935823,0.6921381625008873,-2.601886297393108e-05,0.00010082380114706524,-0.003395104042525149,-0.003628020384383112,-0.006729577863318213,0.0017240149127851023,6.40536263141214e-05,6.543487645061103e-05,0.041322966456570534,0.5147274554830857,-1.2291954770651452,0.6928580895537224,0.0,0.0,-0.00591905483712836,-0.0014003294398292415,-0.007456144077071831,-0.0006134484767709487,-0.00032006007483701673,-0.0001333583645154236,-0.0003917185794212047,0.00022579392700994294,0.0039025478284371307,0.0007199270528350787,2.601886297393108e-05,-0.00010082380114706524,-0.00015332365058788532,3.310324461266145e-05,0.0017948762369587405,4.460299243319536e-05,-1.5877233339724083e-05,-3.829584544149818e-05,0.04126770844371823,0.5148250316402194,-1.2272172072369498,0.6928281075569847,-1.7692038598404728e-05,-3.894141245694083e-05,fuzzy-pid,0.003995427796580699,0.0018027458938750212,0.0002613970392895088,0.0,0.03,0.2,0.8,0.9,1.0,0.3,0.02,0.03,2.6200390001346716,2.6222714731324612,0.002232472997789614,0.10935754059607629,0.10842175636481556,-0.0009357842312607279,-0.06497571076255095,-0.05672435492745995,0.008251355835090998,0.008599098844101411
2.7,0.04142355954197985,0.5142714194413749,-1.2336323754702034,0.6923357507862433,-2.0595421447833218e-05,0.00010381110308577135,-0.0034633578039234463,-0.0027808542704122513,-0.006955274478670652,0.002332679035976831,6.45197162363345e-05,6.740640738911596e-05,0.04142355954197985,0.5142714194413749,-1.2336323754702034,0.6923357507862433,-2.0595421447833218e-05,0.00010381110308577135,-0.0034633578039234463,-0.0027808542704122513,-0.006955274478670652,0.002332679035976831,6.45197162363345e-05,6.740640738911596e-05,0.04102425007378787,0.5145834057441773,-1.2296275607135156,0.6931098790510491,0.0,0.0,-0.0060291969374538625,0.0003240854122700102,-0.009825998947521383,0.0001419854657335021,7.40793734261751e-05,3.086640559423956e-05,-0.0003993094681919787,0.0003119863028023806,0.004004814756687791,0.000774128264805829,2.0595421447833218e-05,-0.00010381110308577135,-0.0001562118962597819,8.303950060606497e-05,0.0015973602112382284,9.504256121387943e-05,-1.0395420326478907e-05,-3.631005165793225e-05,0.04096795574407562,0.5147060918436424,-1.2278269521859455,0.6931107180984434,-1.2219574894460361e-05,-3.696789185768439e-05,fuzzy-pid,0.004111666356453078,0.0016103778850624717,0.0002099826083078557,0.0,0.03,0.2,0.8,0.9,1.0,0.3,0.02,0.03,2.619764088238938,2.622064637335145,0.0023005490962071384,0.10858206653190396,0.10762862143263058,-0.0009534450992733784,-0.06628425278202711,-0.05757075310828477,0.00871349967374234,0.009062376082777395
2.75,0.04112681496288406,0.5141145087808434,-1.2342119659245467,0.6925895139820373,-1.5140050793061022e-05,0.0001068626315468002,-0.003530204928470302,-0.001910193997822814,-0.007550656367172498,0.002997983335983953,6.489955994837398e-05,6.965819707716186e-05,0.04112681496288406,0.5141145087808434,-1.2342119659245467,0.6925895139820373,-1.5140050793061022e-05,0.0001068626315468002,-0.003530204928470302,-0.001910193997822814,-0.007550656367172498,0.002997983335983953,6.489955994837398e-05,6.965819707716186e-05,0.04072008737865456,0.5145173098159288,-1.2301779304621607,0.6934306132957231,0.0,0.0,-0.006136902088507991,0.0020517123071180665,-0.012187063932297943,0.0008989746122464335,0.00046903023247640016,0.0001954292635318334,-0.00040672758422950067,0.0004028010350853872,0.00403403546238601,0.0008410993136858114,1.5140050793061022e-05,-0.0001068626315468002,-0.0001590435598646832,0.00013115691894556808,0.001437701784172358,0.00013897381367161769,-4.891976978602118e-06,-3.4312433029990215e-05,0.04066277180011131,0.5146628730120664,-1.2285119095549777,0.6934548698566568,-6.723876457566678e-06,-3.4976297736913756e-05,fuzzy-pid,0.004161756241308325,0.0014594514061522356,0.000172564048720901,0.0,0.03,0.2,0.8,0.9,1.0,0.3,0.02,0.03,2.619470235861768,2.6217990556919846,0.0023288198302164886,0.10779124778621249,0.10681893289718228,-0.0009723148890302125,-0.06741485094410546,-0.05834057606248175,0.009074274881623712,0.009418665652432217
2.8000000000000003,0.040824573643444495,0.5140324991734913,-1.234856969867014,0.6929029077461846,-9.658413824276124e-06,0.00010995045293649142,-0.0035955965860701923,-0.001021456782623908,-0.008396942019395405,0.0037038371894838286,6.521203754772526e-05,7.192724709170914e-05,0.040824573643444495,0.5140324991734913,-1.234856969867014,0.6929029077461846,-9.658413824276124e-06,0.00010995045293649142,-0.0035955965860701923,-0.001021456782623908,-0.008396942019395405,0.0037038371894838286,6.521203754772526e-05,7.192724709170914e-05,0.04041060100497325,0.5145294206168329,-1.2308460682082238,0.6938200015537407,0.0,0.0,-0.006242138837029107,0.003780120351457201,-0.014536195253409843,0.001656506482627162,0.0008642642518054761,0.00036011010491894833,-0.00041397263847124666,0.0004969214433416802,0.004010901658790145,0.000917093807556113,9.658413824276124e-06,-0.00010995045293649142,-0.00016181555232342332,0.0001779273610448702,0.0013056207952905552,0.000178156884386399,6.274039873277279e-07,-3.230356672777081e-05,0.0403522820395152,0.514696229236425,-1.2292833129484442,0.6938623362927595,-1.2104161238958737e-06,-3.297174948005655e-05,fuzzy-pid,0.004166398903328566,0.0013398775576113795,0.00014563776282632606,0.0,0.03,0.2,0.8,0.9,1.0,0.3,0.02,0.03,2.6191465511305423,2.6214749902999976,0.002328439169455354,0.1069849832226169,0.10599308231666132,-0.0009919009059555783,-0.0683947631484984,-0.05903253993220314,0.009362223216295262,0.009698284380488512
2.85,0.040516959936393704,0.5140265253138958,-1.235581478378486,0.6932783068343094,-4.156049641323989e-06,0.00011305510295622767,-0.0036595088885427954,-0.0001196770428535413,-0.009419116947917618,0.004437523821732109,6.545862056839409e-05,7.42364067996009e-05,0.040516959936393704,0.5140265253138958,-1.235581478378486,0.6932783068343094,-4.156049641323989e-06,0.00011305510295622767,-0.0036595088885427954,-0.0001196770428535413,-0.009419116947917618,0.004437523821732109,6.545862056839409e-05,7.42364067996009e-05,0.04009591515937206,0.5146198785842644,-1.2316312988120746,0.6942776639033206,0.0,0.0,-0.006344875719194232,0.005506871904922381,-0.016870256566864323,0.002413564947947995,0.001259251277190257,0.0005246880321626074,-0.00042104477702164383,0.0005933532703685795,0.003950179566411416,0.0009993570690112197,4.156049641323989e-06,-0.00011305510295622767,-0.00016452576793761,0.0002236748298576321,0.0011936119562334043,0.0002138500341941884,6.156307926900068e-06,-3.028519798467076e-05,0.04003661255345464,0.5148067223696977,-1.230149093378992,0.6943342195263259,4.314626914201082e-06,-3.095683585851721e-05,fuzzy-pid,0.004140625399024203,0.0012443856276732517,0.000126312310297683,0.0,0.03,0.2,0.8,0.9,1.0,0.3,0.02,0.03,2.6187853907389425,2.6210927609726014,0.002307370233658901,0.10616332253831721,0.10515146906507983,-0.0010118534732373868,-0.06924295975121474,-0.059645490707634724,0.009597469043580012,0.009922661784468639
2.9000000000000004,0.040204099326742515,0.5140973690714494,-1.236395406555058,0.6937172663945939,1.3610857365620177e-06,0.0001161640467413072,-0.00372192836568538,0.0007910859114446281,-0.010565104478921453,0.005189420663942568,6.563434924444917e-05,7.659722021102929e-05,0.040204099326742515,0.5140973690714494,-1.236395406555058,0.6937172663945939,1.3610857365620177e-06,0.0001161640467413072,-0.00372192836568538,0.0007910859114446281,-0.010565104478921453,0.005189420663942568,6.563434924444917e-05,7.659722021102929e-05,0.03977615562242048,0.5147887113118481,-1.2325327906715329,0.6948031315075408,0.0,0.0,-0.00644508123754823,0.007229528032065546,-0.019186127065505414,0.003169132289435831,0.0016534603249230432,0.0006889418020512678,-0.00042794370432203827,0.0006913422403986846,0.0038626158835251,0.0010858651129469488,-1.3610857365620177e-06,-0.0001161640467413072,-0.0001671725239783149,0.0002686185546710855,0.0010962720997662202,0.0002469537128125421,1.1687986081557591e-05,-2.8260110755477635e-05,0.039715890462195286,0.5149946779923138,-1.2311146622735731,0.6948711187968465,9.844646289718463e-06,-2.8934292031237528e-05,fuzzy-pid,0.004095545183844724,0.0011678340963352434,0.00011239459664173478,0.0,0.03,0.2,0.8,0.9,1.0,0.3,0.02,0.03,2.618381335196437,2.6206527449239942,0.0022714097275571277,0.10532641819851575,0.10429450013913784,-0.001031918059377912,-0.06997295698032042,-0.06017840615157374,0.009794550828746681,0.010107293553103804
2.95,0.03988611836457956,0.5142455289713546,-1.237305623373433,0.6942207253051071,6.8866126969879815e-06,0.00011926825383401507,-0.0037828423470110647,0.001707576738319042,-0.01179670642095257,0.005952300587885999,6.573418440680851e-05,7.899306693204435e-05,0.03988611836457956,0.5142455289713546,-1.237305623373433,0.6942207253051071,6.8866126969879815e-06,0.00011926825383401507,-0.0037828423470110647,0.001707576738319042,-0.01179670642095257,0.005952300587885999,6.573418440680851e-05,7.899306693204435e-05,0.039451449750832195,0.5150358334244078,-1.2335495567011203,0.6953958471097358,0.0,0.0,-0.006542723840603518,0.008945653957730252,-0.021480709569556097,0.0039221912623689835,0.0020463606586272956,0.0008526502744280399,-0.0004346686137473646,0.000790304453053281,0.0037560666723126523,0.0011751218046286427,-6.8866126969879815e-06,-0.00011926825383401507,-0.00016975437265236227,0.00031290077299135687,0.0010097228079105182,0.0002781095517694056,1.7215494467090466e-05,-2.6231286520583975e-05,0.0393902441491837,0.5152602201461278,-1.2321835409883009,0.6954732471953405,1.5372782422747466e-05,-2.6907037898247364e-05,fuzzy-pid,0.004039398269132604,0.0011066132865710308,0.00010229230909749553,0.0,0.03,0.2,0.8,0.9,1.0,0.3,0.02,0.03,2.617930584102714,2.620155376396893,0.0022247922941791565,0.10447449793587103,0.10342258996140322,-0.0010519079744678167,-0.07059438617036269,-0.06063039750424612,0.009963988666116572,0.010263395211989424
3.0,0.03956314479409828,0.5144712691570978,-1.238316736161389,0.6947891542200058,1.2413839009184358e-05,0.0001223605167854913,-0.0038422366268165684,0.0026270938338513465,-0.0130855364391283,0.006720671859472703,6.575440680833961e-05,8.140104972298619e-05,0.03956314479409828,0.5144712691570978,-1.238316736161389,0.6947891542200058,1.2413839009184358e-05,0.0001223605167854913,-0.0038422366268165684,0.0026270938338513465,-0.0130855364391283,0.006720671859472703,6.575440680833961e-05,8.140104972298619e-05,0.03912192648061974,0.5153610466901563,-1.2346804557145636,0.6960551657509035,0.0,0.0,-0.006637771905186576,0.01065282449956999,-0.023750938558255715,0.004671727155558522,0.0024374228637696646,0.0010155928599040267,-0.0004412183134785419,0.0008897775330584112,0.0036362804468252907,0.0012660115308977815,-1.2413839009184358e-05,-0.0001223605167854913,-0.00017227003083935988,0.00035660752314674256,0.0009311822514318761,0.0003077717397816122,2.2731756960592508e-05,-2.4201631737901775e-05,0.039059803374631205,0.5156032956965091,-1.233357840344424,0.6961405149168489,2.0892013326131247e-05,-2.487798327798817e-05,fuzzy-pid,0.0039782941749299285,0.0010581928794097411,9.486633546911921e-05,0.0,0.03,0.2,0.8,0.9,1.0,0.3,0.02,0.03,2.6174305353768794,2.6196011462339857,0.0021706108571062366,0.10360784603337772,0.10253616017990064,-0.0010716858534770834,-0.07111407289811243,-0.061000710965518984,0.010113361932593448,0.010399045708196528
3.0500000000000003,0.03923530767256844,0.5147746534827089,-1.2394316674158903,0.6954226619442219,1.7935857664852506e-05,0.0001254347917831744,-0.0039000955841751173,0.0035473178249035486,-0.014410453487201687,0.007490287579248349,6.569246133736468e-05,8.380139826513934e-05,0.03923530767256844,0.5147746534827089,-1.2394316674158903,0.6954226619442219,1.7935857664852506e-05,0.0001254347917831744,-0.0039000955841751173,0.0035473178249035486,-0.014410453487201687,0.007490287579248349,6.569246133736468e-05,8.380139826513934e-05,0.03878771633106142,0.5157640403687396,-1.2359241942064485,0.6967803557071041,0.0,0.0,-0.006730193721602834,0.012348629451904035,-0.02599378809667175,0.005416729837191495,0.0028261199150564323,0.0011775499646068466,-0.00044759134150702123,0.0009893868860306743,0.0035074732094417804,0.001357693762882195,-1.7935857664852506e-05,-0.0001254347917831744,-0.00017471833770983333,0.0003997842805976626,0.0008586591001771163,0.0003362589995910709,2.8229610422139156e-05,-2.217398036761856e-05,0.038724699338671495,0.5160236924111301,-1.2346386114158094,0.6968725897592336,2.6395211148137176e-05,-2.2849981095210963e-05,fuzzy-pid,0.003916756396553458,0.0010207879946286446,8.93067511033965e-05,0.0,0.03,0.2,0.8,0.9,1.0,0.3,0.02,0.03,2.616879474708359,2.61899060139353,0.0021111266851709942,0.10272678960354205,0.10163563946420623,-0.0010911501393358197,-0.07153683783117123,-0.0612887289520366,0.010248108879134632,0.010520038027783537
3.1,0.03890273745295314,0.515155569967443,-1.2406520785617525,0.6961210722714442,2.344561781297827e-05,0.00012848587055103167,-0.003956402615301697,0.004466203450803714,-0.01575563468989605,0.008257800034616911,6.554663665170463e-05,8.617839757363484e-05,0.03890273745295314,0.515155569967443,-1.2406520785617525,0.6961210722714442,2.344561781297827e-05,0.00012848587055103167,-0.003956402615301697,0.004466203450803714,-0.01575563468989605,0.008257800034616911,6.554663665170463e-05,8.617839757363484e-05,0.038448951409338405,0.5162443917927296,-1.2372793285266523,0.6975705996435888,0.0,0.0,-0.0068199574816878794,0.014030678895744197,-0.02820627961289391,0.006156195778048106,0.0032119282320250977,0.0013383034300104577,-0.0004537860436147345,0.001088821825286579,0.0033727500351001805,0.0014495273721446544,-2.344561781297827e-05,-0.00012848587055103167,-0.00017709822195211821,0.00044244744523927237,0.0007907331483172546,0.0003637923234038711,3.3701843025190916e-05,-2.015113564696083e-05,0.038385064725207585,0.5165210525312591,-1.2360260993877037,0.697668941415053,3.187518505592748e-05,-2.0825847009023362e-05,fuzzy-pid,0.0038581194199234755,0.0009931108553045936,8.504037601585692e-05,0.0,0.03,0.2,0.8,0.9,1.0,0.3,0.02,0.03,2.6162763468566674,2.6183243444095714,0.0020479975529039685,0.1018316884825271,0.10072146329814696,-0.0011102251843801425,-0.07186608787040362,-0.06149397112718363,0.010372116743219986,0.01063050796865874
3.1500000000000004,0.03856556604127537,0.5156137487526573,-1.2419786786557907,0.6968839798806914,2.893597743103271e-05,0.00013150915410342634,-0.00401114043384618,0.005381907095980524,-0.017109127440840064,0.009020515841928948,6.531584837432687e-05,8.851935007214895e-05,0.03856556604127537,0.5156137487526573,-1.2419786786557907,0.6968839798806914,2.893597743103271e-05,0.00013150915410342634,-0.00401114043384618,0.005381907095980524,-0.017109127440840064,0.009020515841928948,6.531584837432687e-05,8.851935007214895e-05,0.03810576541569547,0.5168015671791786,-1.2387442674389975,0.6984249959812066,0.0,0.0,-0.006907031269808449,0.015696608410692727,-0.03038548948236978,0.006889130043420976,0.0035943287183065956,0.0014976369659610816,-0.0004598006255798967,0.00118781842652127,0.0032344112167932426,0.001541016100515158,-2.893597743103271e-05,-0.00013150915410342634,-0.00017940867649456212,0.00048459268043672264,0.0007263969826202903,0.00039052228627465863,3.914122702592248e-05,-1.813589234802951e-05,0.03804103373570258,0.5170948830275264,-1.2375199276892088,0.6985288740543742,3.732471653342373e-05,-1.8808381013277972e-05,fuzzy-pid,0.003804813756208693,0.0009741861823161839,8.166296765096973e-05,0.0,0.03,0.2,0.8,0.9,1.0,0.3,0.02,0.03,2.6156205889061197,2.6176030327973154,0.0019824438911957287,0.10092292784271087,0.09979407376920435,-0.001128854073506519,-0.07210424636828482,-0.06161609520215741,0.010488151166127405,0.010733392296219828
3.2,0.03822392683862619,0.5161487754812484,-1.2434114486587875,0.6977107912396567,3.439974467323026e-05,0.0001345004844037767,-0.00406429125403571,0.006292735648294602,-0.018461789931834397,0.00977622054252357,6.4999503202047e-05,9.081369558572499e-05,0.03822392683862619,0.5161487754812484,-1.2434114486587875,0.6977107912396567,3.439974467323026e-05,0.0001345004844037767,-0.00406429125403571,0.006292735648294602,-0.018461789931834397,0.00977622054252357,6.4999503202047e-05,9.081369558572499e-05,0.03775829364897697,0.5174349226668875,-1.2403172750534317,0.6993425604694675,0.0,0.0,-0.006991383056872262,0.01734408416548664,-0.03252855637808218,0.00761454824545527,0.003972807780237531,0.0016553365750989718,-0.00046563318964921996,0.0012861471856391304,0.003094173605355799,0.0016317692298107866,-3.439974467323026e-05,-0.0001345004844037767,-0.0001816487397696327,0.0005262009586793305,0.0006649413600326133,0.00041654879863414155,4.4540546682115284e-05,-1.6131042523035035e-05,0.037692742115831145,0.5177445634760567,-1.2391192321923516,0.6994515504646699,4.273658914494239e-05,-1.680037714559577e-05,fuzzy-pid,0.0037585693678056,0.0009632173681636621,7.888987051959483e-05,0.0,0.03,0.2,0.8,0.9,1.0,0.3,0.02,0.03,2.614912009204607,2.6168273784042375,0.0019153691996303124,0.10000091280446621,0.09885391935472496,-0.001146993449741257,-0.07225306435992604,-0.0616548975068138,0.01059816685311224,0.010830760536132668
3.25,0.03787795477304501,0.5167605403533964,-1.244949413887162,0.6986004982655762,3.982974089744573e-05,0.00013663761896376414,-0.004115836907825442,0.007184895520140498,-0.019851290343098495,0.010535978238657375,6.459694574800917e-05,0.00012327909599818817,0.03787795477304501,0.5167605403533964,-1.244949413887162,0.6986004982655762,3.982974089744573e-05,0.00013663761896376414,-0.004115836907825442,0.007184895520140498,-0.019851290343098495,0.010535978238657375,6.459694574800917e-05,0.00012327909599818817,0.03740667301238574,0.5181437055741537,-1.2419964741190448,0.7003222279595542,0.0,0.0,-0.007072980697401045,0.018970807865235625,-0.03463268834757396,0.008331478448089187,0.004346858320742184,0.0018111909669759104,-0.0004712817606592687,0.0013831652207573208,0.0029529397681171687,0.0017217296939779914,-3.982974089744573e-05,-0.00013663761896376414,-0.0001838174821157993,0.0005671860111658253,0.0006060045112217324,0.0004419374054457542,4.989261660711757e-05,-1.4073444029558543e-05,0.03734032717666024,0.5184693095580037,-1.2408226602539552,0.7004360116399175,4.810360974157377e-05,-1.475517730856785e-05,fuzzy-pid,0.003720176768148554,0.0009595448457292476,7.639037791710784e-05,0.0,0.03,0.2,0.8,0.9,1.0,0.3,0.02,0.03,2.614150937626597,2.6159981467075784,0.001847209080981571,0.09906607351916068,0.09790145470504076,-0.0011646188141199165,-0.07231251407350278,-0.061610313329334226,0.010702200744168555,0.010922711162506534
3.3000000000000003,0.03752778632510756,0.5174472019483796,-1.2465923531147114,0.6995530124244791,4.521869115992061e-05,0.000140278226748336,-0.0041657589338940145,0.008090541424010838,-0.021131669432250984,0.011261817301733385,6.410944148882573e-05,0.00010209173852971039,0.03752778632510756,0.5174472019483796,-1.2465923531147114,0.6995530124244791,4.521869115992061e-05,0.000140278226748336,-0.0041657589338940145,0.008090541424010838,-0.021131669432250984,0.011261817301733385,6.410944148882573e-05,0.00010209173852971039,0.03705104201931083,0.518927055870912,-1.2437798496633499,0.7013628543695356,0.0,0.0,-0.007151791929717082,0.020574521534837867,-0.0366951695804433,0.009038963017292102,0.004715980704674139,0.001964991960280892,-0.0004767443057967294,0.0014798539225324703,0.0028125034513615255,0.0018098419450565117,-4.521869115992061e-05,-0.000140278226748336,-0.0001859139961923716,0.0006077024154552005,0.0005488850288852361,0.00046664949527218196,5.519033213730459e-05,-1.228867979587091e-05,0.036983927811503906,0.5192683961042763,-1.2426288885393373,0.7014811308085853,5.341865153837189e-05,-1.2905304174045144e-05,fuzzy-pid,0.003691162283899293,0.0009623407663166839,7.450200136238452e-05,0.0,0.03,0.2,0.8,0.9,1.0,0.3,0.02,0.03,2.613337188216564,2.6151161560589085,0.0017789678423443256,0.09811882530373768,0.09693714042360416,-0.001181684880133524,-0.07228656915439687,-0.06148241702414764,0.010804152130249225,0.011013210657823643
3.35,0.03717355954638313,0.5182089113730663,-1.2483383929319372,0.7005665095864733,5.0559502582814275e-05,0.0001432327548447354,-0.00421403863422052,0.008979568002232177,-0.022452593548117274,0.011983637960178128,6.353679644632984e-05,9.785635528558809e-05,0.03717355954638313,0.5182089113730663,-1.2483383929319372,0.7005665095864733,5.0559502582814275e-05,0.0001432327548447354,-0.00421403863422052,0.008979568002232177,-0.022452593548117274,0.011983637960178128,6.353679644632984e-05,9.785635528558809e-05,0.036691540799067175,0.5197840078583991,-1.2456652529614893,0.7024632188330834,0.0,0.0,-0.007227784379287625,0.022153012119649422,-0.038713366832844924,0.009736060409870545,0.00507968369210637,0.002116534871710988,-0.0004820187473159529,0.0015750964853327165,0.0026731399704478243,0.0018967092466101176,-5.0559502582814275e-05,-0.0001432327548447354,-0.00018793738967033035,0.0006475039361294899,0.0004936398597406678,0.0004908672957386231,6.042662847683387e-05,-1.031185078226453e-05,0.03662368450992361,0.5201407328719655,-1.2445359319611458,0.7025858472987629,5.867463424221837e-05,-1.0960214130209683e-05,fuzzy-pid,0.003671447420843102,0.0009710666993494567,7.251284296385889e-05,0.0,0.03,0.2,0.8,0.9,1.0,0.3,0.02,0.03,2.6124715443023216,2.6141822768765133,0.0017107325741916313,0.09715962474338212,0.0959614428442444,-0.0011981818991377152,-0.07217424271634135,-0.06127142188792725,0.010902820828414095,0.011101069670095842
3.4000000000000004,0.03681541407656974,0.5190445800767138,-1.2501861014794722,0.7016401181188945,5.584506294731284e-05,0.00014604436050102976,-0.00426065711884869,0.009856514357587042,-0.023745028646793793,0.012694711165295573,6.287951617167798e-05,9.891022108021941e-05,0.03681541407656974,0.5190445800767138,-1.2501861014794722,0.7016401181188945,5.584506294731284e-05,0.00014604436050102976,-0.00426065711884869,0.009856514357587042,-0.023745028646793793,0.012694711165295573,6.287951617167798e-05,9.891022108021941e-05,0.03632831110238808,0.5207134920487605,-1.2476504058174591,0.7036220260221241,0.0,0.0,-0.007300925565267238,0.023704115886193054,-0.04068473547866493,0.010421846894724087,0.005437485336377784,0.0022656188901574096,-0.0004871029741816621,0.0016689119720466605,0.00253569566201306,0.001981907903229607,-5.584506294731284e-05,-0.00014604436050102976,-0.00018988678067683002,0.0006866062445929679,0.00044013283608224655,0.0005145128405246571,6.559455624388069e-05,-8.336869725288536e-06,0.03625973936876434,0.5210852569380064,-1.246541687726319,0.7037488659716773,6.386457574346511e-05,-8.992705826518822e-06,fuzzy-pid,0.0036612423480866254,0.0009850368776132548,7.06081585162878e-05,0.0,0.03,0.2,0.8,0.9,1.0,0.3,0.02,0.03,2.611554486675523,2.613197430786397,0.0016429441108742893,0.09618892108151057,0.09497483380565253,-0.0012140872758580473,-0.07197679175729803,-0.060977679803869034,0.010999111953428994,0.011187213103759199
3.45,0.03645349115573593,0.5199531549242122,-1.2521333312684426,0.7027726753296086,6.106834437913378e-05,0.00014881459307147793,-0.004305595349318828,0.010720992942303782,-0.025010635468625787,0.013392054734940049,6.213863308346523e-05,0.0001010723864602902,0.03645349115573593,0.5199531549242122,-1.2521333312684426,0.7027726753296086,6.106834437913378e-05,0.00014881459307147793,-0.004305595349318828,0.010720992942303782,-0.025010635468625787,0.013392054734940049,6.213863308346523e-05,0.0001010723864602902,0.035961496306510084,0.5217143372363704,-1.2497329051379829,0.7048379086330623,0.0,0.0,-0.0073711829102727985,0.025225722607503418,-0.042606825160371,0.011095418201079335,0.005788913844041392,0.0024120474350172462,-0.000491994849225845,0.0017611823121581605,0.002400426130459765,0.0020652333034536507,-6.106834437913378e-05,-0.00014881459307147793,-0.00019176129414656326,0.000724974212290295,0.00038819652769632294,0.0005375685270184313,7.068727142140514e-05,-6.399934947306401e-06,0.03589223610146373,0.5221007978209972,-1.2486439533892946,0.7049688243629799,6.898159750192013e-05,-7.048127667109506e-06,fuzzy-pid,0.0036601818806731292,0.0010035308252780675,6.880586471109749e-05,0.0,0.03,0.2,0.8,0.9,1.0,0.3,0.02,0.03,2.6105868774555243,2.6121625897127503,0.0015757122572259696,0.09520718162894307,0.09397779042320449,-0.0012293912057385753,-0.0716945831889386,-0.060601680654845086,0.011092902534093507,0.01127150205097873
3.5,0.03608793363490559,0.5209334999926201,-1.2541779379033748,0.7039628847260966,6.622241635767523e-05,0.0001515440673633961,-0.004348834160605812,0.011572048109798307,-0.026249023305525147,0.014074035440892219,6.131530012609817e-05,0.00010313909255543982,0.03608793363490559,0.5209334999926201,-1.2541779379033748,0.7039628847260966,6.622241635767523e-05,0.0001515440673633961,-0.004348834160605812,0.011572048109798307,-0.026249023305525147,0.014074035440892219,6.131530012609817e-05,0.00010313909255543982,0.035591241419687565,0.5227852727520692,-1.2519102277784315,0.706109430025535,0.0,0.0,-0.007438523753419721,0.026715779519590446,-0.044477285016016714,0.011755891088900279,0.00613350839420884,0.0025556284975870158,-0.0004966922152180239,0.001851772759449144,0.002267710124943312,0.0021465452994383627,-6.622241635767523e-05,-0.0001515440673633961,-0.0001935600595165705,0.0007625627376788449,0.0003377802695647848,0.0005600269457779714,7.569805162119155e-05,-4.5011902956851915e-06,0.03552132004549418,0.5231860760725603,-1.2508403239789736,0.7062442988192297,7.40189380913737e-05,-5.13792463854127e-06,fuzzy-pid,0.003667871651978667,0.0010258867246310858,6.701511474562569e-05,0.0,0.03,0.2,0.8,0.9,1.0,0.3,0.02,0.03,2.6095695536627903,2.611078774918773,0.001509221255982851,0.09421487632088996,0.09297079485823227,-0.001244081462657684,-0.07132839190407825,-0.06014405150641064,0.011184340397667608,0.011354072292183917
3.5500000000000003,0.035718885984579174,0.5219843811936711,-1.2563176244622616,0.7052093629263467,7.130045844183641e-05,0.00015422150965083148,-0.004390354286876268,0.012408535006258867,-0.027458029781613522,0.014739654112361536,6.041082816210648e-05,0.00010498486782140272,0.035718885984579174,0.5219843811936711,-1.2563176244622616,0.7052093629263467,7.130045844183641e-05,0.00015422150965083148,-0.004390354286876268,0.012408535006258867,-0.027458029781613522,0.014739654112361536,6.041082816210648e-05,0.00010498486782140272,0.03521769308497353,0.5239249308910203,-1.2541797356390652,0.7074350870020387,0.0,0.0,-0.0075029153666427125,0.02817229503743117,-0.04629386846244476,0.012402404837354471,0.006470819915141464,0.0026961749646422766,-0.0005011928996056444,0.0019405496973492475,0.002137888823196432,0.0022257240756919927,-7.130045844183641e-05,-0.00015422150965083148,-0.00019528220919918588,0.0007993246749492789,0.0002888703458249726,0.0005818775784633807,8.062031044691279e-05,-2.637792183154085e-06,0.035147138168204306,0.5243397106926172,-1.2531282299646735,0.707573798140184,7.896996735802801e-05,-3.2628252970008814e-06,fuzzy-pid,0.0036837768338179185,0.0010514700483761248,6.520534874429207e-05,0.0,0.03,0.2,0.8,0.9,1.0,0.3,0.02,0.03,2.6085034181320745,2.609947055998818,0.001443637866743508,0.09321248092188533,0.09195433408485508,-0.0012581468370302523,-0.07087909280258538,-0.05960555556102709,0.011273537241558287,0.011435019269359654
3.6,0.03534649430150871,0.5231044647533798,-1.2585499248169443,0.7065106541025932,7.629577412249233e-05,0.0001568402431098015,-0.004430136381561406,0.013229277757354224,-0.02863545760849523,0.015388069132349686,5.942669147884898e-05,0.00010667378651519016,0.03534649430150871,0.5231044647533798,-1.2585499248169443,0.7065106541025932,7.629577412249233e-05,0.0001568402431098015,-0.004430136381561406,0.013229277757354224,-0.02863545760849523,0.015388069132349686,5.942669147884898e-05,0.00010667378651519016,0.03484099958310185,0.5251318495044828,-1.256538680988996,0.7088133127162919,0.0,0.0,-0.007564324974318411,0.029593342220852952,-0.048054437518360305,0.013034122647902342,0.006800411816296874,0.002833504923457031,-0.0005054947184068639,0.0020273847511029786,0.0020112438279482614,0.002302658613698716,-7.629577412249233e-05,-0.0001568402431098015,-0.00019692687767153353,0.0008352132101957699,0.00024146881304322178,0.0006031054869083607,8.544761008715837e-05,-8.094185679033585e-07,0.03476983907112381,0.5255602247091632,-1.255504966623133,0.7089557631874461,8.382819940487579e-05,-1.4227702501777393e-06,fuzzy-pid,0.003707232414220975,0.0010796789647272381,6.336297874487967e-05,0.0,0.03,0.2,0.8,0.9,1.0,0.3,0.02,0.03,2.60738945121609,2.6087685498228237,0.0013790986067339084,0.09220047722441695,0.09092889965448288,-0.0012715775699340681,-0.07034761464165121,-0.05898709088524559,0.011360523756405616,0.011514352891209789
3.6500000000000004,0.03497090631386257,0.5242923198089278,-1.260872222987194,0.7078652338120786,8.120180406523403e-05,0.00015939673297449275,-0.004468161036364033,0.014033126536006378,-0.029779397766383577,0.016018475189749977,5.8364522192989735e-05,0.00010824630303219127,0.03497090631386257,0.5242923198089278,-1.260872222987194,0.7078652338120786,8.120180406523403e-05,0.00015939673297449275,-0.004468161036364033,0.014033126536006378,-0.029779397766383577,0.016018475189749977,5.8364522192989735e-05,0.00010824630303219127,0.034461310834305606,0.5264044747454496,-1.2589842119945296,0.7102424796977805,0.0,0.0,-0.007622719776200248,0.03097706198262402,-0.04975696665457907,0.01365023295926,0.007121860674396521,0.0029674419476652166,-0.0005095954795569652,0.0021121549365218373,0.0018880109926644462,0.002377245885701984,-8.120180406523403e-05,-0.00015939673297449275,-0.00019849320103339395,0.0008701824695587048,0.00019558858480218526,0.0006236930925028138,9.017367287265289e-05,9.826659001491137e-07,0.03438957299273511,0.526846049088547,-1.2579677092130788,0.710388570389574,8.858730450570861e-05,3.8130686256740044e-07,fuzzy-pid,0.0037374818514119435,0.0011099537405838272,6.147922049783613e-05,0.0,0.03,0.2,0.8,0.9,1.0,0.3,0.02,0.03,2.606228701876566,2.607544419434104,0.0013157175575382318,0.09117935249397248,0.0898949874581065,-0.0012843650358659725,-0.06973496261853529,-0.05828968891197306,0.011445273706562231,0.011592022966449563
3.7,0.03459227138483012,0.5255464216937957,-1.263281771635138,0.7092715121490762,8.601213848224987e-05,0.0001618884543819199,-0.00450440880053203,0.014818968553243255,-0.030888184815936574,0.016630100633641474,5.7226099148267705e-05,0.00010971428494599657,0.03459227138483012,0.5255464216937957,-1.263281771635138,0.7092715121490762,8.601213848224987e-05,0.0001618884543819199,-0.00450440880053203,0.014818968553243255,-0.030888184815936574,0.016630100633641474,5.7226099148267705e-05,0.00010971428494599657,0.034078778398905794,0.5277411639578502,-1.2615133784280015,0.7117209029796365,0.0,0.0,-0.007678066973670377,0.032321666032988236,-0.051399546162346606,0.014249950672154496,0.007434756872428434,0.0030978153635118476,-0.0005134929859243256,0.0021947422640544723,0.0017683932071366204,0.002449390830560283,-8.601213848224987e-05,-0.0001618884543819199,-0.00019998031692396883,0.0009041877614586883,0.00015125060152693776,0.0006436215939192303,9.479239200832585e-05,2.7366043904229856e-06,0.03400649180967015,0.5281955260616185,-1.2605135231731257,0.7118705360275603,9.324112013267154e-05,2.1477800084590892e-06,fuzzy-pid,0.0037737123085535575,0.0011417820380161556,5.9548150157475266e-05,0.0,0.03,0.2,0.8,0.9,1.0,0.3,0.02,0.03,2.605022279298743,2.6062758729015614,0.0012535936028181816,0.09014959894642056,0.08885309748648924,-0.0012965014599313207,-0.06904223852334723,-0.05751451272031946,0.011527725803027772,0.011667942198452262
3.75,0.034210740514660554,0.5268651551926258,-1.265775705776636,0.7107278374290438,9.072052863290381e-05,0.00016431309651165904,-0.004538860198799552,0.015585728650080788,-0.03196032905936687,0.0172222155502059,5.601333841198772e-05,0.00011107841313418258,0.034210740514660554,0.5268651551926258,-1.265775705776636,0.7107278374290438,9.072052863290381e-05,0.00016431309651165904,-0.004538860198799552,0.015585728650080788,-0.03196032905936687,0.0172222155502059,5.601333841198772e-05,0.00011107841313418258,0.03369355547650453,0.5291401886988136,-1.2641231375328583,0.7132468433167907,0.0,0.0,-0.00773033379930519,0.03362543955676479,-0.052980385034153026,0.014832518282441406,0.007738705190838994,0.0032244604961829135,-0.0005171850381560233,0.0022750335061878513,0.0016525682437775746,0.0025190058877468946,-9.072052863290381e-05,-0.00016431309651165904,-0.00020138736473202735,0.0009371857698950972,0.00010848115846395437,0.0006628717962768479,9.929784153424185e-05,4.450356357351017e-06,0.033620749036246914,0.5296069123669361,-1.2631393730740772,0.7133999203416908,9.778366118384927e-05,3.874712270128035e-06,fuzzy-pid,0.0038150831300007263,0.001174700423518107,5.756630886434536e-05,0.0,0.03,0.2,0.8,0.9,1.0,0.3,0.02,0.03,2.603771347269142,2.6049641621274695,0.0011928148583275622,0.08911171333398069,0.08780373358837565,-0.0013079797456050368,-0.06827065161626779,-0.05666285509589411,0.011607796520373678,0.011741999759817715
3.8000000000000003,0.03382646634107278,0.5282468235637738,-1.2683511326246233,0.7122324987369466,9.532089739039407e-05,0.00016667772128542424,-0.0045714957508381365,0.01633352809751222,-0.03301027797206827,0.017793873787664106,5.472826201114006e-05,0.000114201437462216,0.03382646634107278,0.5282468235637738,-1.2683511326246233,0.7122324987369466,9.532089739039407e-05,0.00016667772128542424,-0.0045714957508381365,0.01633352809751222,-0.03301027797206827,0.017793873787664106,5.472826201114006e-05,0.000114201437462216,0.033305796903617325,0.5305997378833928,-1.2668103600205372,0.7148185104812248,0.0,0.0,-0.007779487549745455,0.0348867436209467,-0.05449781335488614,0.015397206921777172,0.008033325350492438,0.0033472188960385154,-0.0005206694374554552,0.002352914319618926,0.001540772604086138,0.002586011744278194,-9.532089739039407e-05,-0.00016667772128542424,-0.00020271348603546555,0.0009691268450335948,6.74170732212656e-05,0.0006814263907175069,0.00010368428569450712,6.109148682824115e-06,0.03323249982224813,0.5310783766380538,-1.2658420504790062,0.7149749327393795,0.00010220912956684266,5.5505395796500946e-06,fuzzy-pid,0.003860778024422967,0.0012082939790096776,5.544831318210589e-05,0.0,0.03,0.2,0.8,0.9,1.0,0.3,0.02,0.03,2.6024770755068856,2.603610581611998,0.001133506105112314,0.08806619508291975,0.08674740322683484,-0.001318791856084911,-0.06742164572972209,-0.05573613637478694,0.011685509354935147,0.011814193875769926
3.85,0.033459060406085595,0.5297621246677577,-1.2690413061424781,0.7137264503203982,9.097560761039958e-05,5.111636565846567e-05,-0.0037228706744053225,0.018844236232596193,0.00523540138104306,0.01422162973607785,-0.00028673970575710585,-0.0014609063378579236,0.033459060406085595,0.5297621246677577,-1.2690413061424781,0.7137264503203982,9.097560761039958e-05,5.111636565846567e-05,-0.0037228706744053225,0.018844236232596193,0.00523540138104306,0.01422162973607785,-0.00028673970575710585,-0.0014609063378579236,0.03291565914957955,0.5321179210410951,-1.2695718361746773,0.7164340666211302,0.0,0.0,-0.007825495621853047,0.03610401731246618,-0.05595028420444228,0.015943317305628448,0.008318252507284409,0.0034659385447018375,-0.0005434012565060445,0.002355796373337382,-0.0005305300321991613,0.0027076163007320186,-9.097560761039958e-05,-5.111636565846567e-05,-0.00021415475702146682,0.0009700433872439717,-0.0007337505903233832,0.0007375698487042673,0.00011225568369418451,4.9237617431372356e-05,0.03283425324998059,0.5325855674807678,-1.269189702693502,0.7166224605372207,0.00010974404516234904,3.831584796844179e-05,fuzzy-pid,0.003669959001034631,0.0014437005662879675,0.0008044171737326128,0.0,0.03,0.2,0.8,0.9,1.0,0.3,0.02,0.03,2.60225981473567,2.6022164671756958,-4.334755997437156e-05,0.08710167445449396,0.08568461723385579,-0.0014170572206381737,-0.0629913618738794,-0.05473590207482923,0.008255459799050166,0.008376308654249312
3.9000000000000004,0.03300496030611333,0.5312582235517134,-1.2690326387262072,0.7149036137329663,2.3752902879259352e-05,1.0857128226238189e-05,-0.004551752018056118,0.0184372640198664,0.0009722662543510048,0.009942631236370614,-0.0009362155227066382,0.00011864990838717202,0.03300496030611333,0.5312582235517134,-1.2690326387262072,0.7149036137329663,2.3752902879259352e-05,1.0857128226238189e-05,-0.004551752018056118,0.0184372640198664,0.0009722662543510048,0.009942631236370614,-0.0009362155227066382,0.00011864990838717202,0.032523300310563594,0.5336927716736005,-1.2724042820383428,0.7180916296708457,0.0,0.0,-0.007868325552129811,0.03727577960743213,-0.05733637507602858,0.01647018058895393,0.00859313769858466,0.003580474041076941,-0.00048165999554973526,0.002434548121887148,-0.003371643312135575,0.0031880159378794293,-2.3752902879259352e-05,-1.0857128226238189e-05,-0.00019617597947776586,0.0010006957401979097,-0.0016685683174973434,0.0009134993282597017,0.00014121789226634787,6.013899428419799e-05,0.03245390656080952,0.5341664924305407,-1.2728520634402556,0.7184094618836343,0.00013334943049034818,5.4683207705258935e-05,fuzzy-pid,0.005262235953581664,0.0021638016138248,0.0009523947802994188,0.0,0.03,0.2,0.8,0.9,1.0,0.3,0.02,0.03,2.6024257876359878,2.6007831946411977,-0.001642592994790082,0.08592416193466675,0.08461588956331365,-0.0013082723713531003,-0.05777779715516128,-0.053663820318085254,0.004113976837076025,0.00461892777169955
3.95,0.03252962592255626,0.532773613470134,-1.2691576662113517,0.7159537610805438,-6.600453852101396e-05,1.9100310935105114e-05,-0.004794741290137341,0.01845270056772858,-0.00016854776880848382,0.007485685598762774,-0.0013312229993900644,0.002168071272734597,0.03252962592255626,0.532773613470134,-1.2691576662113517,0.7159537610805438,-6.600453852101396e-05,1.9100310935105114e-05,-0.004794741290137341,0.01845270056772858,-0.00016854776880848382,0.007485685598762774,-0.0013312229993900644,0.002168071272734597,0.0321288801015438,0.5353222507031049,-1.275304345660174,0.7197892767985671,0.0,0.0,-0.007907945059364816,0.0384006309746778,-0.058654788817319,0.01697715913040429,0.008857648241950065,0.003690686767479194,-0.00040074582101246037,0.0025486372329709406,-0.006146679448822301,0.003835515718023319,6.600453852101396e-05,-1.9100310935105114e-05,-0.00017193795674400527,0.0010446528356780449,-0.0025440516804017686,0.0011397967640748164,0.00017700926903989897,4.7099329741072674e-05,0.03208118324880222,0.5358168007617223,-1.2765993138654959,0.72029917064289,0.00016609430940251127,4.899529923211924e-05,fuzzy-pid,0.007691145522554249,0.0029875991116945504,0.0009064504463404346,0.0,0.03,0.2,0.8,0.9,1.0,0.3,0.02,0.03,2.602504862073645,2.599312178475455,-0.003192683598189916,0.08468838348658636,0.08354173704242593,-0.0011466464441604318,-0.05289413114809276,-0.05252167904887292,0.000372452099219836,0.00341273309713343
4.0,0.03204953764596086,0.5343330164396383,-1.2693141101795549,0.7170011799270473,-0.00015055677917974464,1.3306492338216458e-05,-0.004872446619952446,0.01915523107687319,-0.0007866093543640486,0.008253635936661572,-0.0007845913163606777,0.00021329079924470762,0.03204953764596086,0.5343330164396383,-1.2693141101795549,0.7170011799270473,-0.00015055677917974464,1.3306492338216458e-05,-0.004872446619952446,0.01915523107687319,-0.0007866093543640486,0.008253635936661572,-0.0007845913163606777,0.00021329079924470762,0.03173255984604969,0.5370042500009073,-1.2782686133758918,0.7215250478790849,0.0,0.0,-0.007944322090469089,0.03947725471786719,-0.05990435410434477,0.017463647166353992,0.009111468086793388,0.0037964450361639107,-0.0003169777999111681,0.002671233561269082,-0.00895450319633695,0.00452386795203763,0.00015055677917974464,-1.3306492338216458e-05,-0.0001471523003182784,0.0010894084121290375,-0.0034025837209363087,0.0013625137413306764,0.000206564217725171,5.233640678669456e-05,0.03170935147149911,0.5375244440002078,-1.2804032262889953,0.7222404638760341,0.00019644674064450606,5.150112989805074e-05,fuzzy-pid,0.01038784466632342,0.0038324785761595483,0.0008889310597217728,0.0,0.03,0.2,0.8,0.9,1.0,0.3,0.02,0.03,2.602558577599381,2.597804870393825,-0.0047537072055559015,0.08343936995064197,0.08246267912181984,-0.0009766908288221243,-0.047954143293802834,-0.05131138305195293,-0.0033572397581500962,0.005901077525754348
