time,q1,q2,q3,q4,q5,q6,qdot1,qdot2,qdot3,qdot4,qdot5,qdot6,q_obs1,q_obs2,q_obs3,q_obs4,q_obs5,q_obs6,qdot_obs1,qdot_obs2,qdot_obs3,qdot_obs4,qdot_obs5,qdot_obs6,q_ref1,q_ref2,q_ref3,q_ref4,q_ref5,q_ref6,qdot_ref1,qdot_ref2,qdot_ref3,qdot_ref4,qdot_ref5,qdot_ref6,error1,error2,error3,error4,error5,error6,correction1,correction2,correction3,correction4,correction5,correction6,target1,target2,target3,target4,target5,target6,controller,error_norm,correction_norm,smoothness,fuzzy_severity,fuzzy_exploration_scale,fuzzy_expert_blend,fuzzy_kp_multiplier,fuzzy_kd_multiplier,reward_error_weight,reward_velocity_weight,reward_effort_weight,reward_smoothness_weight,x,x_ref,x_error,y,y_ref,y_error,z,z_ref,z_error,cartesian_error_norm
0.0,0.0,0.0,0.0,0.0,0.0,0.0,0.0,0.0,0.0,0.0,0.0,0.0,0.0,0.0,0.0,0.0,0.0,0.0,0.0,0.0,0.0,0.0,0.0,0.0,0.0,0.0,-0.0,0.0,0.0,0.0,0.0,0.0,0.0,0.0,0.0,0.0,0.0,0.0,-0.0,0.0,0.0,0.0,0.0,0.0,0.0,0.0,0.0,0.0,0.0,0.0,0.0,0.0,0.0,0.0,fuzzy-pid,0.0,0.0,0.0,0.0,0.03,0.2,0.8,0.9,1.0,0.3,0.02,0.03,2.95,2.95,0.0,0.0,0.0,0.0,0.0,0.0,0.0,0.0
0.05,0.0,0.0,0.0,0.0,0.0,0.0,0.0,0.0,0.0,0.0,0.0,0.0,0.0,0.0,0.0,0.0,0.0,0.0,0.0,0.0,0.0,0.0,0.0,0.0,0.00013781452909505045,0.0381180589517092,-0.08528762659703253,0.04738485347595059,0.0,0.0,0.00806558109431039,1.38130841231153,-2.489906462251626,0.5387713317766756,0.28109808614435233,0.11712420256014687,0.00013781452909505045,0.0381180589517092,-0.08528762659703253,0.04738485347595059,0.0,0.0,0.00011314548250221932,0.024585615699557598,-0.05026521522316898,0.02125667493305017,0.0022199538800161023,0.0009249807833400433,0.0001882200086979523,0.047027755988450104,-0.10166463136515112,0.05148114630675057,0.0016649654100120768,0.0006937355875050325,fuzzy-pid,0.10474878997192552,0.059905652292136444,0.059905652292136444,0.2119035806072471,0.07661878773359436,0.3854156330313412,1.0251475543952,1.316239176192807,1.0,1.2081582026024875,0.02,0.03,2.95,2.94838371786195,-0.0016162821380500958,0.0,0.0004063301162411136,0.0004063301162411136,0.0,0.0006347452535420314,0.0006347452535420314,0.0017833602132038395
0.1,5.228333574943121e-05,0.013063265552347254,-0.02824017537920865,0.014300318418541826,0.00046249039167002137,0.00019270432986250906,0.001045666714988624,0.26126531104694506,-0.564803507584173,0.2860063683708365,0.009249807833400427,0.003854086597250181,5.228333574943121e-05,0.013063265552347254,-0.02824017537920865,0.014300318418541826,0.00046249039167002137,0.00019270432986250906,0.001045666714988624,0.26126531104694506,-0.564803507584173,0.2860063683708365,0.009249807833400427,0.003854086597250181,0.0010245263802546082,0.10445679642020711,-0.23157683748405936,0.12871088446494106,0.0,0.0,0.029246953888856283,1.8434479699086597,-3.2820252957624096,0.7215437476711408,0.37645760748059526,0.156857336450248,0.000972243044505177,0.09139353086785985,-0.2033366621048507,0.11441056604639924,-0.00046249039167002137,-0.00019270432986250906,0.0006878238004771409,0.059153445582112774,-0.12106995966052042,0.053358886838743964,0.004719479353649567,0.0019664497306873196,0.0013313176377233,0.13446462049885244,-0.28990125569972264,0.14942261505445142,0.003955850867740194,0.0016482711948917477,fuzzy-pid,0.2505784299423095,0.1450201695372035,0.08512614902130117,0.33501367769471546,0.1037030090928374,0.493136967982876,1.1559520325506352,1.4500000000000002,1.2115910680565978,1.5,0.02,0.03,2.94982229161052,2.938091248158604,-0.011731043451916001,0.00015422654941395792,0.0030101530445404514,0.0028559264951264936,0.0002394225246405366,0.00467404946999757,0.004434626945357034,0.012862333099433921
0.15000000000000002,0.0004075706418532837,0.0467858641485987,-0.08824017537920864,0.0518342897062945,0.001432868301689514,0.0005970284590372976,0.007105746122077049,0.6744519719250288,-1.2,0.7506794257550534,0.01940755820038985,0.008086482583495772,0.0004075706418532837,0.0467858641485987,-0.08824017537920864,0.0518342897062945,0.001432868301689514,0.0005970284590372976,0.007105746122077049,0.6744519719250288,-1.2,0.7506794257550534,0.01940755820038985,0.008086482583495772,0.003219298051609454,0.1859758043369581,-0.40797715672547064,0.22696963098130044,0.0,0.0,0.059873732743331444,2.127281226447321,-3.7336168485882464,0.8397705492893769,0.43814115615097926,0.18255881506290803,0.0028117274097561704,0.1391899401883594,-0.319736981346262,0.17513534127500593,-0.001432868301689514,-0.0005970284590372976,0.002064393601042724,0.09742786292034138,-0.1458905306496054,0.09287582585168269,0.0063645694578091045,0.0026519039407537936,0.004295598148919958,0.24616890556768772,-0.48787607945623773,0.27723974638835025,0.005762389810291877,0.0024009957542882824,fuzzy-pid,0.39024130972918464,0.19863020035713266,0.06039578916694566,0.5852070753280719,0.15874555657217582,0.7120561909120628,1.4217825175360765,1.4500000000000002,2.1738733666464305,1.5,0.02,0.03,2.948144911181233,2.913093990813869,-0.03505092036736368,0.0012015773802595007,0.009378150206812298,0.008176572826552798,0.026560521199699604,0.014473256597353159,-0.012087264602346446,0.037967424555193745
0.2,0.0014875782827051378,0.10217004232056788,-0.14824017537920864,0.1118342897062945,0.0026355131651901705,0.0010981304854959044,0.02160015281703708,1.1076835634393836,-1.2,1.2,0.024052897270013127,0.010022040529172138,0.0014875782827051378,0.10217004232056788,-0.14824017537920864,0.1118342897062945,0.0026355131651901705,0.0010981304854959044,0.02160015281703708,1.1076835634393836,-1.2,1.2,0.024052897270013127,0.010022040529172138,0.00712614052078866,0.2773213226452484,-0.6017060845179949,0.33531396829898463,0.0,0.0,0.09738319966817309,2.3074386392054294,-3.9890425868116073,0.924527829659323,0.482362345909212,0.20098431079550502,0.005638562238083522,0.17515128032468052,-0.45346590913878626,0.22347967859269013,-0.0026355131651901705,-0.0010981304854959044,0.004359322854997951,0.130621772147603,-0.16100624574296238,0.1298016504149541,0.0074298421200249196,0.0030957675500103833,0.009687997069069948,0.3674995474865605,-0.6940032675597774,0.4181466506325416,0.007012979042591658,0.002922074601079858,fuzzy-pid,0.5350629997473687,0.24478014013411253,0.0519657145941232,0.7945375098318719,0.2047982521630118,0.8914983223638858,1.6388994136831685,1.4500000000000002,2.9701809579592657,1.5,0.022290460762462768,0.03286307595307846,2.9413222462114854,2.8699283021243263,-0.07139394408715916,0.004375450323364354,0.02045185856129876,0.01607640823793441,0.14257521909193055,0.03136808422937646,-0.1112071348625541,0.13312615444942225
0.25,0.0037654723900286966,0.16217004232056786,-0.20824017537920864,0.1718342897062945,0.003851475908912806,0.0016047816287136692,0.045557882146471176,1.2,-1.2,1.2,0.02431925487445271,0.010133022864355298,0.0037654723900286966,0.16217004232056786,-0.20824017537920864,0.1718342897062945,0.003851475908912806,0.0016047816287136692,0.045557882146471176,1.2,-1.2,1.2,0.02431925487445271,0.010133022864355298,0.013043309195494365,0.3749389992608826,-0.8046131684153138,0.449550822050767,0.0,0.0,0.14004945446164802,2.412931001260088,-4.107532822374834,0.9881529801275232,0.5155580765882729,0.21481586524511367,0.009277836805465667,0.21276895694031472,-0.5963729930361052,0.2777165323444725,-0.003851475908912806,-0.0016047816287136692,0.006887720340408027,0.152703677934594,-0.15846216700305,0.157277452072184,0.008341796890748005,0.0034757487044783353,0.01737027141919428,0.48760689476824753,-0.8958073184537172,0.5596578682503487,0.008009592428708918,0.003337330178628716,fuzzy-pid,0.6914921081576363,0.270728601467011,0.03544532998229359,0.8196546277608335,0.21032401810738338,0.8852590291793748,1.6254317152989581,1.4500000000000002,3.0,1.5,0.039654627760833464,0.05456828470104183,2.9265806236660223,2.8073452025988255,-0.11923542106719687,0.011020010619100514,0.036619148165977035,0.02559913754687652,0.2715547684203797,0.0558127234927824,-0.21574204492759727,0.24782459811277216
0.30000000000000004,0.0075445832314635815,0.22217004232056786,-0.26824017537920863,0.2318342897062945,0.005006508275522837,0.0020860451148011824,0.07558221682869769,1.2,-1.2,1.2,0.023100647332200623,0.009625269721750259,0.0075445832314635815,0.22217004232056786,-0.26824017537920863,0.2318342897062945,0.005006508275522837,0.0020860451148011824,0.07558221682869769,1.2,-1.2,1.2,0.023100647332200623,0.009625269721750259,0.021195866803104663,0.4760395241259542,-1.0106990696907643,0.5667466042072831,0.0,0.0,0.18660440924462446,2.4579313788276664,-4.1199989541116135,1.0361579527364875,0.5406041492538196,0.22525172885575817,0.013651283571641082,0.2538694818053863,-0.7424588943115557,0.3349123145009886,-0.005006508275522837,-0.0020860451148011824,0.009765458675395505,0.1556487790187386,-0.1556487790187386,0.1556487790187386,0.009061341424348557,0.0037755589268118985,0.027563561963673697,0.5956679510505815,-1.0987127161455565,0.6817110044821034,0.008798404175438647,0.003666001739766103,fuzzy-pid,0.8532742561400581,0.2699469469485285,0.005303805868527164,0.8352845610070078,0.2137626034215417,0.8735365792447441,1.6058942987412403,1.4500000000000002,3.0,1.5,0.05528456100700767,0.0741057012587596,2.904043186664941,2.72596614026957,-0.17807704639537114,0.02191021124625359,0.0577878694960916,0.035877658249838004,0.39936878220525196,0.08751792488791661,-0.31185085731733536,0.36090109174668394
0.35000000000000003,0.013105410657077503,0.28217004232056786,-0.32824017537920863,0.2918342897062945,0.006059812692166117,0.002524921955069216,0.11121654851227843,1.2,-1.2,1.2,0.021066088332865614,0.00877753680536067,0.013105410657077503,0.28217004232056786,-0.32824017537920863,0.2918342897062945,0.006059812692166117,0.002524921955069216,0.11121654851227843,1.2,-1.2,1.2,0.021066088332865614,0.00877753680536067,0.03174853566373302,0.5781991837856992,-1.2151478250836625,0.6846778388743221,0.0,0.0,0.23583463797898754,2.4497870310673706,-4.044333925193968,1.0702768355995385,0.558405305530194,0.2326688773042475,0.01864312500665552,0.2960291414651314,-0.8869076497044539,0.3928435491680276,-0.006059812692166117,-0.002524921955069216,0.01303183136253356,0.15574232974160943,-0.15574232974160943,0.15574232974160943,0.00958019693482004,0.003991748722841683,0.040476165760618354,0.6993731229081269,-1.302845795155343,0.8007428775824745,0.009384748744974691,0.003910311977072789,fuzzy-pid,1.0143742645072138,0.2702675760794668,0.00331834217843556,0.8347648347688366,0.21364826364914405,0.8739263739233725,1.6065439565389543,1.4500000000000002,3.0,1.5,0.05476483476883655,0.07345604346104569,2.8737489422279,2.627944960363558,-0.24580398186434227,0.037663816313866505,0.08346144837958751,0.045797632065721,0.5255247418488337,0.12558832653584834,-0.39993641531298535,0.4716631816207343
0.4,0.020708398185838854,0.34217004232056786,-0.38824017537920863,0.3518342897062945,0.006983406040168499,0.002909752516736875,0.15205975057522697,1.2,-1.2,1.2,0.018471866960047635,0.007696611233353182,0.020708398185838854,0.34217004232056786,-0.38824017537920863,0.3518342897062945,0.006983406040168499,0.002909752516736875,0.15205975057522697,1.2,-1.2,1.2,0.018471866960047635,0.007696611233353182,0.04479818001196831,0.6791483778628303,-1.413850553845006,0.8015525367693229,0.0,0.0,0.2861700549983285,2.392214289246456,-3.891645558496324,1.0896083013534679,0.5684912876626789,0.23687136985944954,0.024089781826129454,0.3369783355422625,-1.0256103784657973,0.44971824706302843,-0.006983406040168499,-0.002909752516736875,0.016494256003865854,0.15570401585919483,-0.15570401585919483,0.15570401585919483,0.00995041715516496,0.004146007147985399,0.056088368452030204,0.8009825760185505,-1.5028773760669865,0.9181281338670069,0.009809000052617393,0.004087083355257247,fuzzy-pid,1.1697500164527008,0.2704061432770994,0.003486208102070525,0.8349776896711399,0.21369509172765078,0.873766732746645,1.606277887911075,1.4500000000000002,3.0,1.5,0.05497768967113992,0.0737221120889249,2.8357315157979035,2.516636176489426,-0.31909533930847767,0.058731853095989564,0.11281619996789469,0.05408434687190512,0.6495474109246984,0.1686583120704042,-0.4808890988542942,0.5796561718310675
0.45,0.03053616770422534,0.40217004232056786,-0.4482401753792086,0.4118342897062945,0.007768293265848747,0.003236788860770312,0.19655539036772973,1.2,-1.2,1.2,0.015697744513604967,0.006540726880668736,0.03053616770422534,0.40217004232056786,-0.4482401753792086,0.4118342897062945,0.007768293265848747,0.003236788860770312,0.19655539036772973,1.2,-1.2,1.2,0.015697744513604967,0.006540726880668736,0.06034560650581841,0.7766444624474457,-1.603158121774885,0.9158454613336028,0.0,0.0,0.33527076700852415,2.2871539401404086,-3.669669898341862,1.0912672903614693,0.5693568471451144,0.2372320196437977,0.02980943880159307,0.3744744201268778,-1.1549179463956762,0.5040111716273084,-0.007768293265848747,-0.003236788860770312,0.020030139696844616,0.15568743179660444,-0.15568743179660444,0.15568743179660444,0.010163362357369997,0.004234734315570832,0.07430390176500482,0.8994945646876753,-1.6948535091953636,1.033181703314407,0.010074771781181846,0.004197821575492436,fuzzy-pid,1.3149346908441342,0.2706255026114,0.003543517567767797,0.8350698233521976,0.21371536113748346,0.8736976324858517,1.6061627208097529,1.4500000000000002,3.0,1.5,0.05506982335219758,0.07383727919024696,2.790011533209265,2.396269582642594,-0.39374195056667105,0.08522275058699642,0.14478012739192667,0.05955737680493024,0.7709846091181207,0.21502572261284694,-0.5559588865052738,0.6838640860961447
0.5,0.04269387160999742,0.46217004232056785,-0.5082401753792086,0.4718342897062945,0.008408981742330164,0.0035037423926375685,0.24315407811544154,1.2,-1.2,1.2,0.012813769529628328,0.005339070637345134,0.04269387160999742,0.46217004232056785,-0.5082401753792086,0.4718342897062945,0.008408981742330164,0.0035037423926375685,0.24315407811544154,1.2,-1.2,1.2,0.012813769529628328,0.005339070637345134,0.07824743277243093,0.8684104320250343,-1.779774429408533,1.02618301670161,0.0,0.0,0.37965559453288966,2.136275194524254,-3.3851372471838124,1.071068592571359,0.5588183961241874,0.2328409983850781,0.03555356116243351,0.40624038970446646,-1.2715342540293242,0.5543487269953155,-0.008408981742330164,-0.0035037423926375685,0.023462762841552163,0.15566114653062135,-0.15566114653062135,0.15566114653062135,0.010194863631535349,0.004247859846473062,0.09485862215173851,0.9929273250886606,-1.8752900592532065,1.144678548252775,0.010164840668946972,0.004235350278727906,fuzzy-pid,1.4458492893156263,0.2708572657611062,0.003433094669396817,0.8352158526076592,0.21374748757368503,0.8735881105442556,1.605980184240426,1.4500000000000002,3.0,1.5,0.05521585260765913,0.07401981575957389,2.736601090839236,2.2716311896062464,-0.46496990123298954,0.1169071357301054,0.17811296567543353,0.061205829945328125,0.8893979807995817,0.2627827905645433,-0.6266151902350383,0.7826811351407454
0.55,0.05718408009381439,0.5221700423205679,-0.5682401753792086,0.5318342897062944,0.008896720333057054,0.00370696680544044,0.28980416967633943,1.2,-1.2,1.2,0.009754771814537825,0.00406448825605743,0.05718408009381439,0.5221700423205679,-0.5682401753792086,0.5318342897062944,0.008896720333057054,0.00370696680544044,0.28980416967633943,1.2,-1.2,1.2,0.009754771814537825,0.00406448825605743,0.09815276282932676,0.952155404951635,-1.9407541299110362,1.1312396511171663,0.0,0.0,0.4144945728648344,1.9423855181390643,-3.0456168103736605,1.0245210070157549,0.5345326993125676,0.22272195804690317,0.04096868273551237,0.4299853626310671,-1.3725139545318277,0.5994053614108719,-0.008896720333057054,-0.00370696680544044,0.026545096212128156,0.15563333269939425,-0.15563333269939425,0.15563333269939425,0.010010430382693822,0.00417101265945576,0.11723804981902582,1.079073384510437,-2.0411131117711245,1.251324374925614,0.01004903295425711,0.004187097064273797,fuzzy-pid,1.5587623555084746,0.271085689289059,0.0030891780376695135,0.8353703738922543,0.21378148225629595,0.8734722195808092,1.6057870326346821,1.4500000000000002,3.0,1.5,0.055370373892254285,0.07421296736531785,2.6755211081228887,2.147750413971072,-0.5277706941518168,0.15316419969476214,0.21148722709986886,0.058323027405106725,1.0043601993892175,0.30994371199837756,-0.6944164873908399,0.8741611631109105
0.6000000000000001,0.07386573835081757,0.5821700423205678,-0.6282401753792086,0.5918342897062945,0.009216807172279292,0.003840336321783039,0.33363316514006347,1.2,-1.2,1.2,0.006401736784444755,0.0026673903268519842,0.07386573835081757,0.5821700423205678,-0.6282401753792086,0.5918342897062945,0.009216807172279292,0.003840336321783039,0.33363316514006347,1.2,-1.2,1.2,0.006401736784444755,0.0026673903268519842,0.11943805422689223,1.0257073283726577,-2.083580320847081,1.2296187810827455,0.0,0.0,0.4337892172269538,1.7106389659448644,-2.6608445708403834,0.9482114983402572,0.49471904261230815,0.20613293442179506,0.04557231587607466,0.44353728605208986,-1.4553401454678723,0.637784491376451,-0.009216807172279292,-0.003840336321783039,0.028944875760788715,0.15560587729670144,-0.15560587729670144,0.15560587729670144,0.009576324924864467,0.003990135385360194,0.14059670994551715,1.1557532503796286,-2.189667926550618,1.3517495875159886,0.009694501932212628,0.004039375805088594,fuzzy-pid,1.6503593106536054,0.27126555284461734,0.0024458878585049697,0.8355229039072142,0.2138150388595871,0.8733578220695892,1.605596370115982,1.4500000000000002,3.0,1.5,0.05552290390721418,0.07440362988401772,2.6068355819567928,2.0295933932552632,-0.5772421887015295,0.19290680535190963,0.2435700005453366,0.05066319519342696,1.1154552836387122,0.3545683288384532,-0.760886954800259,0.9564121819327434
0.65,0.09240211934934524,0.6421700423205678,-0.6882401753792087,0.6518342897062945,0.009349500161149663,0.0038956250671456933,0.37072761997055326,1.2,-1.2,1.2,0.0026538597774074207,0.001105774907253084,0.09240211934934524,0.6421700423205678,-0.6882401753792087,0.6518342897062945,0.009349500161149663,0.0038956250671456933,0.37072761997055326,1.2,-1.2,1.2,0.0026538597774074207,0.001105774907253084,0.1411666253014046,1.0872761904923096,-2.2062911593435817,1.3197110593063517,0.0,0.0,0.43122332851912426,1.4492269821719512,-2.2433119346375614,0.8413699946868863,0.43897564940185374,0.18290652058410575,0.048764505952059375,0.44510614817174177,-1.518050983964373,0.6678767696000572,-0.009349500161149663,-0.0038956250671456933,0.030261967141393325,0.1555842290527743,-0.1555842290527743,0.1555842290527743,0.008871511404083456,0.003696463085034774,0.16372062181847774,1.22108362725372,-2.318823522934921,1.4444088631483416,0.00907725903611575,0.003782191265048229,fuzzy-pid,1.7178877199967315,0.27134389840023493,0.001522872668121827,0.8356431719290317,0.21384149782438697,0.8732676210532262,1.6054460350887103,1.4500000000000002,3.0,1.5,0.055643171929031635,0.07455396491128954,2.530704914882218,1.9217622467176294,-0.6089426681645886,0.23451030598511194,0.27310525437836686,0.03859494839325492,1.2222813926830303,0.39488145137375097,-0.8273999413092793,1.028052238960397
0.7000000000000001,0.11221281447965982,0.7021700423205679,-0.7482401753792087,0.7118342897062946,0.009273877626418021,0.0038641156776741755,0.3962139026062917,1.2,-1.2,1.2,-0.0015124506946328513,-0.0006301877894303579,0.11221281447965982,0.7021700423205679,-0.7482401753792087,0.7118342897062946,0.009273877626418021,0.0038641156776741755,0.3962139026062917,1.2,-1.2,1.2,-0.0015124506946328513,-0.0006301877894303579,0.1621116695368774,1.1358106806304802,-2.3076142020548,1.3995708320701001,0.0,0.0,0.40185808585606536,1.1692691960794437,-1.8079962289996772,0.7071195829949511,0.3689319563451919,0.15372164847716335,0.04989885505721757,0.4336406383099123,-1.5593740266755913,0.6877365423638055,-0.009273877626418021,-0.0038641156776741755,0.030089056650081394,0.155574791325524,-0.155574791325524,0.155574791325524,0.00789956743514067,0.003291486431308613,0.1850807000948385,1.273810010780433,-2.4270976257689734,1.5274614333338032,0.00819399033538444,0.003414162639743517,fuzzy-pid,1.7593362219595832,0.27127317498533216,0.0010671674746356274,0.835695603747089,0.21385303282435958,0.8732282971896832,1.6053804953161388,1.4500000000000002,3.0,1.5,0.05569560374708893,0.07461950468386117,2.447453020384475,1.8282000486575303,-0.6192529717269446,0.27579413841080885,0.29899639022533214,0.02320225181452329,1.3244551930940995,0.4293874155093582,-0.8950677775847413,1.0886500420026652
0.75,0.13245389381720946,0.762170042320568,-0.8082401753792088,0.7718342897062946,0.008973908934464248,0.0037391287226934368,0.4048215867509928,1.2,-1.2,1.2,-0.0059993738390754486,-0.0024997390996147695,0.13245389381720946,0.762170042320568,-0.8082401753792088,0.7718342897062946,0.008973908934464248,0.0037391287226934368,0.4048215867509928,1.2,-1.2,1.2,-0.0059993738390754486,-0.0024997390996147695,0.18088175308092413,1.171316746554857,-2.3870719948709773,1.466928610011815,0.0,0.0,0.34445190988958446,0.8839848463645011,-1.371593008976683,0.5528959107850369,0.2884674317139323,0.12019476321413847,0.04842785926371468,0.4091467042342891,-1.5788318194917685,0.6950943203055204,-0.008973908934464248,-0.0037391287226934368,0.02812279662174014,0.15558331108420362,-0.15558331108420362,0.15558331108420362,0.006696669206992504,0.002790278836246877,0.20302358730070785,1.3136275459244038,-2.5137658859086294,1.5987492991554648,0.007070999489090488,0.002946249787121037,fuzzy-pid,1.7736140571230534,0.2710387846564618,0.0023589339665505676,0.8356482717544245,0.21384261978597338,0.8732637961841816,1.6054396603069694,1.4500000000000002,3.0,1.5,0.055648271754424466,0.07456033969303058,2.3576287736793176,1.7519012295180925,-0.6057275441612251,0.31411621855723315,0.3203887934650986,0.006272574907865425,1.421616781346915,0.4569795370460703,-0.9646372443008446,1.139065501208728
0.8,0.15205658645151457,0.822170042320568,-0.8682401753792088,0.8318342897062947,0.008445322977415981,0.003518884573923326,0.3920538526861022,1.2,-1.2,1.2,-0.010571719140965333,-0.004404882975402221,0.15205658645151457,0.822170042320568,-0.8682401753792088,0.8318342897062947,0.008445322977415981,0.003518884573923326,0.3920538526861022,1.2,-1.2,1.2,-0.010571719140965333,-0.004404882975402221,0.19616212330460678,1.1949376169511612,-2.4450552556260234,1.519511062399949,0.0,0.0,0.26359037738364166,0.6077553832918716,-0.9521673208244191,0.3899323485756399,0.20344296447424687,0.08476790186426954,0.04410553685309221,0.3727675746305932,-1.5768150802468146,0.6876767726936543,-0.008445322977415981,-0.003518884573923326,0.02349287769795192,0.15173913505245398,-0.15173913505245398,0.15173913505245398,0.004790450557360303,0.001996021065566794,0.21549714757709598,1.3384144504838122,-2.5760372644860157,1.6531249728781683,0.005360587790292849,0.0022335782459553546,fuzzy-pid,1.7607469466399879,0.26391881922016897,0.008368615911641463,0.7838597858792243,0.20244915289342935,0.8282035207078791,1.5507767801255852,1.3485804353066233,3.0,1.278720949759905,0.05549156426857975,0.0743644553357247,2.2620265331800895,1.6946270701816835,-0.567399462998406,0.3466316741502231,0.3367521254995837,-0.009879548650639391,1.5134338490321386,0.47704419669836157,-1.036389652333777,1.1815850657303295
0.8500000000000001,0.16967896454195386,0.8821700423205681,-0.9282401753792089,0.8918342897062947,0.0075884520921040005,0.003161855038376667,0.3524475618087856,1.2,-1.2,1.2,-0.017137417706239624,-0.007140590710933174,0.16967896454195386,0.8821700423205681,-0.9282401753792089,0.8918342897062947,0.0075884520921040005,0.003161855038376667,0.3524475618087856,1.2,-1.2,1.2,-0.017137417706239624,-0.007140590710933174,0.20703304667808084,1.208668757382105,-2.4829095820893885,1.555764973844427,0.0,0.0,0.17044528816085286,0.35594794135894475,-0.5701513847120397,0.23229649483173428,0.12119817121655704,0.05049923800689877,0.03735408213612698,0.32649871506153705,-1.5546694067101796,0.6639306841381323,-0.0075884520921040005,-0.003161855038376667,0.018124849369094847,0.1496476479300736,-0.1496476479300736,0.1496476479300736,0.003220693306853874,0.0013419555445224485,0.22274270892965575,1.3533409166050872,-2.6184272386361007,1.6923407095504175,0.003755666927713618,0.0015648612198806752,fuzzy-pid,1.7221687599716282,0.2598536885782506,0.006695567400900207,0.740197354427642,0.19284341797408125,0.7975388628320328,1.515115403509766,1.271929193975869,3.0,1.1114818777655322,0.0508515829490178,0.06856447868627225,2.1617488618311707,1.6566259066914444,-0.5051229551397263,0.3703645318698674,0.34796210281847695,-0.02240242905139045,1.599551649226072,0.4895593639925739,-1.109992285233498,1.219726994828915
0.9,0.18441889353853771,0.9421700423205681,-0.9882401753792089,0.9518342897062948,0.0065237895464400055,0.002718245644350003,0.2947985799316772,1.2,-1.2,1.2,-0.021293250913279903,-0.008872187880533289,0.18441889353853771,0.9421700423205681,-0.9882401753792089,0.9518342897062948,0.0065237895464400055,0.002718245644350003,0.2947985799316772,1.2,-1.2,1.2,-0.021293250913279903,-0.008872187880533289,0.213273704410562,1.2148400956119965,-2.50311049920447,1.5758321875724266,0.0,0.0,0.08139518063168329,0.1460115103707265,-0.2508073305952537,0.09617107307537215,0.050176212039324625,0.020906755016385257,0.028854810872024295,0.27267005329142835,-1.5148703238252612,0.6239978978661318,-0.0065237895464400055,-0.002718245644350003,0.012919472722732256,0.13710271607529664,-0.15471550503304346,0.15471550503304346,0.0025341221705780857,0.0010558842377408695,0.22533056008238464,1.3522923379167417,-2.6479763128371605,1.7209959468417069,0.0028395083598619685,0.001183128483275821,fuzzy-pid,1.6611553152278216,0.25854473344590706,0.015375006641347168,0.7991326513644567,0.20580918330018047,0.8532348103111641,1.583607995674304,1.3926843172724808,3.0,1.374947601321776,0.04831154438937557,0.06538943048671945,2.057711914099894,1.6363576164659546,-0.4213542976339393,0.38384238817445726,0.3543815085654984,-0.02946087960895888,1.6797449582163666,0.49518744509306023,-1.1845575131233064,1.2576103885777963
0.9500000000000001,0.19578324535627298,1.0021700423205682,-1.048240175379209,1.0118342897062949,0.005500378105723884,0.0022918242107182857,0.22728703635470515,1.2,-1.2,1.2,-0.02046822881432243,-0.008528428672634343,0.19578324535627298,1.0021700423205682,-1.048240175379209,1.0118342897062949,0.005500378105723884,0.0022918242107182857,0.22728703635470515,1.2,-1.2,1.2,-0.02046822881432243,-0.008528428672634343,0.21555037062505936,1.2157520595793385,-2.509581364882967,1.5823755257899481,0.0,0.0,0.01497758827813257,-0.0004755190309259427,-0.027273331922590176,-0.0003141338827017674,-0.00016389593880092264,-6.828997450038406e-05,0.01976712526878638,0.21358201725877035,-1.4613411895037578,0.5705412360836533,-0.005500378105723884,-0.0022918242107182857,0.007090380801599079,0.10010492493615561,-0.1570479569833462,0.1570479569833462,0.0015485662855991011,0.0006452359523329589,0.22331320359058998,1.324965822865806,-2.661966069609025,1.7348165987903974,0.001871301804164818,0.0007797090850686744,fuzzy-pid,1.5833757918344453,0.2437256766708137,0.03761429885586318,0.8275113500925212,0.21205249702035467,0.8793664874306091,1.6156108123843484,1.4500000000000002,3.0,1.5,0.04751135009252115,0.06438918761565143,1.9505501958680778,1.6302219131056195,-0.3203282827624583,0.3868403943142038,0.35694018373783315,-0.029900210576370656,1.753847189524774,0.4953624184285731,-1.2584847710962008,1.2989565621725438
1.0,0.20343045597691659,1.0621700423205682,-1.108240175379209,1.071834289706295,0.0044923013552908096,0.0018717922313711715,0.15294421241287226,1.2,-1.2,1.2,-0.02016153500866148,-0.008400639586942286,0.20343045597691659,1.0621700423205682,-1.108240175379209,1.071834289706295,0.0044923013552908096,0.0018717922313711715,0.15294421241287226,1.2,-1.2,1.2,-0.02016153500866148,-0.008400639586942286,0.21544558632010868,1.2137873894434175,-2.508149985634857,1.5809231320564319,0.0,0.0,-0.011055927836318948,-0.055941759679847616,0.05718329684021382,-0.036931541456896935,-0.019268630325337533,-0.008028595968890639,0.012015130343192099,0.15161734712284924,-1.3999098102556478,0.509088842350137,-0.0044923013552908096,-0.0018717922313711715,0.002550501703344355,0.06089798751776122,-0.15856252884388347,0.15856252884388347,0.000712178890103101,0.00029674120420962544,0.2193253669152373,1.2872554884373357,-2.6655259032613117,1.7383183953728358,0.0010019596186185303,0.00041748317442438765,fuzzy-pid,1.4973559342850868,0.23237860552017411,0.03953736577293612,0.8190970619784251,0.21020135363525352,0.8856772035161811,1.6261286725269686,1.4500000000000002,3.0,1.5,0.039097061978425066,0.053871327473031326,1.840872698086393,1.6322899353209464,-0.20858276276544663,0.3797424968732877,0.35721374730623917,-0.022528749567048534,1.8215810915687023,0.49237130216547503,-1.3292097894032273,1.345664511579797
1.05,0.207845709015339,1.1221700423205683,-1.168240175379209,1.131834289706295,0.003522761983992954,0.0014678174933303982,0.08830506076844839,1.2,-1.2,1.2,-0.01939078742595711,-0.008079494760815466,0.207845709015339,1.1221700423205683,-1.168240175379209,1.131834289706295,0.003522761983992954,0.0014678174933303982,0.08830506076844839,1.2,-1.2,1.2,-0.01939078742595711,-0.008079494760815466,0.21488369647820774,1.2112909908222282,-2.5053441718974265,1.578084363219826,0.0,0.0,-0.011417948508713223,-0.05506068338455321,0.055043060077287376,-0.03630309616423245,-0.01894074582481693,-0.007891977427007054,0.007037987462868739,0.08912094850165997,-1.3371039965182174,0.4462500735135311,-0.003522761983992954,-0.0014678174933303982,0.00015369286584061706,0.022244799003075688,-0.15956464854781002,0.15956464854781002,0.0002786373824559484,0.00011609890935664524,0.21610938373684557,1.246965714478312,-2.665063091149255,1.7378163576689358,0.0004594679414965939,0.00019144497562358084,fuzzy-pid,1.412442164014291,0.2267525081543844,0.03875619631278194,0.8135297302899444,0.20897654066378776,0.8898527022825417,1.6330878371375697,1.4500000000000002,3.0,1.5,0.033529730289944285,0.04691216286243036,1.7288279929306578,1.6358069875114167,-0.09302100541924108,0.36459480844380177,0.35702038187638363,-0.0075744265674181355,1.8827115179275706,0.48877237419232045,-1.3939391437352502,1.397059990059265
1.1,0.21014117421575748,1.1568355068088305,-1.2282401753792092,1.191834289706295,0.0026718469721884095,0.0011132695717451712,0.045909304008369865,0.6933092897652426,-1.2,1.2,-0.01701830023609089,-0.007090958431704541,0.21014117421575748,1.1568355068088305,-1.2282401753792092,1.191834289706295,0.0026718469721884095,0.0011132695717451712,0.045909304008369865,0.6933092897652426,-1.2,1.2,-0.01701830023609089,-0.007090958431704541,0.21430396150266823,1.208789418923978,-2.5026462930797853,1.5753649900474958,0.0,0.0,-0.011769767359075093,-0.05411479345901759,0.0528660168012206,-0.03563534860637653,-0.01859235579463124,-0.007746814914429683,0.004162787286910746,0.05195391211514755,-1.274406117700576,0.38353070034120074,-0.0026718469721884095,-0.0011132695717451712,-0.0008263345093168493,0.0031624664502792194,-0.16000585014519972,0.16000585014519972,6.079045020910569e-05,2.5329354253794093e-05,0.2141355661792249,1.220705342650271,-2.6632548802060523,1.7359822195617556,0.00016045982303097774,6.685825959624079e-05,fuzzy-pid,1.3318902608151744,0.22630605940010018,0.019119123500011062,0.8110786103044462,0.20843729426697816,0.8916910422716654,1.6361517371194423,1.4500000000000002,3.0,1.5,0.031078610304446082,0.0438482628805576,1.6617174890710538,1.6392393585648166,-0.02247813050623715,0.35442778396803865,0.35677404161073156,0.002346257642692917,1.8946065141820343,0.48514599333177516,-1.409460520850259,1.4096417030974449
1.1500000000000001,0.2112507275389429,1.1745771278758974,-1.2882401753792092,1.251834289706295,0.0019742394307557896,0.0008225997628149127,0.02219106646370795,0.3548324213413359,-1.2,1.2,-0.013952150828652398,-0.00581339617860517,0.2112507275389429,1.1745771278758974,-1.2882401753792092,1.251834289706295,0.0019742394307557896,0.0008225997628149127,0.02219106646370795,0.3548324213413359,-1.2,1.2,-0.013952150828652398,-0.00581339617860517,0.21370688631395743,1.206287390860226,-2.5000581718165034,1.5727655390074256,0.0,0.0,-0.012111592068669186,-0.053104581004962154,0.05065287844082284,-0.03492869799841087,-0.01822366852091002,-0.007593195217045841,0.0024561587750145386,0.03171026298432866,-1.2118179964372942,0.3209312493011305,-0.0019742394307557896,-0.0008225997628149127,-0.0011388243733299577,-0.0039998726038479,-0.16003920295574456,0.1502054485359148,-5.429424724226494e-05,-2.2622603017610212e-05,0.21295993800027682,1.2068919743548512,-2.660886751130699,1.726223795547944,-6.057296739542728e-07,-2.523873641474623e-07,fuzzy-pid,1.2539999485859021,0.21952567643451892,0.012143363563379986,0.8108933169125303,0.20839652972075667,0.8918300123156022,1.636383353859337,1.4500000000000002,3.0,1.5,0.030893316912530215,0.04361664614066277,1.6247125705888315,1.6425836611453113,0.01787109055647984,0.34842016551395744,0.3564748456372494,0.008054680123291968,1.8764218304732339,0.4814982074127601,-1.3949236230604738,1.3950613491605754
1.2000000000000002,0.21172550822264677,1.1835534741200513,-1.3482401753792093,1.3118342897062951,0.0014256713306364161,0.0005940297210985071,0.009495613674077402,0.17952692488307653,-1.2,1.2,-0.010971362002387467,-0.0045714008343281124,0.21172550822264677,1.1835534741200513,-1.3482401753792093,1.3118342897062951,0.0014256713306364161,0.0005940297210985071,0.009495613674077402,0.17952692488307653,-1.2,1.2,-0.010971362002387467,-0.0045714008343281124,0.21309296532630878,1.2037895578882318,-2.4975815945477433,1.5702865497945004,0.0,0.0,-0.0124436350823407,-0.05203061381372304,0.048404382444519646,-0.03418357734135455,-0.017834909917228463,-0.00743121246551186,0.001367457103662012,0.020236083768180535,-1.149341419168534,0.2584522600882053,-0.0014256713306364161,-0.0005940297210985071,-0.0011879868074422414,-0.00591426107351635,-0.16051474515789368,0.1140637800876178,-0.00012439729528986596,-5.183220637077743e-05,0.2121687183892191,1.2001294661997495,-2.6587939425619025,1.6948186962985747,-9.344940388588804e-05,-3.893725161911994e-05,fuzzy-pid,1.1782177315743882,0.1970074549324087,0.03619557164086033,0.8082514157894797,0.20781531147368554,0.8938114381578902,1.6396857302631505,1.4500000000000002,3.0,1.5,0.028251415789479643,0.04031426973684955,1.6020584719122644,1.6458365948300164,0.04377812291775207,0.3443576742179381,0.35612293864445493,0.01176526442651682,1.8435453750251207,0.47783509996208273,-1.365710275063038,1.3664624037660118
1.25,0.21184862215780575,1.1881579163644118,-1.4082401753792093,1.3718342897062952,0.0010036933488246648,0.00041820556201027734,0.0024622787031796595,0.0920888448872121,-1.2,1.2,-0.008439559636235024,-0.0035164831817645946,0.21184862215780575,1.1881579163644118,-1.4082401753792093,1.3718342897062952,0.0010036933488246648,0.00041820556201027734,0.0024622787031796595,0.0920888448872121,-1.2,1.2,-0.008439559636235024,-0.0035164831817645946,0.21246268222777517,1.2013005009058584,-2.4952183100538528,1.5679285746965084,0.0,0.0,-0.012766112884296146,-0.05089353865535846,0.046121298841608024,-0.03340045467517681,-0.01742632417835312,-0.007260968407647133,0.0006140600699694188,0.013142584541446567,-1.0869781346746434,0.1960942849902132,-0.0010036933488246648,-0.00041820556201027734,-0.0011593276663484627,-0.005934743782176056,-0.16164448455705943,0.07836284831787971,-0.00017130360616980091,-7.13765025707504e-05,0.21151969551837482,1.1965566843926991,-2.6573455815986593,1.658423241335435,-0.0001518400555988227,-6.326668983284279e-05,fuzzy-pid,1.1046034223924075,0.1797394643592138,0.0357188558524312,0.8019750857941143,0.20643451887470513,0.8985186856544142,1.6475311427573571,1.4500000000000002,3.0,1.5,0.02197508579411426,0.03246885724264282,1.5851008977329812,1.6489949493661167,0.06389405163313544,0.3409168640789122,0.35571849081144696,0.014801626732534767,1.803821982675004,0.4741627800587483,-1.3296592026162557,1.331275753963139
1.3,0.21175725364685272,1.1904909074833805,-1.4682401753792094,1.4318342897062952,0.0006827118475959183,0.00028446326983163283,-0.0018273702190607336,0.04665982237937399,-1.2,1.2,-0.0064196300245749315,-0.00267484584357289,0.21175725364685272,1.1904909074833805,-1.4682401753792094,1.4318342897062952,0.0006827118475959183,0.00028446326983163283,-0.0018273702190607336,0.04665982237937399,-1.2,1.2,-0.0064196300245749315,-0.00267484584357289,0.2118165097957352,1.1988247259834472,-2.4929700276646414,1.565692177649888,0.0,0.0,-0.013079245304154443,-0.04969408347478722,0.043804436686213234,-0.032579834304547466,-0.0169981744197639,-0.007082572674901624,5.9256148882497195e-05,0.008333818500066759,-1.024729852285432,0.13385788794359277,-0.0006827118475959183,-0.00028446326983163283,-0.0011230640264606397,-0.00548495883722047,-0.1619901683951934,0.04227777769603481,-0.000201059706040754,-8.377487751698082e-05,0.2109000082065496,1.1941439964578449,-2.6555565424445406,1.6205832768433008,-0.00018875479343027118,-7.86478305959463e-05,fuzzy-pid,1.0334694999788552,0.1675100553193971,0.036089561922984716,0.8000546200267035,0.20601201640587477,0.8999590349799723,1.6499317249666205,1.4500000000000002,3.0,1.5,0.02005462002670347,0.03006827503337934,1.5697095501162828,1.6520556078389976,0.08234605772271486,0.3374565040436083,0.35526169772560856,0.017805193682000287,1.760980959971948,0.470487372145658,-1.29049358782629,1.2932407348847688
1.35,0.2115191299134352,1.1915056544207316,-1.5282401753792094,1.484264563911019,0.00044063778064419893,0.0001835990752684164,-0.004762474668350589,0.020294938747024274,-1.2,1.0486054840944756,-0.004841481339034386,-0.0020172838912643283,0.2115191299134352,1.1915056544207316,-1.5282401753792094,1.484264563911019,0.00044063778064419893,0.0001835990752684164,-0.004762474668350589,0.020294938747024274,-1.2,1.0486054840944756,-0.004841481339034386,-0.0020172838912643283,0.21115490974634607,1.1963666599276959,-2.490838415150313,1.563577932999481,0.0,0.0,-0.013383254852951845,-0.048433059472170144,0.04145465033973009,-0.03172225798596189,-0.016550743297023593,-0.006896143040426499,-0.00036422016708911875,0.004861005506964222,-0.9625982397711035,0.07931336908846198,-0.00044063778064419893,-0.0001835990752684164,-0.0010954360596078863,-0.004998980815966082,-0.162,0.011889251570697,-0.0002211058471770837,-9.21274363237849e-05,0.21026960731669106,1.1920617584482585,-2.65351794697387,1.5867462076384589,-0.00021301808374038058,-8.875753489182525e-05,fuzzy-pid,0.9658726477272935,0.16251646521977578,0.030392433701260244,0.8,0.20600000000000002,0.8999999999999999,1.65,1.4500000000000002,3.0,1.5,0.02,0.03,1.5618002906629662,1.6550155497482644,0.09321525908529815,0.3353670999082351,0.35475278028802243,0.01938568037978733,1.7132444993151177,0.46681500581568364,-1.246429493499434,1.2500605470917727
1.4000000000000001,0.21117204030322848,1.1916601277617114,-1.5882401753792095,1.5127316871686411,0.0002590667072040379,0.00010794446133501593,-0.006941792204134051,0.0030894668195934217,-1.2,0.5693424651524436,-0.0036314214688032195,-0.0015130922786680092,0.21117204030322848,1.1916601277617114,-1.5882401753792095,1.5127316871686411,0.0002590667072040379,0.00010794446133501593,-0.006941792204134051,0.0030894668195934217,-1.2,0.5693424651524436,-0.0036314214688032195,-0.0015130922786680092,0.21047833261645704,1.1939306458742007,-2.4888250963032252,1.5615864239769337,0.0,0.0,-0.013678366088662262,-0.047111363045194754,0.03907284554808603,-0.030828306065370438,-0.016084333599323705,-0.0067018056663848795,-0.0006937076867714331,0.0022705181124893503,-0.9005849209240158,0.048854736808292554,-0.0002590667072040379,-0.00010794446133501593,-0.001078793621085642,-0.004589871057227602,-0.162,-0.0007478285573288904,-0.00023459762914440136,-9.774901214350059e-05,0.20961705607570133,1.1900210207247945,-2.6514983089708863,1.5673154984743185,-0.00022920274279339617,-9.550114283058176e-05,fuzzy-pid,0.9019122464822964,0.16207052338555275,0.012643720004725556,0.8,0.20600000000000002,0.8999999999999999,1.65,1.4500000000000002,3.0,1.5,0.02,0.03,1.5770501327984907,1.6578718539886106,0.08082172119011988,0.33806914099061836,0.3541919846066453,0.01612284361602695,1.6532315926823893,0.4631518055891536,-1.1900797870932358,1.1929300047992262
1.4500000000000002,0.21074010024002648,1.1912048202514567,-1.6482401753792095,1.5278938569757738,0.00012343630442697288,5.143179351123879e-05,-0.008638801264039696,-0.009106150205093509,-1.2,0.303243396142652,-0.0027126080555413008,-0.0011302533564755428,0.21074010024002648,1.1912048202514567,-1.6482401753792095,1.5278938569757738,0.00012343630442697288,5.143179351123879e-05,-0.008638801264039696,-0.009106150205093509,-1.2,0.303243396142652,-0.0027126080555413008,-0.0011302533564755428,0.2097872176765195,1.1915209389068937,-2.486931648221813,1.5597182409127783,0.0,0.0,-0.013964805010689585,-0.045729977571526324,0.036659985271009304,-0.029898598555984642,-0.01559926881181808,-0.006499695338257531,-0.0009528825635069793,0.00031611865543701434,-0.8386914728426034,0.031824383937004486,-0.00012343630442697288,-5.143179351123879e-05,-0.0010713501154037321,-0.004266835461606231,-0.162,-0.004792760975140534,-0.00024288903840003346,-0.00010120376600001395,0.20894116468976215,1.1879458327651644,-2.649573313409081,1.5580229845718079,-0.00023946746449837416,-9.97781102076559e-05,fuzzy-pid,0.8392956593655182,0.16213079124885024,0.004057827787039575,0.8,0.20600000000000002,0.8999999999999999,1.65,1.4500000000000002,3.0,1.5,0.02,0.03,1.6033585401494337,1.6606217017325968,0.057263161583163136,0.3429845094361734,0.35357958187729216,0.010595072441118736,1.5850802155865555,0.45950388069979836,-1.1255763348867571,1.1270818119780113
1.5,0.2102403959205086,1.1902995459497088,-1.7082401753792096,1.5362630590857833,2.2629701947709786e-05,9.429042478212483e-06,-0.009994086390357421,-0.018105486034957086,-1.2,0.16738404220018907,-0.0020161320495852616,-0.0008400550206605261,0.2102403959205086,1.1902995459497088,-1.7082401753792096,1.5362630590857833,2.2629701947709786e-05,9.429042478212483e-06,-0.009994086390357421,-0.018105486034957086,-1.2,0.16738404220018907,-0.0020161320495852616,-0.0008400550206605261,0.20908199287306153,1.1891417017040657,-2.485159598310111,1.5579739791976353,0.0,0.0,-0.014242798482694004,-0.0442899750104364,0.03421709522161384,-0.028933796146513487,-0.015095893641659208,-0.00628995568402467,-0.0011584030474470763,-0.001157844245643025,-0.7769194229309015,0.02171092011185194,-2.2629701947709786e-05,-9.429042478212483e-06,-0.001070683859588931,-0.004011035895530291,-0.162,-0.005389848718154254,-0.0002469857795412654,-0.00010291074147552725,0.20824377293254498,1.1858344575476927,-2.647763027084854,1.5539438440025628,-0.00024510620078054256,-0.00010212758365855941,fuzzy-pid,0.77722444434109,0.16214301352412014,0.000649590126011718,0.8,0.20600000000000002,0.8999999999999999,1.65,1.4500000000000002,3.0,1.5,0.02,0.03,1.633183461439575,1.6632623792124928,0.030078917772917713,0.3485111829620989,0.3529158682524885,0.0044046852903896205,1.5113282440786335,0.45587731490619054,-1.055450929172443,1.0558886335394801
1.55,0.20968577842385205,1.1890592436158154,-1.7682401753792096,1.5411743882293332,-5.174138214347144e-05,-2.1558909226446377e-05,-0.011092349933131284,-0.024806046677867184,-1.2,0.09822658287099717,-0.0014874216818236243,-0.0006197590340931772,0.20968577842385205,1.1890592436158154,-1.7682401753792096,1.5411743882293332,-5.174138214347144e-05,-2.1558909226446377e-05,-0.011092349933131284,-0.024806046677867184,-1.2,0.09822658287099717,-0.0014874216818236243,-0.0006197590340931772,0.20836307479932728,1.186797000212091,-2.483510421008395,1.5563542370083745,0.0,0.0,-0.014512573683032841,-0.04279251730350543,0.03174526907602111,-0.027934601130696086,-0.014574574502971869,-0.00607273937623828,-0.0013227036245247736,-0.0022622434037244954,-0.7152702456291855,0.015179848779041327,5.174138214347144e-05,2.1558909226446377e-05,-0.0010748115595689714,-0.0038025944506639596,-0.162,-0.004880773188842488,-0.00024771957002265904,-0.00010321648750944129,0.20752714066295497,1.1837044187079935,-2.6460735725275097,1.5520910588652899,-0.0002470662277121299,-0.00010294426154672081,fuzzy-pid,0.7154361065276501,0.1621218952208319,0.0005501121706690841,0.8,0.20600000000000002,0.8999999999999999,1.65,1.4500000000000002,3.0,1.5,0.02,0.03,1.6625297236816294,1.6657912803984387,0.0032615567168092774,0.353809550411322,0.3522011646982535,-0.001608385713068483,1.433510382342205,0.45227815634566976,-0.9812322259965354,0.9812389647740936
1.6,0.20908615682360288,1.1875717922525315,-1.8282401753792097,1.5442067967393212,-0.00010599828369032101,-4.416595153763372e-05,-0.011992432004983813,-0.029749027265677273,-1.2,0.06064817019975941,-0.0010851380309369915,-0.0004521408462237469,0.20908615682360288,1.1875717922525315,-1.8282401753792097,1.5442067967393212,-0.00010599828369032101,-4.416595153763372e-05,-0.011992432004983813,-0.029749027265677273,-1.2,0.06064817019975941,-0.0010851380309369915,-0.0004521408462237469,0.20763086869272077,1.184490799349288,-2.481985534272383,1.5548596128154135,0.0,0.0,-0.014774357582024774,-0.04123885755532007,0.02924567331442626,-0.026901758249641784,-0.014035699956334845,-0.005848208315139518,-0.0014552881308821097,-0.0030809929032435956,-0.6537453588931734,0.010652816076092364,0.00010599828369032101,4.416595153763372e-05,-0.0010822967995888148,-0.0036265391446522128,-0.162,-0.004162678194683648,-0.00024577603266716066,-0.00010240668027798358,0.2067932140855877,1.1815742998304752,-2.6445075438361645,1.5510454656818697,-0.00024609858142840297,-0.0001025410755951679,fuzzy-pid,0.6538410359803033,0.1620978776396193,0.0007394027003969039,0.8,0.20600000000000002,0.8999999999999999,1.65,1.4500000000000002,3.0,1.5,0.02,0.03,1.6893762465984712,1.6682059095702821,-0.021170337028189046,0.358464136074525,0.35143581683888375,-0.007028319235641234,1.3525821794494652,0.4487124074476746,-0.9038697720017906,0.904144980177258
1.6500000000000001,0.20844922828526533,1.1859058221352936,-1.8882401753792097,1.5461064270011402,-0.00014491503306201045,-6.0381263775837656e-05,-0.01273857076675094,-0.03331940234475707,-1.2,0.03799260523638104,-0.0007783349874337887,-0.00032430624476407875,0.20844922828526533,1.1859058221352936,-1.8882401753792097,1.5461064270011402,-0.00014491503306201045,-6.0381263775837656e-05,-0.01273857076675094,-0.03331940234475707,-1.2,0.03799260523638104,-0.0007783349874337887,-0.00032430624476407875,0.20688576845773338,1.1822269587435854,-2.4805862958203795,1.5534907026877405,0.0,0.0,-0.015028376445186668,-0.03963034097622878,0.026719551656955158,-0.025836055439150796,-0.013479681098687375,-0.00561653379111974,-0.001563459827531949,-0.003678863391708198,-0.5923461204411697,0.007384275686600272,0.00014491503306201045,6.0381263775837656e-05,-0.0010921268926051687,-0.0034725347949256134,-0.162,-0.0035111657739043617,-0.0002417063086234199,-0.00010071096192642498,0.20604353469524309,1.1794593929191137,-2.6430666078243257,1.5502460191058445,-0.00024280437682466566,-0.00010116849034361072,fuzzy-pid,0.5924056524189075,0.16207914143646257,0.0006695534653839295,0.8,0.20600000000000002,0.8999999999999999,1.65,1.4500000000000002,3.0,1.5,0.02,0.03,1.7126554062453951,1.6705038837805521,-0.042151522464842994,0.3622638788956754,0.3506201947898124,-0.011643684105863028,1.2691995106816965,0.44518601492330345,-0.824013495758393,0.8251730530122929
1.7000000000000002,0.2077809800658147,1.1841151473530214,-1.9482401753792098,1.5472563136968913,-0.00017210651744052578,-7.171104893355239e-05,-0.013364964389012444,-0.035813495645443796,-1.2,0.022997733915023726,-0.0005438296875703067,-0.0002265957031542948,0.2077809800658147,1.1841151473530214,-1.9482401753792098,1.5472563136968913,-0.00017210651744052578,-7.171104893355239e-05,-0.013364964389012444,-0.035813495645443796,-1.2,0.022997733915023726,-0.0005438296875703067,-0.0002265957031542948,0.20612815671307846,1.180009228508843,-2.47931399916947,1.552248097412502,0.0,0.0,-0.01527485536154258,-0.03796840557048705,0.024168229059863294,-0.024738324474870226,-0.012906951899932287,-0.005377896624971788,-0.0016528233527362268,-0.0041059188441783245,-0.5310738237902604,0.004991783715610598,0.00017210651744052578,7.171104893355239e-05,-0.0010974390951039616,-0.0033182502451790784,-0.161250464261291,-0.002994009805063,-0.00023658359250638576,-9.857649687766077e-05,0.20528392188729164,1.1773830819275264,-2.641189999529152,1.5495020704820404,-0.00023813878858595572,-9.922449524414826e-05,fuzzy-pid,0.5311157589241635,0.16131632640738436,0.0009236432534575471,0.7900061901505467,0.20380136183312028,0.8912554163817283,1.639381577034956,1.4500000000000002,2.9615622698097948,1.5,0.02,0.03,1.7317400824453273,1.672682935206141,-0.059057147239186314,0.36509186532745896,0.3497546929786245,-0.015337172348834471,1.1838827544795312,0.44170485984779795,-0.7421778946317332,0.7446818131092506
1.75,0.20708735279400273,1.1822451291792728,-2.0082401753792096,1.5478801350260993,-0.000190448814980923,-7.935367290871791e-05,-0.013872545436239189,-0.03740036347497212,-1.2,0.012476426584161359,-0.0003668459508079441,-0.00015285247950331038,0.20708735279400273,1.1822451291792728,-2.0082401753792096,1.5478801350260993,-0.000190448814980923,-7.935367290871791e-05,-0.013872545436239189,-0.03740036347497212,-1.2,0.012476426584161359,-0.0003668459508079441,-0.00015285247950331038,0.2053584048618036,1.1778412450657378,-2.478169869483575,1.5511323794463214,0.0,0.0,-0.015514017796061506,-0.036254582554493785,0.02159311524005762,-0.02360944150882995,-0.012317969482867796,-0.005132487284528248,-0.001728947932199132,-0.004403884113534984,-0.4699296941043656,0.0032522444202220946,0.000190448814980923,7.935367290871791e-05,-0.0010691706744664848,-0.003084826739727164,-0.15640888708383402,-0.002626685813135211,-0.00023400515766890752,-9.750214902871147e-05,0.20453790611232572,1.1754130842263897,-2.6362315673078447,1.5487547878453998,-0.00023503856539816958,-9.793273558257067e-05,fuzzy-pid,0.46996480774499033,0.1564652133357208,0.004861181946746116,0.7254518277844538,0.18959940211257983,0.8347703493113969,1.5707925670209821,1.4500000000000002,2.7132762607094376,1.5,0.02,0.03,1.7462184110575276,1.6747409133863715,-0.07147749767115608,0.366879365437446,0.3488397299543155,-0.01803963548313048,1.0971009775009968,0.4382747478524896,-0.6588262296485072,0.6629377512214566
1.8,0.20637917316020357,1.180347338914583,-2.0682401753792097,1.5481230941425717,-0.0002028348567634915,-8.451452365145478e-05,-0.014163592675983354,-0.03795580529379524,-1.2,0.00485918232944687,-0.0002477208356513699,-0.00010321701485473757,0.20637917316020357,1.180347338914583,-2.0682401753792097,1.5481230941425717,-0.0002028348567634915,-8.451452365145478e-05,-0.014163592675983354,-0.03795580529379524,-1.2,0.00485918232944687,-0.0002477208356513699,-0.00010321701485473757,0.2045768731831982,1.175726527014139,-2.4771550592576843,1.5501441197157164,0.0,0.0,-0.015746085165251614,-0.03449049649129475,0.018995707698581457,-0.02245032749159901,-0.011713214343442961,-0.004880505976434566,-0.0018022999770053727,-0.004620811900444055,-0.40891488387847463,0.0020210255731447635,0.0002028348567634915,8.451452365145478e-05,-0.0010179430310852818,-0.002796056547987537,-0.14860570690957875,-0.0022949609886747336,-0.00023318033830495343,-9.715847429373061e-05,0.2038036741421661,1.1735511239062109,-2.628378466452409,1.5480755660066312,-0.00023364489507825747,-9.735203961594063e-05,fuzzy-pid,0.40895001561831973,0.1486534255411174,0.007815732562247563,0.6214094254610503,0.16671007360143106,0.7437332472784188,1.460247514552366,1.4500000000000002,2.313113174850193,1.5,0.02,0.03,1.7557914286326077,1.6766757873452427,-0.07911564128736503,0.36759254093656496,0.34787574818488465,-0.019716792751680312,1.0093239905294311,0.43490139944256667,-0.5744225910868644,0.5801804458646214
1.85,0.20566375676630427,1.1784595014122574,-2.1282401753792097,1.5481098918825882,-0.00021139320073981538,-8.808050030825641e-05,-0.014308327877985942,-0.03775675004651245,-1.2,-0.00026404519966913596,-0.00017116687952647766,-7.131953313603247e-05,0.20566375676630427,1.1784595014122574,-2.1282401753792097,1.5481098918825882,-0.00021139320073981538,-8.808050030825641e-05,-0.014308327877985942,-0.03775675004651245,-1.2,-0.00026404519966913596,-0.00017116687952647766,-7.131953313603247e-05,0.20378391094536272,1.1736684710647947,-2.476270643864,1.5492838742841653,0.0,0.0,-0.01597127643491119,-0.03267786512909028,0.016377594216568182,-0.021261948474998182,-0.011093190508694704,-0.004622162711956126,-0.0018798458209415558,-0.004791030347462755,-0.34803046848479013,0.0011739824015770672,0.00021139320073981538,8.808050030825641e-05,-0.0009592511764985185,-0.00249509589295914,-0.12696009879803197,-0.001964493021637829,-0.00023219167210793097,-9.674653004497125e-05,0.20306941336218964,1.1717678123554296,-2.609517673609626,1.5475084274485535,-0.00023255497785051258,-9.68979074377136e-05,fuzzy-pid,0.34807057540933045,0.12700368049326938,0.021650302140910786,0.501608907579253,0.14035395966743566,0.6389077941318464,1.3329594643029563,1.4500000000000002,1.8523419522278965,1.5,0.02,0.03,1.760246614965414,1.6784856475957575,-0.08176096736965643,0.3672109686473216,0.34686321384336133,-0.020347754803960283,0.9210169080915456,0.43159044045680844,-0.48942646763473713,0.4966257686953029
1.9000000000000001,0.20494310582071687,1.176600698896472,-2.18824017537921,1.5479428184286896,-0.0002172714721594535,-9.052978006643896e-05,-0.014413018911747942,-0.03717605031571012,-1.2,-0.003341469077970209,-0.00011756542839276223,-4.898559516365105e-05,0.20494310582071687,1.176600698896472,-2.18824017537921,1.5479428184286896,-0.0002172714721594535,-9.052978006643896e-05,-0.014413018911747942,-0.03717605031571012,-1.2,-0.003341469077970209,-0.00011756542839276223,-4.898559516365105e-05,0.20297985653735787,1.1716703480389878,-2.4755176169869717,1.5485521809034979,0.0,0.0,-0.01618980773902326,-0.030818498933126597,0.01374045480021534,-0.020045315790995413,-0.010458425630084565,-0.004357677345868568,-0.001963249283359003,-0.004930350857484056,-0.2872774416077619,0.0006093624748082505,0.0002172714721594535,9.052978006643896e-05,-0.0009070776787912358,-0.002221204845272308,-0.08669960809464654,-0.0016449842149891263,-0.000229231147302671,-9.551297804277957e-05,0.2023219374844724,1.170028810484144,-2.57404233721362,1.54705750437852,-0.00023006210493963137,-9.585921039151308e-05,fuzzy-pid,0.28732719657071615,0.08674875346286397,0.040262724028822666,0.3894689287004611,0.11568316431410144,0.5407853126129034,1.21381073674424,1.4500000000000002,1.4210343411556197,1.5,0.02,0.03,1.75945705621596,1.6801687080243553,-0.07928834819160469,0.3657233196201419,0.3458026165823679,-0.01992070303777399,0.832618230513037,0.42834739268519795,-0.404270837827839,0.4124541027635623
1.9500000000000002,0.2042150035050934,1.174775174337492,-2.24824017537921,1.547696897859198,-0.0002208244257095029,-9.201017737895955e-05,-0.014562046312469355,-0.03651049117959894,-1.2,-0.004918411389831512,-7.105907100098825e-05,-2.960794625041178e-05,0.2042150035050934,1.174775174337492,-2.24824017537921,1.547696897859198,-0.0002208244257095029,-9.201017737895955e-05,-0.014562046312469355,-0.03651049117959894,-1.2,-0.004918411389831512,-7.105907100098825e-05,-2.960794625041178e-05,0.2021650376199016,1.1697352989455603,-2.474896885975276,1.5479495554673215,0.0,0.0,-0.016401892018769,-0.02891430030205762,0.011086063054547627,-0.018801486103090397,-0.00980947101030803,-0.004087279587628346,-0.0020499658851917957,-0.005039875391931625,-0.22665671059606618,0.00025265760812342997,0.0002208244257095029,9.201017737895955e-05,-0.0008759848900971992,-0.002011151779306908,-0.05415438256225628,-0.0013537941482131253,-0.00022266751660066238,-9.277813191694265e-05,0.2015472739184714,1.1683003129957261,-2.5402990357065542,1.5467111970839613,-0.00022451616368540463,-9.354840153558525e-05,fuzzy-pid,0.2267222711325295,0.05421623538117288,0.03254722163598296,0.30809660020377594,0.09778125204483071,0.4695845251783039,1.127352637716512,1.4500000000000002,1.1080638469375996,1.5,0.02,0.03,1.7533699515864336,1.6817233076535916,-0.07164664393284204,0.3631264550225962,0.34469446929732794,-0.018431985725268274,0.7445312263389885,0.4251776646600597,-0.3193535616789288,0.3278104285126288
2.0,0.2034739675088095,1.172976601742557,-2.30824017537921,1.547423092088299,-0.00022184990848058672,-9.243746186691114e-05,-0.014820719925677671,-0.035971451898698784,-1.2,-0.0054761154179819,-2.0509655421676208e-05,-8.545689759031665e-06,0.2034739675088095,1.172976601742557,-2.30824017537921,1.547423092088299,-0.00022184990848058672,-9.243746186691114e-05,-0.014820719925677671,-0.035971451898698784,-1.2,-0.0054761154179819,-2.0509655421676208e-05,-8.545689759031665e-06,0.20133977129363417,1.1678663311453588,-2.4744092671397584,1.5474764883842087,0.0,0.0,-0.01660773868063429,-0.026967262461631916,0.008416286969097062,-0.017531561327162007,-0.009146901561997567,-0.003811208984165652,-0.002134196215175327,-0.005110270597198152,-0.1661690917605485,5.33962959097245e-05,0.00022184990848058672,9.243746186691114e-05,-0.000882331167654925,-0.0019004318704312136,-0.028621648535546253,-0.0011018118151272197,-0.00021104078981754986,-8.793366242397909e-05,0.20072989857410228,1.1665495027051271,-2.512347945683117,1.5464588066978013,-0.00021440963328451355,-8.933734720188064e-05,fuzzy-pid,0.16626153291972773,0.0287202920301276,0.025534221347008487,0.27999999999999997,0.09159999999999999,0.44499999999999995,1.0975000000000001,1.4500000000000002,1.0,1.5,0.02,0.03,1.741989805051289,1.6831479122813215,-0.05884189276996743,0.35942356556195026,0.343539307878435,-0.015884257683515257,0.6571256496997149,0.4220865426360809,-0.23503910706363396,0.24281280822102247
2.0500000000000003,0.2027117261380575,1.171191296454382,-2.364936778241406,1.547155235035383,-0.0002197831653705664,-9.157631890440267e-05,-0.015244827415040093,-0.03570610576349874,-1.1339320572439273,-0.005357141058320241,4.1334862200406524e-05,1.7222859250169462e-05,0.2027117261380575,1.171191296454382,-2.364936778241406,1.547155235035383,-0.0002197831653705664,-9.157631890440267e-05,-0.015244827415040093,-0.03570610576349874,-1.1339320572439273,-0.005357141058320241,4.1334862200406524e-05,1.7222859250169462e-05,0.20050436428402163,1.1660663146137416,-2.4740554810270674,1.54713344088825,0.0,0.0,-0.016807553272585086,-0.02497946803036856,0.005733089102107067,-0.01623668841939976,-0.008471315697078137,-0.003529714873782557,-0.002207361854035861,-0.005124981840640475,-0.10911870278566127,-2.179414713299188e-05,0.0002197831653705664,9.157631890440267e-05,-0.0009052717196926583,-0.0018315263253555212,-0.007354497248449526,-0.0008886496059143321,-0.00019701707160661312,-8.20904465027555e-05,0.1998817940667723,1.1648134668925714,-2.4891444701274166,1.546298295136202,-0.00020136521202608824,-8.390217167753678e-05,fuzzy-pid,0.10926155018438025,0.007687515075393376,0.021268348949709547,0.27999999999999997,0.09159999999999999,0.44499999999999995,1.0975000000000001,1.4500000000000002,1.0,1.5,0.02,0.03,1.7264897326195854,1.684441115994772,-0.042048616624813295,0.3548536352438668,0.3423376909515003,-0.012515944292366521,0.5752795889093235,0.41907918177425935,-0.15620040713506417,0.1622445752891293
2.1,0.20192563389603382,1.169419677131657,-2.3994389148764093,1.5469171961744994,-0.00021466706721932246,-8.944461134138437e-05,-0.01572184484047322,-0.03543238645450364,-0.690042732700058,-0.004760777217671652,0.00010232196302487867,4.2634151260366075e-05,0.20192563389603382,1.169419677131657,-2.3994389148764093,1.5469171961744994,-0.00021466706721932246,-8.944461134138437e-05,-0.01572184484047322,-0.03543238645450364,-0.690042732700058,-0.004760777217671652,0.00010232196302487867,4.2634151260366075e-05,0.19965911314201976,1.1643379783122643,-2.473836147699337,1.5469208413044666,0.0,0.0,-0.017001537177298142,-0.022953087253731203,0.003038526153447061,-0.014918059029568343,-0.007783335145861746,-0.003243056310775727,-0.0022665207540140675,-0.005081698819392688,-0.07439723282292787,3.6451299672002335e-06,0.00021466706721932246,8.944461134138437e-05,-0.0009100417455875589,-0.0017264686329734416,0.0014716599532536984,-0.0006907550983447068,-0.00017951013831770025,-7.479589096570844e-05,0.19903225206401723,1.163161998982611,-2.4765594833414166,1.546247138438642,-0.00018497390674479723,-7.707246114366553e-05,fuzzy-pid,0.07460538269122106,0.002547472052509568,0.00882902218597469,0.2669818513966087,0.08873600730725391,0.43360911997203255,1.0836682171088967,1.42442863667191,1.0,1.4442079345568943,0.02,0.03,1.7152730071884015,1.6856016425580085,-0.029671364630392993,0.3511431113583803,0.3410901996078066,-0.010052911750573656,0.5247477594456009,0.4161605975444794,-0.1085871619011215,0.1130160282589816
2.15,0.20112191672047366,1.1676814332013663,-2.420861295005578,1.5467310690256502,-0.0002064189670875099,-8.600790295312913e-05,-0.016074343511203307,-0.03476487860581104,-0.4284476025833743,-0.0037225429769854263,0.0001649620026362513,6.873416776510467e-05,0.20112191672047366,1.1676814332013663,-2.420861295005578,1.5467310690256502,-0.0002064189670875099,-8.600790295312913e-05,-0.016074343511203307,-0.03476487860581104,-0.4284476025833743,-0.0037225429769854263,0.0001649620026362513,6.873416776510467e-05,0.19880430445967162,1.16268390668108,-2.473751782050638,1.5468390812863113,0.0,0.0,-0.01718988732144503,-0.020890375905173036,0.0003347479200722159,-0.013576909018454947,-0.007083604705280842,-0.0029515019605336847,-0.0023176122608020433,-0.004997526520286399,-0.05289048704505994,0.00010801226066115,0.0002064189670875099,8.600790295312913e-05,-0.0008668588848202556,-0.001543651884111597,0.003520283096829658,-0.0004818476044230709,-0.00015023727406881254,-6.259886419533857e-05,0.19821114719714283,1.161645690843379,-2.4718134950507107,1.5463297098710767,-0.00015892143223780872,-6.621726343242031e-05,fuzzy-pid,0.05317717452604864,0.003973080104596953,0.002068040501678702,0.20529273695847572,0.07516440213086466,0.3796311448386662,1.0181235330183804,1.303253590454149,1.0,1.1798260155363245,0.02,0.03,1.7078426786382541,1.6866283466714247,-0.021214331966829425,0.3481920952860912,0.33979743712309757,-0.008394658162993618,0.49247472717671403,0.4133356573610564,-0.07913906981565766,0.08236206977583731
2.2,0.20031336963065954,1.1660048381019255,-2.4350146839070037,1.546619580371602,-0.00019322520740703734,-8.051050308626557e-05,-0.016170941796282392,-0.03353190198881843,-0.2830677780285143,-0.0022297730809639482,0.00026387519360945096,0.00010994799733727124,0.20031336963065954,1.1660048381019255,-2.4350146839070037,1.546619580371602,-0.00019322520740703734,-8.051050308626557e-05,-0.016170941796282392,-0.03353190198881843,-0.2830677780285143,-0.0022297730809639482,0.00026387519360945096,0.00010994799733727124,0.19794021509985946,1.1611065362639148,-2.4738027891911507,1.5468885120422082,0.0,0.0,-0.01737279590004861,-0.018793672854298726,-0.002376004368439941,-0.012214517838923895,-0.006372791915960292,-0.002655329964983456,-0.0023731545308000868,-0.004898301838010655,-0.038788105284147,0.00026893167060615397,0.00019322520740703734,8.051050308626557e-05,-0.0008084272042873495,-0.001352201555046007,0.0030298850049662387,-0.0003010699441215552,-0.00012026498446788678,-5.011041019495284e-05,0.1974016277209648,1.1602271737424963,-2.471033051902316,1.5465230090413342,-0.00012992909641036725,-5.413712350431971e-05,fuzzy-pid,0.03916961165269229,0.0034307177914209568,0.0005606180878136528,0.12515533517488195,0.057534173738474026,0.3095109182780217,0.9329775436233121,1.145840836950661,1.0,0.8363800078923511,0.02,0.03,1.7028708751229131,1.6875202151020166,-0.015350660020896578,0.3457446063912828,0.3384600286658388,-0.007284577725443997,0.4703743941445825,0.41060907246519696,-0.05976532167938553,0.06213373891176691
2.25,0.1995045524335221,1.1643999313354174,-2.445019786127924,1.5465927550020833,-0.00017564295435240675,-7.318456431350284e-05,-0.01617634394274851,-0.03209813533016205,-0.20010204441840182,-0.0005365073903769909,0.00035164506109261164,0.0001465187754552548,0.1995045524335221,1.1643999313354174,-2.445019786127924,1.5465927550020833,-0.00017564295435240675,-7.318456431350284e-05,-0.01617634394274851,-0.03209813533016205,-0.20010204441840182,-0.0005365073903769909,0.00035164506109261164,0.0001465187754552548,0.19706711243948233,1.1596081524777253,-2.4739894599300416,1.5470694405677026,0.0,0.0,-0.017550450114951828,-0.01666539730425999,-0.005091400333025604,-0.010832207780547071,-0.005651586668111517,-0.0023548277783797984,-0.0024374399940397806,-0.004791778857692108,-0.02896967380211768,0.00047668556561930586,0.00017564295435240675,7.318456431350284e-05,-0.0007658687000621191,-0.0012002951493390243,0.002190613166553664,-0.00016049215479028634,-9.75291097562681e-05,-4.0637129065111704e-05,0.19657633973480634,1.1588626864319136,-2.471607398048195,1.5468124635700178,-0.00010562910641979289,-4.40121276749137e-05,fuzzy-pid,0.02946875793281777,0.002619727159838909,0.0008658133627039144,0.05977389983991867,0.043150257964782106,0.25230216235992886,0.8635097685799136,1.0174130175426974,1.0,0.5561738564567943,0.02,0.03,1.6994041775584143,1.6882763676833195,-0.011127809875094874,0.34360980595388235,0.33707862099489216,-0.006531184958990188,0.4541525356130246,0.4079853900679147,-0.04616714554510992,0.04793631042715075
2.3000000000000003,0.19869116001721218,1.1628618077511108,-2.452405233883555,1.5466537851598428,-0.000156194663260014,-6.508110969167252e-05,-0.016267848326198698,-0.030762471686132355,-0.1477089551126169,0.001220603155191766,0.0003889658218478548,0.0001620690924366063,0.19869116001721218,1.1628618077511108,-2.452405233883555,1.5466537851598428,-0.000156194663260014,-6.508110969167252e-05,-0.016267848326198698,-0.030762471686132355,-0.1477089551126169,0.001220603155191766,0.0003889658218478548,0.0001620690924366063,0.19618525462537686,1.1581908865393125,-2.474311966387871,1.5473821258993483,0.0,0.0,-0.017723031926467306,-0.014508045702353504,-0.007809023341980416,-0.009431343078290192,-0.0049207007364992315,-0.002050291973541346,-0.002505905391835317,-0.004670921211798351,-0.021906732504316295,0.0007283407395055619,0.000156194663260014,6.508110969167252e-05,-0.0007471895930827951,-0.001090561450262908,0.001564005299401588,-4.745240409500444e-05,-8.232390522125386e-05,-3.430162717552246e-05,0.19572263370792214,1.1575409154247653,-2.472462820328401,1.5472041210139444,-8.815020552088861e-05,-3.672925230037027e-05,fuzzy-pid,0.022551299482996945,0.002050349896729625,0.0006465888453984825,0.019821681002240025,0.034360769820492805,0.21734397087696003,0.82106053606488,0.9389354448258287,1.0,0.3849500614381715,0.02,0.03,1.6969320437745998,1.6888960581840269,-0.008035985590572947,0.3416734899206101,0.3356538821467487,-0.006019607773861402,0.441699067997208,0.4054689857665039,-0.036230082230704064,0.037595632733159405
2.35,0.19786656937574273,1.1613837821049038,-2.45797678567379,1.5468066562304266,-0.00013729342499914585,-5.7205593749644115e-05,-0.016491812829389097,-0.029560512924141514,-0.11143103580470005,0.003057421411676062,0.00037802476521736335,0.00015751031884056802,0.19786656937574273,1.1613837821049038,-2.45797678567379,1.5468066562304266,-0.00013729342499914585,-5.7205593749644115e-05,-0.016491812829389097,-0.029560512924141514,-0.11143103580470005,0.003057421411676062,0.00037802476521736335,0.00015751031884056802,0.19529489084234494,1.1568567125612579,-2.474770357769008,1.5478267754059472,0.0,0.0,-0.0178907178173056,-0.012324188329617477,-0.010526374012868102,-0.008013328886213976,-0.004180867244981204,-0.0017420280187421683,-0.002571678533397792,-0.004527069543645901,-0.016793572095218146,0.001020119175520584,0.00013729342499914585,5.7205593749644115e-05,-0.0007482446764495892,-0.0010083038551180088,0.0011317933829306046,5.326570487187583e-05,-7.198943467998778e-05,-2.9995597783328253e-05,0.19484064305140203,1.1562715353857962,-2.4733446283716587,1.5477110610866005,-7.6029627390213e-05,-3.167901141258876e-05,fuzzy-pid,0.01761234561170669,0.0016930512312490463,0.0004514909152395122,0.0024307076889413777,0.030534755691567102,0.20212686922782372,0.8025826269195002,0.904774604388992,1.0,0.3104173186668916,0.02,0.03,1.6951728848438323,1.6893786750444313,-0.00579420979940104,0.3398650355407727,0.3341865011124724,-0.005678534428300297,0.4319007879744142,0.40306405624721925,-0.028836731727194975,0.029956230022469117
2.4000000000000004,0.1970260342856481,1.1599637135718184,-2.4622456308676424,1.547057879801586,-0.00012027570344110895,-5.0114876433795406e-05,-0.016810701801892806,-0.028401370661708857,-0.0853769038770485,0.005024471423188527,0.0003403544311607381,0.00014181434631697418,0.1970260342856481,1.1599637135718184,-2.4622456308676424,1.547057879801586,-0.00012027570344110895,-5.0114876433795406e-05,-0.016810701801892806,-0.028401370661708857,-0.0853769038770485,0.005024471423188527,0.0003403544311607381,0.00014181434631697418,0.19439626159269593,1.155607444829564,-2.4753645563240214,1.5484035411321817,0.0,0.0,-0.018053678567915288,-0.010116465577008063,-0.013240874307217036,-0.006579610117592822,-0.0034328400613527757,-0.0014303500255636566,-0.0026297726929521703,-0.004356268742254477,-0.01311892545637905,0.001345661330595771,0.00012027570344110895,5.0114876433795406e-05,-0.0007610480065617405,-0.0009376322303449266,0.0007890502010431664,0.00015168206209845785,-6.367864941600457e-05,-2.65327705900019e-05,0.19393657095245115,1.1550702432958633,-2.4742677866851484,1.54834418266736,-6.676639390955667e-05,-2.7819330795648617e-05,fuzzy-pid,0.014136009658447097,0.0014521414854305797,0.0003638655414215238,0.0,0.03,0.2,0.8,0.9,1.0,0.3,0.02,0.03,1.6939342367083323,1.689723741979958,-0.004210494728374314,0.33813590533520405,0.33267718750450975,-0.005458717830694293,0.4240633947070652,0.40077461228633005,-0.023288782420735177,0.024287718148338917
2.45,0.19616785002642673,1.1586044162729419,-2.4655851185947273,1.54741518615319,-0.00010541200634901109,-4.392166931208796e-05,-0.017163685184427537,-0.02718594597752835,-0.06678975454169993,0.007146127032078534,0.0002972739418419571,0.00012386414243414884,0.19616785002642673,1.1586044162729419,-2.4655851185947273,1.54741518615319,-0.00010541200634901109,-4.392166931208796e-05,-0.017163685184427537,-0.02718594597752835,-0.06678975454169993,0.007146127032078534,0.0002972739418419571,0.00012386414243414884,0.19348959898675444,1.1544447352753147,-2.476094353531306,1.5491125162090413,0.0,0.0,-0.01821207904240387,-0.007887583917474301,-0.015949872202181938,-0.005131670153263336,-0.002677393123441739,-0.0011155804681007254,-0.002678251039672286,-0.004159680997627202,-0.010509234936578515,0.001697330055851376,0.00010541200634901109,4.392166931208796e-05,-0.0007728697747159052,-0.0008630134119708959,0.00045559411257192284,0.0002513801335096885,-5.46969328404694e-05,-2.2790388683528922e-05,0.19302168964714167,1.1539538522214736,-2.4752960162353372,1.5491089679237535,-5.771429810774122e-05,-2.4047624211558844e-05,fuzzy-pid,0.01173941922363892,0.001271372864710864,0.0003562794791936033,0.0,0.03,0.2,0.8,0.9,1.0,0.3,0.02,0.03,1.6930622308497354,1.6899309184512026,-0.003131312398532815,0.33645124305233215,0.3311266712135282,-0.005324571838803971,0.41769452237384397,0.39860447206122357,-0.0190900503126204,0.020064550918028737
2.5,0.19529391658773643,1.1573125929253119,-2.4682825901615635,1.5478856810894577,-9.216264294865835e-05,-3.840110122860765e-05,-0.017478668773805873,-0.025836466952601347,-0.05394943133672195,0.009409898725353126,0.00026498726800705487,0.00011041136166960621,0.19529391658773643,1.1573125929253119,-2.4682825901615635,1.5478856810894577,-9.216264294865835e-05,-3.840110122860765e-05,-0.017478668773805873,-0.025836466952601347,-0.05394943133672195,0.009409898725353126,0.00026498726800705487,0.00011041136166960621,0.19257512704382357,1.1533700711525459,-2.4769594065263143,1.5499537313447505,0.0,0.0,-0.018366077984249836,-0.0056403115849236385,-0.01865064691990442,-0.003671029420388818,-0.0019153196975941643,-0.000798049873997569,-0.0027187895439128584,-0.0039425217727659945,-0.008676816364750817,0.002068050255292775,9.216264294865835e-05,3.840110122860765e-05,-0.0007821247205573634,-0.0007836587702337143,0.00013983078009032097,0.00035170646200488267,-4.4916723821357006e-05,-1.871530159223209e-05,0.19210017415423508,1.1529282723421026,-2.4764386858685024,1.550006320336005,-4.811611739295306e-05,-2.004838224706378e-05,fuzzy-pid,0.010124684547983643,0.001171092653781221,0.0003409793635108087,0.0,0.03,0.2,0.8,0.9,1.0,0.3,0.02,0.03,1.6924284487742953,1.69,-0.0024284487742953775,0.33478808244129515,0.32953570205544663,-0.005252380385848521,0.41242726218936704,0.39655725478271114,-0.015870007406655895,0.016892069093344838
2.5500000000000003,0.19440676591176384,1.1560947260966425,-2.47054817230238,1.548474747546832,-7.992749696096244e-05,-3.3303123733734355e-05,-0.01774301351945192,-0.024357336573384757,-0.04531164281632706,0.011781329147485408,0.0002447029197539182,0.00010195954989746595,0.19440676591176384,1.1560947260966425,-2.47054817230238,1.548474747546832,-7.992749696096244e-05,-3.3303123733734355e-05,-0.01774301351945192,-0.024357336573384757,-0.04531164281632706,0.011781329147485408,0.0002447029197539182,0.00010195954989746595,0.19165306200313362,1.1523847729343137,-2.477959234805743,1.550927151409157,0.0,0.0,-0.018515827821058567,-0.003377473972674398,-0.021340414691984978,-0.0021992438441664867,-0.0011474315708694728,-0.0004780964878622803,-0.002753703908630223,-0.003709953162328805,-0.007411062503363208,0.0024524038623250366,7.992749696096244e-05,3.3303123733734355e-05,-0.0007898148454283723,-0.0007013224991096944,-0.00014711531551586622,0.000452034660662124,-3.464341179318377e-05,-1.4434754913826573e-05,0.19117247890683772,1.1519946559119287,-2.47768943405807,1.5510359696363656,-3.8011588193126095e-05,-1.5838161747135874e-05,fuzzy-pid,0.009071508547017009,0.001158899269326657,0.0003152238455645068,0.0,0.03,0.2,0.8,0.9,1.0,0.3,0.02,0.03,1.691934793948504,1.6899309184512026,-0.0020038754973015216,0.3331309667206641,0.32790504940883186,-0.005225917311832251,0.40799762935294986,0.3946363746591566,-0.01336125469379329,0.014486160835473513
2.6,0.19350835285483992,1.1549558177119998,-2.472531856123405,1.5491861981272579,-6.828418896989678e-05,-2.8451745404123665e-05,-0.01796826113847843,-0.022778167692854505,-0.03967367642050166,0.014229011608520489,0.000232866159821313,9.702756659221378e-05,0.19350835285483992,1.1549558177119998,-2.472531856123405,1.5491861981272579,-6.828418896989678e-05,-2.8451745404123665e-05,-0.01796826113847843,-0.022778167692854505,-0.03967367642050166,0.014229011608520489,0.000232866159821313,9.702756659221378e-05,0.19072361264434184,1.1514899924386697,-2.4790932172327866,1.5520326721237645,0.0,0.0,-0.018661474477659666,-0.0011019487655141095,-0.024016335033310316,-0.0007179031753110419,-0.00037455817842315205,-0.00015606590767631366,-0.002784740210498071,-0.0034658252733301698,-0.006561361109381547,0.0028464739965066155,6.828418896989678e-05,2.8451745404123665e-05,-0.0007966150366793755,-0.0006171544238851498,-0.00040304393733791763,0.0005520524846369417,-2.4076696174526285e-05,-1.0031956739385957e-05,0.19023836793245627,1.1511532924890706,-2.479044554392111,1.5521975358653926,-2.7560419179176237e-05,-1.1483507991323436e-05,fuzzy-pid,0.008421761627948858,0.0012179334087946136,0.0002876883247182226,0.0,0.03,0.2,0.8,0.9,1.0,0.3,0.02,0.03,1.6915095702072127,1.689723741979958,-0.0017858282272547044,0.33146893411974643,0.3262355018428333,-0.005233432276913141,0.40421849645440744,0.39284503520249403,-0.011373461251913408,0.012646486338231329
2.6500000000000004,0.19260002370973334,1.1538995607056306,-2.4743409389758235,1.5500226808322952,-5.6972030694696624e-05,-2.373834612279027e-05,-0.018166582902131363,-0.02112514012738462,-0.036181657048365665,0.016729654100748153,0.00022624316550400302,9.426798562666794e-05,0.19260002370973334,1.1538995607056306,-2.4743409389758235,1.5500226808322952,-5.6972030694696624e-05,-2.373834612279027e-05,-0.018166582902131363,-0.02112514012738462,-0.036181657048365665,0.016729654100748153,0.00022624316550400302,9.426798562666794e-05,0.18978698061718213,1.1506867111959287,-2.4803605893682206,1.5532701168687402,0.0,0.0,-0.018803157196892052,0.0011833391790838142,-0.02667551749647495,0.0007713708035767142,0.00040245433230089514,0.00016768930512537283,-0.002813043092551204,-0.0032128495097019094,-0.006019650392397047,0.0032474360364449506,5.6972030694696624e-05,2.373834612279027e-05,-0.0008029110115239858,-0.0005318384176084966,-0.0006302729349887224,0.0006516351963304229,-1.3333679465049897e-05,-5.555699777104125e-06,0.18929764418735767,1.1504044777060076,-2.4805042853254347,1.553490698015151,-1.689036439358148e-05,-7.037651830658953e-06,fuzzy-pid,0.008063588183394981,0.0013227241773532215,0.00026268544564225625,0.0,0.03,0.2,0.8,0.9,1.0,0.3,0.02,0.03,1.691100698105095,1.6893786750444313,-0.0017220230606636022,0.32979403267383406,0.32452786673583833,-0.005266165937995726,0.4009565230252129,0.39118622388563107,-0.009770299139581828,0.011231946064012108
2.7,0.19168269606462898,1.1529287043168464,-2.476052979628493,1.550986018938644,-4.583823449994242e-05,-1.9099264374976014e-05,-0.018346552902087025,-0.01941712777568321,-0.03424081305339518,0.019266762126976842,0.00022267592389508414,9.278163495628508e-05,0.19168269606462898,1.1529287043168464,-2.476052979628493,1.550986018938644,-4.583823449994242e-05,-1.9099264374976014e-05,-0.018346552902087025,-0.01941712777568321,-0.03424081305339518,0.019266762126976842,0.00022267592389508414,9.278163495628508e-05,0.1888433607798966,1.1499757390681973,-2.4817604411505747,1.5546392336174104,0.0,0.0,-0.01894100836747225,0.003475423183693975,-0.029315028875211223,0.002266926189399908,0.0011827440988173429,0.0004928100411738933,-0.002839335284732375,-0.0029529652486490754,-0.005707461522081569,0.0036532146787664477,4.583823449994242e-05,1.9099264374976014e-05,-0.0008089052011648993,-0.0004457788828654777,-0.0008328295692029304,0.0007507481702797755,-2.4810198371313904e-06,-1.033758265471411e-06,0.18835025273088823,1.1497485895655006,-2.482071024371192,1.5549151608445553,-6.083355976243913e-06,-2.5347316567682963e-06,fuzzy-pid,0.00791867344065238,0.001452680820935271,0.00024172913286350846,0.0,0.03,0.2,0.8,0.9,1.0,0.3,0.02,0.03,1.6906700997523405,1.6888960581840269,-0.0017740415683136224,0.3281004641581979,0.32278296988503136,-0.005317494273166523,0.3981156416854115,0.3896627071601464,-0.008452934525265132,0.010142734883633837
2.75,0.1907570173608121,1.152045339108139,-2.4777246587236874,1.5520774472458416,-3.479521268780394e-05,-1.4498005286584981e-05,-0.01851357407633749,-0.017667304174142886,-0.033433581903883104,0.021828566143951754,0.00022086043624276947,9.202518176782066e-05,0.1907570173608121,1.152045339108139,-2.4777246587236874,1.5520774472458416,-3.479521268780394e-05,-1.4498005286584981e-05,-0.01851357407633749,-0.017667304174142886,-0.033433581903883104,0.021828566143951754,0.00022086043624276947,9.202518176782066e-05,0.18789294154610703,1.149357713131685,-2.483291714946989,1.556139692007837,0.0,0.0,-0.01907515335839423,0.005771300319499506,-0.031931900822627354,0.0037670829841398106,0.0019654346004207724,0.0008189310835086555,-0.002864075814705075,-0.002687625976454111,-0.00556705622330167,0.004062244761995348,3.479521268780394e-05,1.4498005286584981e-05,-0.0008146976812484113,-0.0003592308384120977,-0.0010149849047997503,0.0008493901664533322,8.442352191165634e-06,3.5176467463190167e-06,0.187396246081366,1.1491860091113297,-2.4837477809816395,1.5564706018418564,4.810925149313247e-06,2.0045521455471886e-06,fuzzy-pid,0.00793231568083578,0.0015951554049953647,0.00022488877665140632,0.0,0.03,0.2,0.8,0.9,1.0,0.3,0.02,0.03,1.690189687220201,1.6882763676833195,-0.0019133195368814526,0.32638402734678484,0.3210016551070451,-0.005382372239739752,0.3956258840228054,0.3882770258425918,-0.00734885818021358,0.009307869741795134
2.8000000000000003,0.1898234697831882,1.1512510807756922,-2.4793977482397853,1.5532977679669568,-2.3793507733049168e-05,-9.913961555437156e-06,-0.018670951552478277,-0.015885166648940994,-0.03346179032195609,0.024406414422304155,0.0002200340990950955,9.16808746229565e-05,0.1898234697831882,1.1512510807756922,-2.4793977482397853,1.5532977679669568,-2.3793507733049168e-05,-9.913961555437156e-06,-0.018670951552478277,-0.015885166648940994,-0.03346179032195609,0.024406414422304155,0.0002200340990950955,9.16808746229565e-05,0.18693590523981538,1.148833096831781,-2.4849532039945994,1.5577710805602152,0.0,0.0,-0.019205710359362166,0.008067937171428303,-0.03452313784764047,0.00527013523084259,0.002749635772613527,0.0011456815719223022,-0.002887564543372828,-0.0024179839439111284,-0.005555455754814087,0.004473312593258338,2.3793507733049168e-05,9.913961555437156e-06,-0.000820335286893258,-0.0002723756391685843,-0.0011806053015793378,0.0009475647616446865,1.941181604925967e-05,8.088256687191528e-06,0.18643573898503307,1.148717043172292,-2.4855373022175438,1.558156634451859,1.576159332427306e-05,6.567330551780443e-06,fuzzy-pid,0.008065913089260293,0.0017433555477473026,0.00021162512803544177,0.0,0.03,0.2,0.8,0.9,1.0,0.3,0.02,0.03,1.6896385998043826,1.6875202151020166,-0.0021183847023660274,0.3246417270983054,0.319184783829899,-0.0054569432684064,0.3934358560953073,0.3870314908770933,-0.00640436521821397,0.008676501451051179
2.85,0.18888243345036734,1.1505471814414143,-2.481103179900274,1.5546474531016519,-1.2805979661570769e-05,-5.3358248589878225e-06,-0.018820726656417396,-0.01407798668555671,-0.03410863320976917,0.026993702693900445,0.00021975056142956796,9.156273392898666e-05,0.18888243345036734,1.1505471814414143,-2.481103179900274,1.5546474531016519,-1.2805979661570769e-05,-5.3358248589878225e-06,-0.018820726656417396,-0.01407798668555671,-0.03410863320976917,0.026993702693900445,0.00021975056142956796,9.156273392898666e-05,0.18597242845823908,1.1484021794203048,-2.4867435512503917,1.5595329040479085,0.0,0.0,-0.019332790226815305,0.010362275779601743,-0.03708572565081091,0.006774353256070929,0.003534445177080486,0.0014726854904502029,-0.0029100049921282622,-0.0021450020211095655,-0.0056403713501178565,0.0048854509462565865,1.2805979661570769e-05,5.3358248589878225e-06,-0.0008258385914002685,-0.00018536124301025053,-0.0013329346603766007,0.001045267842860211,3.0409768948558906e-05,1.2670737061899545e-05,0.18546887714638738,1.1483418744260439,-2.4874416899874623,1.5599727875310414,2.6747725042487447e-05,1.1144885434369769e-05,fuzzy-pid,0.00829160871631237,0.0018938725256026085,0.0002012308903330916,0.0,0.03,0.2,0.8,0.9,1.0,0.3,0.02,0.03,1.68900129572902,1.6866283466714247,-0.0023729490575952195,0.3228714878213747,0.3173332346764197,-0.0055382531449549854,0.3915075915015118,0.3859281794813165,-0.005579412020195296,0.008211758253787406
2.9000000000000004,0.18793422336592847,1.149934596159367,-2.4828638771467153,1.5561267126653713,-1.818839465999042e-06,-7.578497774996031e-07,-0.01896420168877758,-0.01225170564094707,-0.03521394492882468,0.029585191274386326,0.00021974280391143453,9.155950162976439e-05,0.18793422336592847,1.149934596159367,-2.4828638771467153,1.5561267126653713,-1.818839465999042e-06,-7.578497774996031e-07,-0.01896420168877758,-0.01225170564094707,-0.03521394492882468,0.029585191274386326,0.00021974280391143453,9.155950162976439e-05,0.18500268244221535,1.1480650756836963,-2.488661248665488,1.5614245810290555,0.0,0.0,-0.01945649633515969,0.01265123973593609,-0.039616639758834726,0.008277986014712226,0.00431894922506725,0.001799562177111354,-0.0029315409237131163,-0.001869520475670683,-0.005797371518772909,0.005297868363684177,1.818839465999042e-06,7.578497774996031e-07,-0.0008312158852531844,-9.832230212232257e-05,-0.0014745800549789895,0.001142483337965186,4.142185597504451e-05,1.7259106656268543e-05,0.18449581920431848,1.1480605336426914,-2.4894622940372164,1.5619184951580258,3.775332324190524e-05,1.573055135079385e-05,fuzzy-pid,0.008588711696434742,0.0020450563038647055,0.00019303181607408169,0.0,0.03,0.2,0.8,0.9,1.0,0.3,0.02,0.03,1.688266210248565,1.6856016425580085,-0.002664567690556563,0.32107193865877737,0.31544790303934733,-0.0056240356194300345,0.38981295146417044,0.3849689316822263,-0.004844019781944153,0.007886331547306516
2.95,0.18697911109881457,1.1494140232380683,-2.48469677072741,1.5577355411355531,9.17342795286326e-06,3.822261647026356e-06,-0.019102245342277675,-0.010411458425975252,-0.036657871613895075,0.0321765694036364,0.00021984534837724603,9.160222849051918e-05,0.18697911109881457,1.1494140232380683,-2.48469677072741,1.5577355411355531,9.17342795286326e-06,3.822261647026356e-06,-0.019102245342277675,-0.010411458425975252,-0.036657871613895075,0.0321765694036364,0.00021984534837724603,9.160222849051918e-05,0.18402683345391915,1.1478217259702168,-2.490704636897748,1.5634454415448162,0.0,0.0,-0.019576924432884026,0.014931740413959296,-0.04211285441524355,0.009779263532886882,0.0051022244519409845,0.0021259268549754097,-0.002952277644895418,-0.0015922972678514835,-0.006007866170337994,0.005709900409263113,-9.17342795286326e-06,-3.822261647026356e-06,-0.0008364701062894495,-1.1389559516940804e-05,-0.0016075806556277224,0.001239182800185156,5.243509397963782e-05,2.184795582484909e-05,0.18351672731180188,1.147872885718698,-2.4915997366743357,1.5639930920482576,4.8764651295204674e-05,2.031860470633528e-05,fuzzy-pid,0.008941413269031681,0.0021961166429995092,0.00018645965593174415,0.0,0.03,0.2,0.8,0.9,1.0,0.3,0.02,0.03,1.6874247918056393,1.684441115994772,-0.0029836758108672257,0.3192422505901906,0.3135297006483312,-0.005712549941859435,0.38833105125077877,0.38415534724741596,-0.004175704003362812,0.007679326279452687
3.0,0.18601733782464439,1.1489859294826876,-2.4866142612682225,1.5594737497224156,2.017098999240254e-05,8.404579163501059e-06,-0.019235465483403838,-0.008561875107613057,-0.03834981081625413,0.03476417173724736,0.00021995124079078563,9.164635032949402e-05,0.18601733782464439,1.1489859294826876,-2.4866142612682225,1.5594737497224156,2.017098999240254e-05,8.404579163501059e-06,-0.019235465483403838,-0.008561875107613057,-0.03834981081625413,0.03476417173724736,0.00021995124079078563,9.164635032949402e-05,0.18304504316165968,1.1476718965234776,-2.4928719054743884,1.565594724989434,0.0,0.0,-0.019694162503295518,0.017200683309247938,-0.044571351683396314,0.011276399444557512,0.0058833388406386985,0.002451391183599458,-0.002972294662984709,-0.0013140329592100652,-0.006257644206165924,0.00612097526701838,-2.017098999240254e-05,-8.404579163501059e-06,-0.0008416021255462465,7.530615970926337e-05,-0.0017335013879621853,0.0013353265842986602,6.343697350581369e-05,2.643207229408904e-05,0.18253176260503556,1.1477786234420646,-2.4938539893153466,1.5661958116923638,5.976889295316143e-05,2.49037053971506e-05,fuzzy-pid,0.009337352136323158,0.0023466597981533248,0.00018106407397941915,0.0,0.03,0.2,0.8,0.9,1.0,0.3,0.02,0.03,1.686470796380218,1.6831479122813215,-0.0033228840988963615,0.31738201220634793,0.3115795551290255,-0.005802457077322409,0.38704638615517756,0.38348878301712486,-0.0035576031380527007,0.007574074660098726
3.0500000000000003,0.18504912248586416,1.1486505666936258,-2.4886252968368683,1.5613409891585124,3.1170407481502236e-05,1.2987669783959265e-05,-0.019364306775604568,-0.006707255781239023,-0.04022071137291188,0.03734478872193433,0.00021998834978199385,9.166181240916411e-05,0.18504912248586416,1.1486505666936258,-2.4886252968368683,1.5613409891585124,3.1170407481502236e-05,1.2987669783959265e-05,-0.019364306775604568,-0.006707255781239023,-0.04022071137291188,0.03734478872193433,0.00021998834978199385,9.166181240916411e-05,0.1820574690315284,1.1476151801288113,-2.495161093414133,1.5678715781565062,0.0,0.0,-0.01980829062967712,0.019454974467351824,-0.046989130716633035,0.012767593617301341,0.006661353191635485,0.0027755638298481186,-0.0029916534543357742,-0.0010353865648145,-0.006535796577264552,0.006530588997993858,-3.1170407481502236e-05,-1.2987669783959265e-05,-0.000846612213963378,0.00016163257699598776,-0.0018535252132551774,0.0014308655225467215,7.441505154376872e-05,3.1006271476570296e-05,0.18154108326443266,1.1477772653898717,-2.496224461299378,1.5685257856823807,7.07535118961169e-05,2.9480629956715375e-05,fuzzy-pid,0.009766697781922403,0.0024964591283117435,0.00017649985881752753,0.0,0.03,0.2,0.8,0.9,1.0,0.3,0.02,0.03,1.6853997630109774,1.6817233076535916,-0.0036764553573858105,0.3154911347166358,0.3095984095544978,-0.005892725162138013,0.38594744744550613,0.38297035064139306,-0.0029770968041130663,0.007556694992680698
3.1,0.18407466714657764,1.1484079829981386,-2.490736175854232,1.563336765970698,4.216571426333964e-05,1.7569047609724852e-05,-0.01948910678573057,-0.004851673909744836,-0.04221758034727636,0.03991553624371264,0.00021990613563674816,9.162755651531172e-05,0.18407466714657764,1.1484079829981386,-2.490736175854232,1.563336765970698,4.216571426333964e-05,1.7569047609724852e-05,-0.01948910678573057,-0.004851673909744836,-0.04221758034727636,0.03991553624371264,0.00021990613563674816,9.162755651531172e-05,0.18106426472568218,1.1476509970781448,-2.497570090316077,1.5702750534650283,0.0,0.0,-0.01991938086473011,0.021691526975654386,-0.04936321714949019,0.014251034862564526,0.007435322536990187,0.0030980510570792446,-0.0030104024208954527,-0.0007569859199938467,-0.006833914461844781,0.006938287494330231,-4.216571426333964e-05,-1.7569047609724852e-05,-0.0008515006306018771,0.0002474557977837122,-0.0019685340081832653,0.0015257426131301739,8.535678452058601e-05,3.556532688357751e-05,0.18054484388741837,1.1478681560044142,-2.4987100835680396,1.5709820434792139,8.170596636446874e-05,3.404415265186197e-05,fuzzy-pid,0.010221538889202835,0.002645345919120515,0.00017250714066015298,0.0,0.03,0.2,0.8,0.9,1.0,0.3,0.02,0.03,1.684208619646932,1.6801687080243553,-0.004039911622576664,0.31356977921809936,0.30758722198916744,-0.005982557228931928,0.38502568964058304,0.38260091472612845,-0.002424774914454586,0.007615209143644312
3.1500000000000004,0.18309416068570006,1.1482580310554373,-2.4929511502191786,1.565460454167508,5.3149117624764396e-05,2.2145465676985165e-05,-0.019610129217551474,-0.002999038854024762,-0.04429948729893034,0.04247376393619915,0.000219668067228495,9.152836134520622e-05,0.18309416068570006,1.1482580310554373,-2.4929511502191786,1.565460454167508,5.3149117624764396e-05,2.2145465676985165e-05,-0.019610129217551474,-0.002999038854024762,-0.04429948729893034,0.04247376393619915,0.000219668067228495,9.152836134520622e-05,0.1800655805070481,1.1477785964581204,-2.5000966379201826,1.5728041073680727,0.0,0.0,-0.020027497104234675,0.023907267495319087,-0.05169067256315616,0.015724903725568992,0.008204297595949038,0.0034184573316454327,-0.0030285801786519573,-0.00047943459731691895,-0.007145487701003983,0.007343653200564848,-5.3149117624764396e-05,-2.2145465676985165e-05,-0.0008562678035364425,0.00033264066580511204,-0.002079175527914643,0.0016198945313231506,9.62494756801817e-05,4.010394820007571e-05,0.17954319549948833,1.1480504668440477,-2.501309380978083,1.5735635122943503,9.261359835125346e-05,3.8588999313022276e-05,fuzzy-pid,0.010695452655093557,0.002793160543298598,0.0001688921758686591,0.0,0.03,0.2,0.8,0.9,1.0,0.3,0.02,0.03,1.6828953846462782,1.6784856475957575,-0.004409737050520723,0.3116183009741961,0.30554696502549367,-0.006071335948702461,0.38427475441305037,0.38238109139117565,-0.0018936630218747141,0.007739047790081006
3.2,0.1821077814673079,1.1482003743300513,-2.495272880985541,1.5677113036471864,6.411147338212248e-05,2.6713113909217697e-05,-0.019727584367842943,-0.0011531345077204277,-0.04643461532724608,0.045016989593569014,0.0002192471151471615,9.135296464465062e-05,0.1821077814673079,1.1482003743300513,-2.495272880985541,1.5677113036471864,6.411147338212248e-05,2.6713113909217697e-05,-0.019727584367842943,-0.0011531345077204277,-0.04643461532724608,0.045016989593569014,0.0002192471151471615,9.135296464465062e-05,0.17906156365024037,1.147997057765254,-2.5027383321418992,1.5754575989462334,0.0,0.0,-0.020132694964925868,0.026099142809284086,-0.05396860397786239,0.01718737534987829,0.008967326269501716,0.0037363859456257162,-0.0030462178170675425,-0.00020331656479721794,-0.007465451156358327,0.0077462952990470235,-6.411147338212248e-05,-2.6713113909217697e-05,-0.0008609143334628858,0.0004170513065062978,-0.0021859171426371294,0.001713252911432732,0.0001070802749171013,4.461678121545889e-05,0.17853628586245518,1.148323198514832,-2.5040205322079228,1.5762690169668372,0.00010346360577563935,4.310983573984973e-05,fuzzy-pid,0.011183186322065128,0.0029397332221258463,0.00016551126193744653,0.0,0.03,0.2,0.8,0.9,1.0,0.3,0.02,0.03,1.6814589395071582,1.6766757873452427,-0.004783152161915494,0.3096372067079406,0.303478625313639,-0.006158581394301588,0.3836898845351363,0.3823112472427942,-0.0013786372923421109,0.007918794742769315
3.25,0.1811156993548488,1.148234492159157,-2.497702784102869,1.5700884462359783,7.504262126921049e-05,3.126775886217104e-05,-0.01984164224918184,0.0006823565821156841,-0.04859806234656588,0.04754285177583793,0.0002186229577417604,9.109289905906686e-05,0.1811156993548488,1.148234492159157,-2.497702784102869,1.5700884462359783,7.504262126921049e-05,3.126775886217104e-05,-0.01984164224918184,0.0006823565821156841,-0.04859806234656588,0.04754285177583793,0.0002186229577417604,9.109289905906686e-05,0.17805235885847664,1.148305292850904,-2.505492625581099,1.5782342886873908,0.0,0.0,-0.020235021666654324,0.02826412636219805,-0.056194173324662415,0.018636622411451642,0.009723455171192165,0.004051439654663401,-0.0030633404963721633,7.080069174714154e-05,-0.007789841478230031,0.008145842451412477,-7.504262126921049e-05,-3.126775886217104e-05,-0.0008654409291173388,0.0005005517117563077,-0.0022890881863858884,0.001805745407217503,0.00011783620122212017,4.909841717588341e-05,0.1775242599126333,1.1486851830507034,-2.5068414183775944,1.5790972798126655,0.00011424305236049995,4.760127181687499e-05,fuzzy-pid,0.011680413361760936,0.003084878805327663,0.00016225815480708445,0.0,0.03,0.2,0.8,0.9,1.0,0.3,0.02,0.03,1.6798988551874061,1.6747409133863715,-0.005157941801034571,0.3076271218553528,0.30138320308433375,-0.006243918771019041,0.3832674799419952,0.3823914987622574,-0.0008759811797378059,0.00814605599472521
3.3000000000000003,0.1801180772875667,1.1483596840734753,-2.5002412936236262,1.5725909000072802,8.593162990567978e-05,3.580484579403325e-05,-0.019952441345641756,0.0025038382863693284,-0.05077019041514043,0.050049075426039646,0.0002177801727293859,9.074173863724416e-05,0.1801180772875667,1.1483596840734753,-2.5002412936236262,1.5725909000072802,8.593162990567978e-05,3.580484579403325e-05,-0.019952441345641756,0.0025038382863693284,-0.05077019041514043,0.050049075426039646,0.0002177801727293859,9.074173863724416e-05,0.17703810868627645,1.1487020481977703,-2.5083568305030908,1.5811328374537499,0.0,0.0,-0.02033451591896977,0.030399224768224074,-0.058364606849033274,0.020070818116813306,0.01047173119138085,0.004363221329742022,-0.003079968601290256,0.0003423641242950026,-0.008115536879464536,0.008541937446469694,-8.593162990567978e-05,-3.580484579403325e-05,-0.0008698483241504361,0.0005830063044515919,-0.002388912975730127,0.0018972965601170987,0.000128504173751377,5.35434057297404e-05,0.17650726024975286,1.1491350866393422,-2.509769662203514,1.5820469204635665,0.00012493889340365772,5.205787225152404e-05,fuzzy-pid,0.012183543006526833,0.0032283977635462198,0.00015905455263373828,0.0,0.03,0.2,0.8,0.9,1.0,0.3,0.02,0.03,1.6782152590090176,1.672682935206141,-0.005532323802876604,0.3055887654399887,0.29926171166517324,-0.006327053774815461,0.38300476080064505,0.38262171211159324,-0.00038304868905181255,0.00841337877594168
3.35,0.17911507255484063,1.148575073675105,-2.502888062673595,1.5752175723562487,9.676698087734032e-05,4.031957536555847e-05,-0.0200600946545214,0.004307792032593522,-0.05293538099937736,0.05253344697936862,0.0002167070194332108,9.029459143050438e-05,0.17911507255484063,1.148575073675105,-2.502888062673595,1.5752175723562487,9.676698087734032e-05,4.031957536555847e-05,-0.0200600946545214,0.004307792032593522,-0.05293538099937736,0.05253344697936862,0.0002167070194332108,9.029459143050438e-05,0.1760189539677157,1.14918590752852,-2.511328122287121,1.5841518056366497,0.0,0.0,-0.02043120781233749,0.032501484262781606,-0.06047720439894377,0.021488139259740052,0.011211203092038284,0.004671334621682621,-0.003096118587124941,0.0006108338534149826,-0.008440059613525897,0.008934233280400994,-9.676698087734032e-05,-4.031957536555847e-05,-0.0008741371964996054,0.0006642804617535047,-0.0024855363927809493,0.001987828509400193,0.00013907104523388925,5.794626884745386e-05,0.17548542764085026,1.1496714126525407,-2.512802659560805,1.5851164557254291,0.00013553800727633135,5.64741696984714e-05,fuzzy-pid,0.012689570063924929,0.003370079559667717,0.00015584301592082568,0.0,0.03,0.2,0.8,0.9,1.0,0.3,0.02,0.03,1.67640873242671,1.6705038837805521,-0.005904848646157923,0.303522930775861,0.29711517699058176,-0.0064077537852792466,0.3828995115293733,0.38300150335678995,0.00010199182741665869,0.008714180881738304
3.4000000000000004,0.17810683785650996,1.1488796122799483,-2.505642117364487,1.577967262181021,0.0001075367104326156,4.4806962680256506e-05,-0.020164693966613172,0.006090772096864792,-0.05508109381783132,0.054993796495446855,0.00021539459110550576,8.974774629396073e-05,0.17810683785650996,1.1488796122799483,-2.505642117364487,1.577967262181021,0.0001075367104326156,4.4806962680256506e-05,-0.020164693966613172,0.006090772096864792,-0.05508109381783132,0.054993796495446855,0.00021539459110550576,8.974774629396073e-05,0.17499503424999874,1.1497552947459886,-2.514403543335414,1.5872896524992086,0.0,0.0,-0.020525118714271005,0.034567997074537886,-0.0625293485504499,0.022886769330615737,0.011940923129016904,0.004975384637090377,-0.0031118036065112264,0.0008756824660403062,-0.008761425970927217,0.009322390318187601,-0.0001075367104326156,-4.4806962680256506e-05,-0.0008783080979337311,0.0007442409933288371,-0.00257904363811135,0.00207726157602398,0.00014952363509927036,6.230151462469599e-05,0.17445890152426133,1.1502925049676231,-2.515937605120345,1.5883042994877818,0.0001460272281435356,6.084467839313984e-05,fuzzy-pid,0.013195956182236202,0.0035097065845641783,0.00015258173601146184,0.0,0.03,0.2,0.8,0.9,1.0,0.3,0.02,0.03,1.6744802323255263,1.6682059095702821,-0.006274322755244199,0.30143047062512657,0.29494463710567964,-0.006485833519446926,0.3829498862607185,0.3835302391080947,0.0005803528473761754,0.00904267504151366
3.45,0.17709352220866312,1.149272082470969,-2.5085019750744477,1.580838661432899,0.00011822852090787115,4.926188371161299e-05,-0.020266312956936865,0.007849403820415891,-0.05719715419921161,0.057427985037560185,0.0002138362095051111,8.909842062712965e-05,0.17709352220866312,1.149272082470969,-2.5085019750744477,1.580838661432899,0.00011822852090787115,4.926188371161299e-05,-0.020266312956936865,0.007849403820415891,-0.05719715419921161,0.057427985037560185,0.0002138362095051111,8.909842062712965e-05,0.17396648823209354,1.1504084772031875,-2.517580007433462,1.590544735706553,0.0,0.0,-0.020616261170737515,0.03659590769429833,-0.06451851352450269,0.02426490167231687,0.012659948698600107,0.005274978624416712,-0.0031270339765695765,0.001136394732218493,-0.009078032359014276,0.009706074273653886,-0.00011822852090787115,-4.926188371161299e-05,-0.0008823613954714163,0.0008227565779264292,-0.0026694754572567795,0.0021655147473027907,0.00015984876140119096,6.660365058382959e-05,0.17342782050853195,1.1509965515777414,-2.519171513448125,1.5916087627123374,0.00015639337808677712,6.516390753615716e-05,fuzzy-pid,0.013700536066569565,0.003647057859318141,0.00014924067477504544,0.0,0.03,0.2,0.8,0.9,1.0,0.3,0.02,0.03,1.6724310302786378,1.6657912803984387,-0.006639749880199108,0.29931228575853897,0.292751141664294,-0.006561144094244964,0.3831542610552442,0.3842070375763378,0.0010527765210935902,0.009393786707202563
3.5,0.17607527173640447,1.1497511016672948,-2.5114657357338026,1.5838303562327432,0.00012882987012423393,5.3679112551764145e-05,-0.02036500944517316,0.009580383926513194,-0.05927521318709575,0.05983389599687965,0.00021202698432725534,8.834457680302317e-05,0.17607527173640447,1.1497511016672948,-2.5114657357338026,1.5838303562327432,0.00012882987012423393,5.3679112551764145e-05,-0.02036500944517316,0.009580383926513194,-0.05927521318709575,0.05983389599687965,0.00021202698432725534,8.834457680302317e-05,0.17293345420815615,1.1511435693001038,-2.5208543045499843,1.5939153110431077,0.0,0.0,-0.020704638813267763,0.038582419017876686,-0.06644227384946941,0.025620742676177585,0.013367344004962216,0.005569726668734258,-0.003141817528248325,0.0013924676328089802,-0.009388568816181664,0.010084954810364533,-0.00012882987012423393,-5.3679112551764145e-05,-0.0008862972239195963,0.0008996981637135531,-0.0027568398738206314,0.0022525060844460695,0.00017003327135541968,7.084719639809156e-05,0.17239232286531042,1.1517815884922982,-2.5225012366798847,1.5950280535237498,0.00016662329803825902,6.942637418260796e-05,fuzzy-pid,0.014201443589123716,0.0037819122073200397,0.00014579871162878714,0.0,0.03,0.2,0.8,0.9,1.0,0.3,0.02,0.03,1.6702626655212476,1.6632623792124928,-0.007000286308754822,0.29716931611349345,0.29053575142135507,-0.006633564692138383,0.3835111217545321,0.3850307700435198,0.0015196482889877072,0.00976306918195034
3.5500000000000003,0.1750522303833228,1.1503151257853512,-2.51453115266327,1.5869408277024672,0.00013932804454479646,5.80533518936652e-05,-0.02046082706163361,0.011280482361129983,-0.061308338589344875,0.062209429394481194,0.0002099634884112505,8.748478683802122e-05,0.1750522303833228,1.1503151257853512,-2.51453115266327,1.5869408277024672,0.00013932804454479646,5.80533518936652e-05,-0.02046082706163361,0.011280482361129983,-0.061308338589344875,0.062209429394481194,0.0002099634884112505,8.748478683802122e-05,0.17189607051544661,1.1519585364029736,-2.5242231060627285,1.5973995323162602,0.0,0.0,-0.020790246272275843,0.040524798340542345,-0.06829831272486908,0.026952515011231276,0.014062181744990231,0.00585924239374593,-0.0031561598678761793,0.0016434106176224095,-0.009691953399458608,0.010458704613792946,-0.00013932804454479646,-5.80533518936652e-05,-0.0008901154479498439,0.0009749393377920285,-0.0028411212358830764,0.0023381530704732756,0.00018006407060612714,7.502669608588632e-05,0.17135254701695019,1.1526455039286487,-2.52592347964393,1.5985602774209877,0.0001767038774641601,7.362661561006672e-05,fuzzy-pid,0.014697053751048886,0.003914050837131719,0.00014224152863825048,0.0,0.03,0.2,0.8,0.9,1.0,0.3,0.02,0.03,1.6679769083986826,1.6606217017325966,-0.007355206666086023,0.2950025339338046,0.2882995377199253,-0.00670299621387932,0.3840189790475717,0.38600006274521026,0.0019810836976385526,0.010146620913445323
3.6,0.1740245405593304,1.1509624530473783,-2.5176956879356753,1.5901684526242785,0.0001497102203557308,6.237925848155451e-05,-0.020553796479847824,0.012946545240541705,-0.06329070544811208,0.06455249843622483,0.00020764351621868686,8.651813175778623e-05,0.1740245405593304,1.1509624530473783,-2.5176956879356753,1.5901684526242785,0.0001497102203557308,6.237925848155451e-05,-0.020553796479847824,0.012946545240541705,-0.06329070544811208,0.06455249843622483,0.00020764351621868686,8.651813175778623e-05,0.17085447598641132,1.1528511990803798,-2.527682970394083,1.6009954514456108,0.0,0.0,-0.02087306909717228,0.0424203831812445,-0.07008443004299766,0.028258460879545137,0.014743544806719203,0.006143143669466334,-0.0031700645729190735,0.0018887460330014871,-0.00998728245840752,0.010826998821332312,-0.0001497102203557308,-6.237925848155451e-05,-0.0008938156320120522,0.0010483566695206393,-0.002922287199990754,0.0024223729121948525,0.00018992815142416727,7.913672976006971e-05,0.170308632020037,1.1535860427945877,-2.529434813106538,1.6022034376236012,0.00018662208293416548,7.775920122256896e-05,fuzzy-pid,0.015185937234058653,0.004043259380774773,0.00013856003715562125,0.0,0.03,0.2,0.8,0.9,1.0,0.3,0.02,0.03,1.6655757318090736,1.6578718539886106,-0.007703877820463001,0.2928129384204689,0.2860435819731064,-0.0067693564473624845,0.38467630434991834,0.3871132991616169,0.0024369948116985674,0.010541008675469133
3.6500000000000004,0.17299234374286,1.1516912279771587,-2.520956556038693,1.5935115040129793,0.0001599635155164071,6.665146479850297e-05,-0.020643936329407808,0.0145754985956074,-0.06521736206034727,0.06686102777401473,0.00020506590321352607,8.544412633896916e-05,0.17299234374286,1.1516912279771587,-2.520956556038693,1.5935115040129793,0.0001599635155164071,6.665146479850297e-05,-0.020643936329407808,0.0145754985956074,-0.06521736206034727,0.06686102777401473,0.00020506590321352607,8.544412633896916e-05,0.16980881040457688,1.153819237649145,-2.5312303490383403,1.6047010187369741,0.0,0.0,-0.020953083683926982,0.04426658691549483,-0.07179855002645764,0.029536845290049515,0.015410527977417139,0.006421053323923808,-0.003183533338283112,0.0021280096719862307,-0.01027379299964748,0.011189514723994876,-0.0001599635155164071,-6.665146479850297e-05,-0.0008973970165499731,0.0011198300312796929,-0.003000294133063944,0.0025050828068604166,0.00019961262004274582,8.317192501781078e-05,0.1692607180460294,1.1546008114589656,-2.5330316856551875,1.6059554355637764,0.00019636498576560074,8.181874406900034e-05,fuzzy-pid,0.015666824910689044,0.004169329469541326,0.0001347492032355487,0.0,0.03,0.2,0.8,0.9,1.0,0.3,0.02,0.03,1.6630612887427878,1.6550155497482644,-0.008045738994523433,0.2906015515337898,0.2837689751410784,-0.006832576392711398,0.3854814816275839,0.38836862271350747,0.0028871410859235835,0.010943198791041862
3.7,0.17195578104929593,1.152499445610994,-2.5243107587099414,1.5969681516659784,0.000170075035030072,7.086459792919668e-05,-0.02073125387128101,0.01616435267670512,-0.06708405342497059,0.06913295305998417,0.00020223039027329805,8.426266261387425e-05,0.17195578104929593,1.152499445610994,-2.5243107587099414,1.5969681516659784,0.000170075035030072,7.086459792919668e-05,-0.02073125387128101,0.01616435267670512,-0.06708405342497059,0.06913295305998417,0.00020223039027329805,8.426266261387425e-05,0.1687592149638641,1.154860197021591,-2.534861592960386,1.6085140833403488,0.0,0.0,-0.021030257210815164,0.04606090419654537,-0.07343872844110007,0.03078595934282156,0.01606223965712429,0.006692599857135122,-0.00319656608543184,0.002360751410596995,-0.010550834250444563,0.011545931674370458,-0.000170075035030072,-7.086459792919668e-05,-0.0009008584992358907,0.0011892428993607795,-0.0030750913004254313,0.002586200181650346,0.0002091047233037131,8.71269680432138e-05,0.1682089468599785,1.1556872828054554,-2.536710434609405,1.6098140715324436,0.00020591978891918502,8.579991204966044e-05,fuzzy-pid,0.01613858020023862,0.004292059935359052,0.00013080716817280737,0.0,0.03,0.2,0.8,0.9,1.0,0.3,0.02,0.03,1.6604358944657294,1.6520556078389976,-0.008380286626731737,0.2883694146722992,0.2814768172035204,-0.006892597468778794,0.3864327714602146,0.389763939858484,0.003331168398269413,0.011350497201022668
3.75,0.17091499377448555,1.153384955942789,-2.5277551131264593,1.6005364627399965,0.00018003191111038116,7.501329629599217e-05,-0.02081574549620793,0.01771020663589646,-0.06888708833035434,0.07136622148036231,0.00019913752160618346,8.29739673359098e-05,0.17091499377448555,1.153384955942789,-2.5277551131264593,1.6005364627399965,0.00018003191111038116,7.501329629599217e-05,-0.02081574549620793,0.01771020663589646,-0.06888708833035434,0.07136622148036231,0.00019913752160618346,8.29739673359098e-05,0.16770583273089357,1.1559714918443005,-2.53857295934361,1.6124323938911638,0.0,0.0,-0.021104547583155168,0.04780091614533361,-0.07500315934553363,0.032004123515318054,0.016697803573209425,0.006957418155503927,-0.0032091610435919793,0.0025865359015115885,-0.010817846217150873,0.011895931151167272,-0.00018003191111038116,-7.501329629599217e-05,-0.0009041986201957522,0.0012564826368497402,-0.0031466241214948803,0.002665642912294229,0.0002183918747462441,9.09966144776017e-05,0.16715346229801797,1.1568428015622265,-2.54046729625118,1.6137770454857043,0.00021527385328947934,8.969743887061638e-05,fuzzy-pid,0.016600177583037876,0.004411257717942608,0.00012673458878050963,0.0,0.03,0.2,0.8,0.9,1.0,0.3,0.02,0.03,1.657702012234203,1.6489949493661167,-0.008707062868086313,0.286117586018952,0.2791682166276705,-0.00694936939128149,0.38752828452130866,0.3912969235824496,0.0037686390611409437,0.011760498250433304
3.8000000000000003,0.16987012391991121,1.1543454686148549,-2.5312862751055483,1.604214402391582,0.000189821339493464,7.909222478894334e-05,-0.020897397091486514,0.01921025344132015,-0.0706232395817821,0.07355879303171017,0.00019578856766165655,8.157856985902338e-05,0.16987012391991121,1.1543454686148549,-2.5312862751055483,1.604214402391582,0.000189821339493464,7.909222478894334e-05,-0.020897397091486514,0.01921025344132015,-0.0706232395817821,0.07355879303171017,0.00019578856766165655,8.157856985902338e-05,0.1666488091098113,1.1571504119170757,-2.5423606186629293,1.6164535993342226,0.0,0.0,-0.021175903387919807,0.04948429529056613,-0.07649018134013637,0.033189690941565084,0.01731636049125135,0.007215150204688061,-0.0032213148100999067,0.002804943302220808,-0.011074343557381017,0.012239196942640529,-0.000189821339493464,-7.909222478894334e-05,-0.0009074155504217122,0.0013214407597063015,-0.0032148367080466426,0.00274332952562974,0.00022746168022922002,9.477570009550833e-05,0.16609441074404668,1.158064589898143,-2.544298415591027,1.6178419580163155,0.00022441472349428484,9.350613478928535e-05,fuzzy-pid,0.017050685932918922,0.004526738545294798,0.00012253414250875598,0.0,0.03,0.2,0.8,0.9,1.0,0.3,0.02,0.03,1.654862241690017,1.6458365948300164,-0.009025646860000514,0.2838471383947873,0.2768442898322807,-0.007002848562506603,0.3887659623248623,0.39296501728044253,0.004199054955580206,0.012171041522845143
3.85,0.1688213147043933,1.1553785578602127,-2.5349007585737366,1.6079998345095636,0.00019943061282702535,8.309608867792723e-05,-0.020976184310358508,0.02066178490715615,-0.07228966936377004,0.07570864235962994,0.00019218546667122685,8.007727777967781e-05,0.1688213147043933,1.1553785578602127,-2.5349007585737366,1.6079998345095636,0.00019943061282702535,8.309608867792723e-05,-0.020976184310358508,0.02066178490715615,-0.07228966936377004,0.07570864235962994,0.00019218546667122685,8.007727777967781e-05,0.1655882923091172,1.158394127879328,-2.5462206620570127,1.620575249929979,0.0,0.0,-0.021244263859175723,0.05110881024128345,-0.07789828328042689,0.034341050674815236,0.0179170699172949,0.007465445798872877,-0.0032330223952760917,0.0030155700191152324,-0.01131990348327605,0.012575415420415403,-0.00019943061282702535,-8.309608867792723e-05,-0.0009105070827565354,0.001384013186715685,-0.0032796738488532116,0.0028191793898015875,0.00023630196314297375,9.845915130957238e-05,0.16503194160578216,1.1593497532740686,-2.548199855827156,1.6220063114939143,0.00023333015323080152,9.722089717950062e-05,fuzzy-pid,0.01748925560864545,0.004638327441842397,0.00011821015748116596,0.0,0.03,0.2,0.8,0.9,1.0,0.3,0.02,0.03,1.6519193092844304,1.6425836611453113,-0.009335648139119135,0.28155915749823085,0.2745061606477268,-0.007052996850504034,0.3901435635988298,0.3947654390203664,0.0046218754215366364,0.01258017580015728
3.9000000000000004,0.1677687110658902,1.156481667697395,-2.538594952255242,1.6118905225607723,0.0002088471518280743,8.701964659503095e-05,-0.021052072770061846,0.02206219674364407,-0.07388387363010827,0.07781376102417026,0.0001883307800209787,7.84711583420744e-05,0.1677687110658902,1.156481667697395,-2.538594952255242,1.6118905225607723,0.0002088471518280743,8.701964659503095e-05,-0.021052072770061846,0.02206219674364407,-0.07388387363010827,0.07781376102417026,0.0001883307800209787,7.84711583420744e-05,0.16452443380992965,1.1596996971496878,-2.550149108972089,1.6247947984429256,0.0,0.0,-0.021309558855377924,0.05267233007529115,-0.07922610942170315,0.035456630923680996,0.018499111786268344,0.007707963244278478,-0.003244277255960548,0.00321802945229277,-0.011554156716846897,0.012904275882153371,-0.0002088471518280743,-8.701964659503095e-05,-0.000913470624985121,0.0014441004735872638,-0.0033410825654668855,0.0028931128949199938,0.0002449007892360536,0.0001020419955150223,0.16396620779015394,1.1606952865359734,-2.552167607609956,1.6262675113768625,0.0002420081302347406,0.00010083672093114189,fuzzy-pid,0.017915108470262474,0.004745859106417081,0.00011376833858389387,0.0,0.03,0.2,0.8,0.9,1.0,0.3,0.02,0.03,1.6488760602328,1.6392393585648166,-0.009636701667983472,0.27925474043720905,0.2721549597725341,-0.007099780664674926,0.3916586550347364,0.39669518618250554,0.005036531147769141,0.012986129158708384
3.95,0.16671246015596347,1.157652117374778,-2.542365134298218,1.6158841305652418,0.00021805853471881494,9.085772279950622e-05,-0.021125018198534733,0.023408993547657797,-0.07540364085952206,0.07987216008939048,0.0001842276578148128,7.67615240895052e-05,0.16671246015596347,1.157652117374778,-2.542365134298218,1.6158841305652418,0.00021805853471881494,9.085772279950622e-05,-0.021125018198534733,0.023408993547657797,-0.07540364085952206,0.07987216008939048,0.0001842276578148128,7.67615240895052e-05,0.1634573888350662,1.1610640701031854,-2.5541419150481226,1.6291096015121125,0.0,0.0,-0.021371708849612984,0.05417282842794303,-0.08047246396403299,0.03653490225125505,0.01906168813108959,0.007942370054620663,-0.0032550713208972792,0.0034119527284073303,-0.011776780749904514,0.013225470946870654,-0.00021805853471881494,-9.085772279950622e-05,-0.000916303194688378,0.0015016080311692943,-0.003399013334062451,0.0029650516263397867,0.00025324649105795574,0.0001055193712741482,0.16289736617782183,1.1620980802347594,-2.556197598189128,1.630622867698055,0.000250436900852152,0.00010434870868839663,fuzzy-pid,0.01832753016566093,0.004849178192107407,0.00010921556912641477,0.0,0.03,0.2,0.8,0.9,1.0,0.3,0.02,0.03,1.6457354516192122,1.6358069875114167,-0.009928464107795465,0.27693499448338016,0.26979182422658116,-0.007143170256799003,0.3933086054588296,0.39875104046708776,0.00544243500825814,0.013387284253220088
4.0,0.1656527118287019,1.1588871070581062,-2.5462074853790266,1.6199782242132454,0.00022705252531140857,9.460521887975355e-05,-0.02119496654523135,0.024699793666562966,-0.07684702161616652,0.08188187296007307,0.00017987981185187243,7.494992160494677e-05,0.1656527118287019,1.1588871070581062,-2.5462074853790266,1.6199782242132454,0.00022705252531140857,9.460521887975355e-05,-0.02119496654523135,0.024699793666562966,-0.07684702161616652,0.08188187296007307,0.00017987981185187243,7.494992160494677e-05,0.16238731681826477,1.162484096468957,-2.558194980216644,1.633516921203955,0.0,0.0,-0.021430624933951814,0.05560838726693594,-0.08163631496897904,0.0375743807262442,0.019604024726736106,0.008168343636140047,-0.0032653950104371277,0.003596989410850737,-0.011987494837617518,0.013538696990709642,-0.00022705252531140857,-9.460521887975355e-05,-0.0009190014156074841,0.00155644632753089,-0.0034534210455005234,0.0030349185321872263,0.0002613276919986372,0.00010888653833276552,0.1618255780964484,1.1635549271560557,-2.5602857004938904,1.6350695967266202,0.0002586049942120159,0.0001077520809216733,fuzzy-pid,0.018725864174472872,0.00494813951174861,0.00010455977411623621,0.0,0.03,0.2,0.8,0.9,1.0,0.3,0.02,0.03,1.6425005463603641,1.6322899353209464,-0.010210611039417783,0.27460103599467145,0.2674178968012477,-0.0071831391934237265,0.3950905826955358,0.4009295732615437,0.0058389905660078956,0.013782157933368401
