time,q1,q2,q3,q4,q5,q6,qdot1,qdot2,qdot3,qdot4,qdot5,qdot6,q_obs1,q_obs2,q_obs3,q_obs4,q_obs5,q_obs6,qdot_obs1,qdot_obs2,qdot_obs3,qdot_obs4,qdot_obs5,qdot_obs6,q_ref1,q_ref2,q_ref3,q_ref4,q_ref5,q_ref6,qdot_ref1,qdot_ref2,qdot_ref3,qdot_ref4,qdot_ref5,qdot_ref6,error1,error2,error3,error4,error5,error6,correction1,correction2,correction3,correction4,correction5,correction6,target1,target2,target3,target4,target5,target6,controller,error_norm,correction_norm,smoothness,fuzzy_severity,fuzzy_exploration_scale,fuzzy_expert_blend,fuzzy_kp_multiplier,fuzzy_kd_multiplier,reward_error_weight,reward_velocity_weight,reward_effort_weight,reward_smoothness_weight,x,x_ref,x_error,y,y_ref,y_error,z,z_ref,z_error,cartesian_error_norm
0.0,-4.848255130696089e-10,-0.02057758869843518,-0.062428519227567314,-0.005167710451034591,8.089169334368762e-10,-0.001289621694315457,-9.013234603116863e-10,-0.028493797858430956,-0.08548811036686026,-0.006916753032903949,1.5219825399981332e-09,-0.0015332923414490538,-4.848255130696089e-10,-0.02057758869843518,-0.062428519227567314,-0.005167710451034591,8.089169334368762e-10,-0.001289621694315457,-9.013234603116863e-10,-0.028493797858430956,-0.08548811036686026,-0.006916753032903949,1.5219825399981332e-09,-0.0015332923414490538,-4.848255130696089e-10,-0.02830470527629793,-0.08025463830824135,0.04458827519915787,0.0,0.0,0.0,0.0,0.0,0.0,0.0,0.0,0.0,-0.00772711657786275,-0.01782611908067404,0.04975598565019246,-8.089169334368762e-10,0.001289621694315457,4.867146685683107e-12,-0.0020097261333660425,-0.004529677546607685,0.013969026448431569,-2.3471544707831524e-10,0.00036937385305215283,-4.799583663839257e-10,-0.030314431409663972,-0.08478431585484904,0.05855730164758943,-2.3471544707831524e-10,0.00036937385305215283,fuzzy-pid,0.053430329254299566,0.014826567868784588,0.014826567868784588,0.0,0.03,0.2,0.8,0.9,1.0,0.3,0.02,0.03,2.942537755198097,2.942537755198097,0.0,-1.4266173768906125e-09,-1.4266173768906125e-09,0.0,-0.18849447930836608,-0.18849447930836608,0.0,0.0
0.05,-6.032951915813101e-10,-0.028816131228465824,-0.0823817229931505,0.011667353904047495,2.124234121936297e-10,-0.0003132221076493913,-7.033928994815135e-09,-0.12339957814884162,-0.321145411628265,0.32953743594923396,-5.092815058560514e-10,0.0103770349316079,-6.032951915813101e-10,-0.028816131228465824,-0.0823817229931505,0.011667353904047495,2.124234121936297e-10,-0.0003132221076493913,-7.033928994815135e-09,-0.12339957814884162,-0.321145411628265,0.32953743594923396,-5.092815058560514e-10,0.0103770349316079,0.0001381633268265646,-0.011309296274289622,-0.11793437439869832,0.06552660733372165,0.0,0.0,0.008086010297068326,1.0300203909999202,-1.8485844384140486,0.4019543828885831,0.20971533020273878,0.08738138758447454,0.00013816393012175618,0.017506834954176202,-0.03555265140554782,0.05385925342967415,-2.124234121936297e-10,0.0003132221076493913,9.29147525219686e-05,0.012702996908724243,-0.0200777697296922,0.01700592161810365,0.0013104793212161511,0.0005839869286002183,0.00017330843952180833,-0.006533332376590028,-0.12470518706000515,0.07653872212576633,0.0009828594322332518,0.000530333659713202,fuzzy-pid,0.06686865236745347,0.02925322833121217,0.021661075012740446,0.07202353469929478,0.04584517763384485,0.26302059286188295,0.8765250056180007,1.041474800302186,1.0,0.6086722915684062,0.02,0.03,2.9389447265741673,2.9409301152723084,0.001985388698141133,-1.773051221865443e-09,0.00040632869127593793,0.0004063304643271598,-0.2319363183202994,-0.18764143388597504,0.04429488443432436,0.0443412185193314
0.1,0.00011287944101390224,-0.01694655117614463,-0.10999737438958856,0.02830047862748719,0.0006401577555910087,0.00013089358874918133,0.0013428728782294273,0.17511086971442308,-0.5124008567384482,0.3355728777409969,0.007615601188604153,0.005880231985067036,0.00011287944101390224,-0.01694655117614463,-0.10999737438958856,0.02830047862748719,0.0006401577555910087,0.00013089358874918133,0.0013428728782294273,0.17511086971442308,-0.5124008567384482,0.3355728777409969,0.007615601188604153,0.005880231985067036,0.0010271122545698252,0.048050199882420465,-0.24797779733022457,0.13783559152513533,0.0,0.0,0.02932044824216428,1.7753195472091314,-3.1460973651148296,0.695290195355377,0.36276010192454416,0.15115004246855998,0.000914232813555923,0.06499675105856509,-0.137980422940636,0.10953511289764814,-0.0006401577555910087,-0.00013089358874918133,0.0006447224038669053,0.0460980452978889,-0.08498747960019298,0.045782328552584295,0.0041203969471017374,0.0016889327919371437,0.001297203103708,0.06897785079108451,-0.28090025446281447,0.1568481205897313,0.003336012568384616,0.0013992830088811583,fuzzy-pid,0.1877827960098246,0.10707085928828453,0.07852389650644771,0.2826294736282335,0.09217848419821137,0.4473007894247043,1.100293815729998,1.4500000000000002,1.0101133601085903,1.5,0.02,0.03,2.9378695246566804,2.9306928801722054,-0.00717664448447497,0.00033162507112352135,0.0030101516301349195,0.002678526559011398,-0.2310696196007651,-0.1822069170954889,0.04886270250527622,0.049459502895833896
0.15000000000000002,0.0008842550069880772,-0.0027246382002772407,-0.1372701144025208,0.04496482924195089,0.0023960262458695425,0.0008600557868705394,0.009176626844276106,0.2897294778406942,-0.5354553869656438,0.3340717355515996,0.02088859376838668,0.008746041749319027,0.0008842550069880772,-0.0027246382002772407,-0.1372701144025208,0.04496482924195089,0.0023960262458695425,0.0008600557868705394,0.009176626844276106,0.2897294778406942,-0.5354553869656438,0.3340717355515996,0.02088859376838668,0.008746041749319027,0.0032273447489560804,0.12868749542421398,-0.42104194029728687,0.2342595259431811,0.0,0.0,0.06002121989177714,2.1292279605162374,-3.7121878008004034,0.8412289263859747,0.4389020485492046,0.1828758535621686,0.002343089741968003,0.13141213362449122,-0.28377182589476607,0.18929469670123023,-0.0023960262458695425,-0.0008600557868705394,0.0017705715948473934,0.09375511794931643,-0.1422230694078541,0.09768763287633304,0.005544814164644805,0.002320122943428613,0.004072738033779605,0.18407642272791894,-0.4926738208945593,0.2881723992620684,0.0049926137655797575,0.0020899129597917493,fuzzy-pid,0.3655681207953829,0.19646770749624043,0.09080178871086768,0.5363075921047212,0.14798767026303866,0.6692691430916311,1.3698268166112664,1.4500000000000002,1.9857984311720047,1.5,0.02,0.03,2.9371342779667984,2.905830330337854,-0.031303947628944506,0.0025971763684052105,0.009378148818159885,0.006780972449754674,-0.22182957831016098,-0.16900503118946858,0.0528245471206924,0.06177662586307449
0.2,0.0029609828064223187,0.01179765569654867,-0.16402924977493294,0.06167279754595212,0.004087239866576997,0.0015740138646269664,0.02470567436834157,0.29090115543874945,-0.5345157261320561,0.33416657800193733,0.020119436663534867,0.008293286827676376,0.0029609828064223187,0.01179765569654867,-0.16402924977493294,0.06167279754595212,0.004087239866576997,0.0015740138646269664,0.02470567436834157,0.29090115543874945,-0.5345157261320561,0.33416657800193733,0.020119436663534867,0.008293286827676376,0.0071436381550129355,0.2210952015139609,-0.6147517749993557,0.3426320010346502,0.0,0.0,0.09761446484239127,2.3377317887672997,-4.003595790046705,0.9377993671513514,0.48928662633983533,0.20386942764159804,0.004182655348590617,0.20929754581741222,-0.4507225252244228,0.2809592034886981,-0.004087239866576997,-0.0015740138646269664,0.003499400050582308,0.16003073216088085,-0.16166247368496556,0.16166247368496556,0.0064102210640601485,0.0027065379953376276,0.009000463162641333,0.331863555938111,-0.7054791417368809,0.4502639558552289,0.006055819239440052,0.002552381736451158,fuzzy-pid,0.5709036776112183,0.2791773775121406,0.09416482797617286,0.8018751461946358,0.20641253216281988,0.898593640354023,1.647656067256705,1.4500000000000002,3.0,1.5,0.021875146194635813,0.032343932743294765,2.93620381052336,2.8628982705413497,-0.07330553998201017,0.008694074407324451,0.020451857217311065,0.011757782809986614,-0.2106835826359596,-0.14620879483744906,0.06447478779851054,0.09833079838140171
0.25,0.006894626655155722,0.02637786899106409,-0.19075534833361596,0.07838683376377187,0.0053694184752512975,0.002129855304873196,0.04679637074982419,0.2919136578901413,-0.5340330034483638,0.33420631777190096,0.015253381057522816,0.006219998582235315,0.006894626655155722,0.02637786899106409,-0.19075534833361596,0.07838683376377187,0.0053694184752512975,0.002129855304873196,0.04679637074982419,0.2919136578901413,-0.5340330034483638,0.33420631777190096,0.015253381057522816,0.006219998582235315,0.01307446109464283,0.32082360294948625,-0.8187591407814013,0.45755269056241465,0.0,0.0,0.14036319950560425,2.4597247401721876,-4.134636872990263,1.0090979798286916,0.5264859025193174,0.2193691260497156,0.0061798344394871085,0.29444573395842216,-0.6280037924477854,0.3791658567986428,-0.0053694184752512975,-0.002129855304873196,0.005032984978821247,0.15460711108672198,-0.15460711108672198,0.15460711108672198,0.007580440228256815,0.003192644775145235,0.01583070034575839,0.43953892451168397,-0.9063944743353127,0.5716858402006597,0.007199284981052624,0.003032579015471716,fuzzy-pid,0.7905222057785888,0.2679609363102343,0.011529507524920503,0.8410716050737669,0.21503575311622872,0.8691962961946749,1.5986604936577915,1.4500000000000002,3.0,1.5,0.06107160507376681,0.0813395063422085,2.9348599315647186,2.8006554167314945,-0.13420451483322404,0.02023508414515245,0.036619146887036845,0.016384062741884396,-0.19956193871505748,-0.1131696319809286,0.08639230673412888,0.16044600330452258
0.30000000000000004,0.012714884218547606,0.041013772499002066,-0.21745372597387158,0.09510603583394373,0.0065612505889287576,0.0026406913783243446,0.06924036324766897,0.2929755822269617,-0.5334053702362058,0.33424981204772636,0.014178592609859196,0.0055445438364998215,0.012714884218547606,0.041013772499002066,-0.21745372597387158,0.09510603583394373,0.0065612505889287576,0.0026406913783243446,0.06924036324766897,0.2929755822269617,-0.5334053702362058,0.33424981204772636,0.014178592609859196,0.0055445438364998215,0.021244523860771886,0.4248007984556867,-1.0262857939573913,0.5756715271712058,0.0,0.0,0.18698769336225318,2.516199342152634,-4.149255723573205,1.0633490188927617,0.5547907924657884,0.2311628301940786,0.00852963964222428,0.3837870259566846,-0.8088320679835197,0.4805654913372621,-0.0065612505889287576,-0.0026406913783243446,0.006928039717378239,0.1559777709690133,-0.1559777709690133,0.1559777709690133,0.008419601396583059,0.0035455882247789486,0.02508709777005219,0.545468658196446,-1.1132962922786316,0.6916584336553293,0.00811452229270045,0.003417335922452141,fuzzy-pid,1.0161534160588501,0.27040461114272535,0.003171138367520705,0.8334568279499261,0.21336050214898375,0.8749073790375553,1.6081789650625922,1.4500000000000002,3.0,1.5,0.053456827949926164,0.0718210349374077,2.9330555588720344,2.719720838349961,-0.21333472052207325,0.0372954716908827,0.05778786830212698,0.02049239661124428,-0.18826622349158326,-0.07023687473484111,0.11802934875674215,0.24466828251133063
0.35000000000000003,0.02077317378535737,0.0557082939929856,-0.2441173782641548,0.11183177828150503,0.007572930895264562,0.003074530796735253,0.09586498351739073,0.2940347412569541,-0.5327654606093186,0.3342774778436916,0.012035452820491333,0.004425250019224332,0.02077317378535737,0.0557082939929856,-0.2441173782641548,0.11183177828150503,0.007572930895264562,0.003074530796735253,0.09586498351739073,0.2940347412569541,-0.5327654606093186,0.3342774778436916,0.012035452820491333,0.004425250019224332,0.03181759000320112,0.5304744923174234,-1.2321154488025123,0.6945598626685445,0.0,0.0,0.2362618702195682,2.5163888017618508,-4.069431780846199,1.1029930763225742,0.5754746485161255,0.23978110354838572,0.011044416217843751,0.4747661983244378,-0.9879980705383575,0.5827280843870395,-0.007572930895264562,-0.003074530796735253,0.008919070174130855,0.1556876152513279,-0.1556876152513279,0.1556876152513279,0.009123620820975786,0.0038415800100526625,0.036824269575512034,0.650988745225675,-1.3191763711100382,0.8106002168537366,0.008871346188906951,0.003735518988152532,fuzzy-pid,1.2414926225893985,0.26998786756920423,0.0021908965717497716,0.8350688041592894,0.21371513691504368,0.8736983968805329,1.6061639948008881,1.4500000000000002,3.0,1.5,0.055068804159289414,0.07383600519911176,2.9306710811789727,2.6222376070078157,-0.30843347417115696,0.06088809816945109,0.08346144728846684,0.022573349119015755,-0.1768368712959674,-0.018578023882618866,0.15825884741334853,0.3473998083827052
0.4,0.03122759870152869,0.07046085224637055,-0.27074611200130194,0.12856381400255934,0.008418618287112878,0.003437163329753634,0.12437047099114185,0.29509809070447063,-0.5321031142596406,0.3342852275150851,0.01006076274689959,0.0033691367788968277,0.03122759870152869,0.07046085224637055,-0.27074611200130194,0.12856381400255934,0.008418618287112878,0.003437163329753634,0.12437047099114185,0.29509809070447063,-0.5321031142596406,0.3342852275150851,0.01006076274689959,0.0033691367788968277,0.044888908839061964,0.635487063522665,-1.4318689255407564,0.8122907515269058,0.0,0.0,0.28660215947257117,2.464439194451313,-3.907877199467796,1.1271525834054659,0.5880796087332864,0.24503317030553604,0.013661310137533272,0.5650262112762945,-1.1611228135394545,0.6837269375243464,-0.008418618287112878,-0.003437163329753634,0.010990135735113604,0.15573744454988528,-0.15573744454988528,0.15573744454988528,0.009661715769191686,0.00406879918272157,0.05111535082450969,0.7561655673608314,-1.520498870345491,0.9286712012710274,0.009464123374120503,0.00398547913407931,fuzzy-pid,1.4612366855741534,0.2701724298788756,0.0021535868128767783,0.8347919747228596,0.21365423443902912,0.8739060189578552,1.6065100315964254,1.4500000000000002,3.0,1.5,0.054791974722859585,0.07348996840357448,2.927535689151492,2.5115427466774385,-0.4159929424740536,0.0914496377165279,0.11281619899414273,0.021366561277614826,-0.16526821163313574,0.039999520273685835,0.20526773190682157,0.4643721566709422
0.45,0.044056939804925754,0.08527212157351771,-0.29733846432569466,0.14530278504341654,0.009099580275985453,0.003732036370516223,0.15685358654708978,0.2961777141187835,-0.5314141700713644,0.3343171055929514,0.008101172089336466,0.0023874389776246097,0.044056939804925754,0.08527212157351771,-0.29733846432569466,0.14530278504341654,0.009099580275985453,0.003732036370516223,0.15685358654708978,0.2961777141187835,-0.5314141700713644,0.3343171055929514,0.008101172089336466,0.0023874389776246097,0.060457002821303216,0.7375084009996797,-1.6216860386007257,0.9272290862576441,0.0,0.0,0.335655755117744,2.362207967659365,-3.6732667960509557,1.13262579187086,0.5909351957587095,0.24622299823279561,0.01640006301637746,0.652236279426162,-1.324347574275031,0.7819263012142276,-0.009099580275985453,-0.003732036370516223,0.01309217515283942,0.1557153941666791,-0.1557153941666791,0.1557153941666791,0.010031371993577714,0.004224135112618117,0.0679407211867344,0.858959238214977,-1.7131757921619262,1.0443761606359994,0.00988955983871341,0.004164471117983415,fuzzy-pid,1.670653493319909,0.27024383199845375,0.0021402811374246758,0.8349144768517829,0.21368118490739224,0.8738141423611628,1.6063569039352714,1.4500000000000002,3.0,1.5,0.05491447685178283,0.07364309606472852,2.923434933489239,2.3918435247027565,-0.5315914087864826,0.12888099428303335,0.14478012654576156,0.01589913226272821,-0.15355584441072273,0.10322458114592362,0.2567804255566464,0.5905746313984012
0.5,0.058958058643869826,0.10014349866389871,-0.32389277121987803,0.16204900324130556,0.009614112637533534,0.003959839116880026,0.1996147331786922,0.2973358726404093,-0.5306850060955994,0.33441507230689993,0.00612136699187373,0.0014966803220773136,0.058958058643869826,0.10014349866389871,-0.32389277121987803,0.16204900324130556,0.009614112637533534,0.003959839116880026,0.1996147331786922,0.2973358726404093,-0.5306850060955994,0.33441507230689993,0.00612136699187373,0.0014966803220773136,0.07837563811162172,0.83415698082395,-1.7981063807230584,1.037899656544016,0.0,0.0,0.37993243243542707,2.211157593553773,-3.3733499283456516,1.1147302640334502,0.5815983986261479,0.24233266609422827,0.019417579467751897,0.7340134821600512,-1.4742136095031804,0.8758506533027104,-0.009614112637533534,-0.003959839116880026,0.015195563781515393,0.1557068560457014,-0.1557068560457014,0.1557068560457014,0.010204723944550916,0.004294700300201972,0.08716358171653643,0.9571376872059827,-1.8936538756170513,1.1562989246012878,0.01012593291809154,0.004262143004647332,fuzzy-pid,1.865390328914549,0.27034674227554784,0.002111751113738985,0.8349619108572145,0.2136916203885872,0.873778566857089,1.6062976114284817,1.4500000000000002,3.0,1.5,0.0549619108572145,0.07370238857151812,2.9181578537213992,2.2679000672052947,-0.6502577865161046,0.17224854981520335,0.17811296496212484,0.005864415146921487,-0.14169586081680594,0.16853555091036024,0.3102314117271662,0.7204950444743321
0.55,0.07550817036804691,0.11507381175258002,-0.35040834000749266,0.17880339591171523,0.00994747248948924,0.004113756790238732,0.2590091520113857,0.2986367862385883,-0.5299346899859116,0.33465620936211243,0.00396616463129726,0.0007951200299061325,0.07550817036804691,0.11507381175258002,-0.35040834000749266,0.17880339591171523,0.00994747248948924,0.004113756790238732,0.2590091520113857,0.2986367862385883,-0.5299346899859116,0.33465620936211243,0.00396616463129726,0.0007951200299061325,0.09829082094212789,0.923015170330902,-1.9580822308983745,1.1428783971976877,0.0,0.0,0.4146024740810126,2.0140156845874735,-3.017203468862341,1.068467022475347,0.5574610552045288,0.23227543966855363,0.02278265057408098,0.8079413585783219,-1.6076738908908819,0.9640750012859725,-0.00994747248948924,-0.004113756790238732,0.0171567249158044,0.155694542961285,-0.155694542961285,0.155694542961285,0.010150065469230163,0.0042658875370529085,0.10837655482258333,1.048316706770636,-2.0587460492990077,1.2630044362695514,0.010144032331445507,0.004264951403951514,fuzzy-pid,2.0414357964014442,0.2704402835361538,0.0019622501255023407,0.8350303168817501,0.21370666971398503,0.8737272623386874,1.6062121038978123,1.4500000000000002,3.0,1.5,0.05503031688175007,0.07378789610218758,2.911531919899753,2.1447142271090067,-0.7668176927907462,0.22026321649205194,0.2114872265194166,-0.008775989972635345,-0.12970286645489554,0.23325037415693486,0.36295324061183043,0.8484229174459824
0.6000000000000001,0.09293217535333298,0.13006141736476362,-0.3768836574613421,0.1955627516968752,0.010075494559348641,0.004175920309998915,0.3432084396014796,0.3001980151174763,-0.5291607236407649,0.33516115332848534,0.0015231022757689386,0.0006233060591220996,0.09293217535333298,0.13006141736476362,-0.3768836574613421,0.1955627516968752,0.010075494559348641,0.004175920309998915,0.3432084396014796,0.3001980151174763,-0.5291607236407649,0.33516115332848534,0.0015231022757689386,0.0006233060591220996,0.11957629175032312,1.001767169340635,-2.0990860299978595,1.24067772286443,0.0,0.0,0.4336833976227766,1.7761536819095134,-2.616729200794917,0.9901160109774712,0.5165822665969416,0.21524261108205897,0.026644116396990145,0.8717057519758713,-1.7222023725365174,1.0451149711675547,-0.010075494559348641,-0.004175920309998915,0.018809276650161102,0.15568334341648132,-0.15568334341648132,0.15568334341648132,0.009836700289739058,0.004124681748954006,0.130883315006009,1.1301670612604962,-2.2057635423855073,1.3630219087780713,0.00991353330016567,0.004159749162703383,fuzzy-pid,2.195209806783036,0.2705170471748957,0.0016880285348437978,0.8350925365751038,0.21372035804652284,0.8736805975686721,1.60613432928112,1.4500000000000002,3.0,1.5,0.05509253657510378,0.07386567071887973,2.903535224371833,2.027224578265347,-0.8763106461064858,0.27061132844128405,0.24357000009247115,-0.0270413283488129,-0.11760455793898313,0.29473264132680554,0.41233719926578866,0.9688516645063834
0.65,0.11038546738697175,0.14510546910084665,-0.40331786013697624,0.2123254014042688,0.009970005119052772,0.00413033164577703,0.3490658405218635,0.30140658821569777,-0.5283885497601061,0.33530872984455945,-0.0012549606946521674,-0.0004716580491504019,0.11038546738697175,0.14510546910084665,-0.40331786013697624,0.2123254014042688,0.009970005119052772,0.00413033164577703,0.3490658405218635,0.30140658821569777,-0.5283885497601061,0.33530872984455945,-0.0012549606946521674,-0.0004716580491504019,0.14129394212431515,1.068471723604381,-2.219267617618445,1.3296245762992096,0.0,0.0,0.43089481173021754,1.5063239520327822,-2.187087948498217,0.8789862283622423,0.4586015104498655,0.19108396268744396,0.0309084747373434,0.9233662545035344,-1.815949757481469,1.1172991748949408,-0.009970005119052772,-0.00413033164577703,0.020768284316035838,0.15567414733422358,-0.15567414733422358,0.15567414733422358,0.009246792163125378,0.0038752866342179997,0.1542674985817655,1.2006511685190775,-2.3326472093108785,1.4547295199195927,0.009413477447385452,0.0039464022663393454,fuzzy-pid,2.3237271789790586,0.27061996062735233,0.0020611051064518037,0.8351436259209801,0.21373159770261563,0.8736422805592648,1.6060704675987747,1.4500000000000002,3.0,1.5,0.0551436259209801,0.07392953240122513,2.8943145798734746,1.920007355271469,-0.9743072246020057,0.3207942815675071,0.2731052540428701,-0.047689027524636995,-0.10542785590864154,0.35055332248385196,0.4559811783924935,1.0767857940677503
0.7000000000000001,0.12783875940974276,0.1602101596772445,-0.42971030402727317,0.2290953411201997,0.009607525528242178,0.003981682665713304,0.34906584044441435,0.3026086558485084,-0.527611587834287,0.3354541744705913,-0.004312219438151835,-0.001693525495216655,0.12783875940974276,0.1602101596772445,-0.42971030402727317,0.2290953411201997,0.009607525528242178,0.003981682665713304,0.34906584044441435,0.3026086558485084,-0.527611587834287,0.3354541744705913,-0.004312219438151835,-0.001693525495216655,0.1622177672835357,1.121917697475059,-2.31760158347585,1.4077805847377505,0.0,0.0,0.40134962862091295,1.216444407982204,-1.7458775722336428,0.7387095158728822,0.3854136604554167,0.16058902518975696,0.034379007873792944,0.9617075377978146,-1.887891279448577,1.1786852436175508,-0.009607525528242178,-0.003981682665713304,0.022154834222670547,0.15566181109162833,-0.15566181109162833,0.15566181109162833,0.008386100726365569,0.0035117090931444193,0.17684632577509607,1.258347423554785,-2.4381093482533283,1.5362641768519323,0.008642944906620539,0.003620382386443151,fuzzy-pid,2.4247894443276716,0.2706756246183963,0.0016721111117140516,0.8352121606020648,0.21374667533245426,0.8735908795484513,1.605984799247419,1.4500000000000002,3.0,1.5,0.0552121606020648,0.074015200752581,2.883885475103656,1.826983105775236,-1.0569023693284199,0.37069393088429703,0.29899638999267936,-0.07169754089161767,-0.09317108155736151,0.3986477358237498,0.49181881738111133,1.1679336046163273
0.75,0.14529205143233304,0.17537548081241638,-0.45606009345375176,0.2458726120432404,0.008979272219361345,0.0037234802057435346,0.3490658404572041,0.30380702083299777,-0.5268122944129706,0.33559322628678606,-0.007473980505867832,-0.003002775445537573,0.14529205143233304,0.17537548081241638,-0.45606009345375176,0.2458726120432404,0.008979272219361345,0.0037234802057435346,0.3490658404572041,0.30380702083299777,-0.5268122944129706,0.33559322628678606,-0.007473980505867832,-0.003002775445537573,0.18095981349627488,1.1619193555972254,-2.393969625438366,1.473016489648999,0.0,0.0,0.34385804152122823,0.9205782486202049,-1.3115005380905873,0.5775079629079236,0.30130850238674267,0.12554520932780946,0.035667762063941844,0.986543874784809,-1.937909531984614,1.2271438776057586,-0.008979272219361345,-0.0037234802057435346,0.02198417644481979,0.1556551350772791,-0.1556551350772791,0.1556551350772791,0.007289859958089037,0.0030503336877017594,0.19641957389959502,1.3027677238945745,-2.5217459074500654,1.6055697627576915,0.007628131195221912,0.0031928458623871076,fuzzy-pid,2.49720062234948,0.2706128486150461,0.0012016109484448913,0.8352492495706717,0.21375483490554778,0.8735630628219961,1.6059384380366604,1.4500000000000002,3.0,1.5,0.05524924957067162,0.07406156196333953,2.87225747449287,1.7511287705835206,-1.1211287039093496,0.4202776741010497,0.32038879331742137,-0.09988888078362834,-0.08084300078245302,0.43746741321141525,0.5183104139938682,1.2391743398279997
0.8,0.16274534345496683,0.19060133938717305,-0.48236645448142657,0.26265706847199155,0.00809924374466986,0.0033607691435566522,0.34906584045294087,0.30500769751383255,-0.5259907014391386,0.33573247598966566,-0.010469209868002817,-0.004247129191803457,0.16274534345496683,0.19060133938717305,-0.48236645448142657,0.26265706847199155,0.00809924374466986,0.0033607691435566522,0.34906584045294087,0.30500769751383255,-0.5259907014391386,0.33573247598966566,-0.010469209868002817,-0.004247129191803457,0.19621089260310906,1.189371705843189,-2.4491652952388816,1.5233679358316339,0.0,0.0,0.26303305770190644,0.633859422760529,-0.9019370783506154,0.40742703104417594,0.21257062489261352,0.08857109370525562,0.03346554914814223,0.9987703664560159,-1.966798840757455,1.2607108673596423,-0.00809924374466986,-0.0033607691435566522,0.019417658424319747,0.15566266388450156,-0.15566266388450156,0.15566266388450156,0.006023728735172143,0.002518696295599839,0.21082630674547037,1.3344677082694116,-2.584057446205054,1.6606653904765245,0.006424829350184584,0.002687233687296656,fuzzy-pid,2.5409503441611196,0.27039280571133156,0.0029108265816932483,0.8352074228638803,0.21374563303005367,0.8735944328520897,1.6059907214201496,1.4500000000000002,3.0,1.5,0.05520742286388028,0.07400927857985035,2.85944135158241,1.6941948569627572,-1.165246494619653,0.4695132862934947,0.3367521254169541,-0.1327611608765406,-0.06843665750346432,0.4661265964568211,0.5345632539602854,1.2888688030770565
0.8500000000000001,0.18019863547729287,0.2058876954298281,-0.508628802585958,0.27944869220518287,0.007008660302464165,0.0029107315276273305,0.3490658404481447,0.30621079149631514,-0.5251415645548653,0.3358724666584117,-0.012974064854099075,-0.005287249967089848,0.18019863547729287,0.2058876954298281,-0.508628802585958,0.27944869220518287,0.007008660302464165,0.0029107315276273305,0.3490658404481447,0.30621079149631514,-0.5251415645548653,0.3358724666584117,-0.012974064854099075,-0.005287249967089848,0.20705716393645068,1.2059986134200975,-2.484877081790705,1.5576962612403786,0.0,0.0,0.17003033491622221,0.3723259701895573,-0.5352906189552118,0.24320223430262794,0.12688812224484936,0.0528700509353539,0.026858528459157816,1.0001109179902694,-1.9762482792047469,1.2782475690351958,-0.007008660302464165,-0.0029107315276273305,0.013965951203335268,0.1556890287464077,-0.1556890287464077,0.1556890287464077,0.004680207847809781,0.0019551108573924838,0.21847391304120706,1.3548826586922318,-2.626438944454098,1.700205315109221,0.005116363223403482,0.0021381415648685266,fuzzy-pid,2.5574352252433887,0.2700703530804087,0.005643214851669447,0.8350609514088462,0.21371340930994615,0.8737042864433653,1.6061738107389423,1.4500000000000002,3.0,1.5,0.05506095140884611,0.07382618926105763,2.845448746524653,1.6564273223655568,-1.1890214241590962,0.5183689121482286,0.347962102780512,-0.17040680936771657,-0.05592591898594486,0.4845431724710295,0.5404690914569744,1.3171625816916217
0.9,0.19765192749933602,0.2212344380638993,-0.5348465934346764,0.29624744974658146,0.005776165132118205,0.002401860204513717,0.34906584044334854,0.3074159077474613,-0.5242597696614949,0.3360136992198797,-0.014662309346303061,-0.0059882597081008125,0.19765192749933602,0.2212344380638993,-0.5348465934346764,0.29624744974658146,0.005776165132118205,0.002401860204513717,0.34906584044334854,0.3074159077474613,-0.5242597696614949,0.3360136992198797,-0.014662309346303061,-0.0059882597081008125,0.21328177988229627,1.2139591447385116,-2.503756523816461,1.5764828632448071,0.0,0.0,0.08117004513708852,0.154142550087076,-0.23261556404779896,0.1015566761578091,0.05298609190842215,0.0220775382951759,0.015629852382960246,0.9927247066746123,-1.9689099303817845,1.2802354134982257,-0.005776165132118205,-0.002401860204513717,0.0054558950851013215,0.1458415308385916,-0.1458415308385916,0.1458415308385916,0.0024755598679145527,0.0010329245103991567,0.21867173448584998,1.3585711713558855,-2.6438082771048137,1.7167946243398542,0.003135760706786785,0.0013092287740164993,fuzzy-pid,2.549783284217457,0.2526780925860314,0.019210715776426822,0.7030325413738324,0.18466715910224313,0.7585275781443601,1.4663890699929087,1.191079321529899,3.0,0.9350821560652338,0.0548467049586111,0.07355838119826388,2.8302917785677932,1.6362937396504502,-1.193998038917343,0.5668130134846252,0.35438150855328654,-0.21243150493133867,-0.043265795334957335,0.493573932350181,0.5368397276851383,1.3262561420958274
0.9500000000000001,0.21112238274766293,0.23663132332401693,-0.5610149024085311,0.3130357108166786,0.00405641572469051,0.0016670158452618544,0.16776337598818716,0.30826176021082163,-0.5233906795926058,0.3355391067717833,-0.020458962812686547,-0.009004997682993314,0.21112238274766293,0.23663132332401693,-0.5610149024085311,0.3130357108166786,0.00405641572469051,0.0016670158452618544,0.16776337598818716,0.30826176021082163,-0.5233906795926058,0.3355391067717833,-0.020458962812686547,-0.009004997682993314,0.21555147824902995,1.2156318361679226,-2.5096691210103668,1.5824646632038182,0.0,0.0,0.014912935549295325,0.0017962400030472826,-0.0221404326713607,0.0011866667054043463,0.0006191304549935732,0.0002579710229139883,0.004429095501367025,0.9790005128439057,-1.9486542186018356,1.2694289523871396,-0.00405641572469051,-0.0016670158452618544,-0.000161560242557189,0.1373721840060791,-0.1373721840060791,0.1373721840060791,0.0011604656992140706,0.0004964006798049577,0.21621037212631705,1.3543958079694727,-2.6462330480385376,1.7190762914923865,0.0016542894511072492,0.0006996077033578431,fuzzy-pid,2.5233279579395527,0.23793900481380956,0.01577221107390318,0.5533484592128152,0.15173666102681932,0.6451228647261806,1.3323515697541466,0.9182940989553529,3.0,0.33991439772076976,0.04403509974463546,0.06004387468079432,2.816407808813606,1.6302132708933583,-1.1861945379202479,0.6036015316984139,0.35694018373618097,-0.24666134796223294,-0.030749779619413428,0.4951441182597245,0.5258938978791379,1.3207814710227006
1.0,0.21443629993105118,0.2520888601131248,-0.5871429375227217,0.3298288509591627,0.0024918597228338335,0.0010261202182744178,0.03942382571660103,0.3098320953875588,-0.5225750129462026,0.3362405803280915,-0.018612640130033893,-0.0070683759317626115,0.21443629993105118,0.2520888601131248,-0.5871429375227217,0.3298288509591627,0.0024918597228338335,0.0010261202182744178,0.03942382571660103,0.3098320953875588,-0.5225750129462026,0.3362405803280915,-0.018612640130033893,-0.0070683759317626115,0.21544558632010868,1.2137873894434175,-2.508149985634857,1.5809231320564319,0.0,0.0,-0.011055927836318948,-0.055941759679847616,0.05718329684021382,-0.036931541456896935,-0.019268630325337533,-0.008028595968890639,0.0010092863890575066,0.9616985293302927,-1.921007048112135,1.2510942810972692,-0.0024918597228338335,-0.0010261202182744178,-0.0013297632933342237,0.13809174736706656,-0.13809174736706656,0.13809174736706656,0.0009283718684895918,0.00039020341182042844,0.2146394603016601,1.3525083046002313,-2.6462395617610768,1.7190302324407205,0.0011098512641440062,0.0004675544847047821,fuzzy-pid,2.4860364682267706,0.23918773897529594,0.0017271821169926632,0.5361569590718526,0.14795453099580758,0.6428822806961106,1.3323038011601844,0.9,3.0,0.3,0.036156959071852554,0.05019619883981569,2.808076036651891,1.6322899353209464,-1.1757861013309447,0.6115560087409301,0.35721374730623917,-0.2543422614346909,-0.017886202038290108,0.4923713021654751,0.5102575042037651,1.3067232540331526
1.05,0.21456862264336474,0.26761557827155746,-0.6132359427354617,0.3466467454397142,0.001591728690113925,0.0006734541093336155,0.0015741698198290857,0.31111242071953477,-0.5215062979761709,0.33651306270652986,-0.010708365655354386,-0.004014037171185067,0.21456862264336474,0.26761557827155746,-0.6132359427354617,0.3466467454397142,0.001591728690113925,0.0006734541093336155,0.0015741698198290857,0.31111242071953477,-0.5215062979761709,0.33651306270652986,-0.010708365655354386,-0.004014037171185067,0.21488369647820774,1.2112909908222282,-2.5053441718974265,1.578084363219826,0.0,0.0,-0.011417948508713223,-0.05506068338455321,0.055043060077287376,-0.03630309616423245,-0.01894074582481693,-0.007891977427007054,0.00031507383484299933,0.9436754125506708,-1.8921082291619649,1.2314376177801118,-0.001591728690113925,-0.0006734541093336155,-0.0011881022327318697,0.13810181699035612,-0.13810181699035612,0.13810181699035612,0.0006810263044745617,0.00027495309496202656,0.2139315607595219,1.350171682009496,-2.644144382106106,1.7168971932678168,0.0007882325443919229,0.0003231034423977154,fuzzy-pid,2.4468425629801445,0.23920344176257308,0.0003079521255072615,0.538389143299666,0.14844561152592653,0.643832758307529,1.3332486010271218,0.903172612484073,3.0,0.3069220636016137,0.03677399512595613,0.05096749390744516,2.801346458310156,1.6358069875114167,-1.1655394707987394,0.6104786839677219,0.35702038187638363,-0.25345830209133824,-0.004287956935376501,0.48877237419232045,0.4930603311276969,1.2906710886281538
1.1,0.21415369050103017,0.2832039434459883,-0.6392778467233198,0.3634754111187779,0.0010683946587355386,0.00046344541696896613,-0.004936216485163064,0.31230687634585363,-0.5204450350023149,0.33666625731277483,-0.006225814287574982,-0.00240554475769988,0.21415369050103017,0.2832039434459883,-0.6392778467233198,0.3634754111187779,0.0010683946587355386,0.00046344541696896613,-0.004936216485163064,0.31230687634585363,-0.5204450350023149,0.33666625731277483,-0.006225814287574982,-0.00240554475769988,0.21430396150266823,1.208789418923978,-2.5026462930797853,1.5753649900474958,0.0,0.0,-0.011769767359075093,-0.05411479345901759,0.0528660168012206,-0.03563534860637653,-0.01859235579463124,-0.007746814914429683,0.00015027100163805818,0.9255854754779897,-1.8633684463564655,1.2118895789287178,-0.0010683946587355386,-0.00046344541696896613,-0.0009508021185899514,0.13989781219817987,-0.13989781219817987,0.13989781219817987,0.0004700189687116723,0.00018310302170604907,0.2134977597279392,1.3490583438439923,-2.642944174485,1.7156714000012112,0.0005495723626317349,0.00021810312687896565,fuzzy-pid,2.4078056752235892,0.24231250905128243,0.0031282692076373964,0.5623623377173987,0.15371971429782771,0.6647965941801135,1.3587020338656366,0.9502474529834932,3.0,0.4096308065094396,0.036781816198529424,0.05097727024816178,2.794614744862324,1.6392393585648166,-1.1553753862975074,0.60779715208364,0.35677404161073156,-0.2510231104729085,0.009824236991323057,0.4851459933317752,0.47532175634045215,1.2742981037826984
1.1500000000000001,0.21372646864754508,0.2988517508196562,-0.6652694926220968,0.3803124140076539,0.0007304747891709873,0.00032694402363508956,-0.005082420387658823,0.31348611266537985,-0.519441782671326,0.33682677663425414,-0.004020043507857537,-0.0015419735265531972,0.21372646864754508,0.2988517508196562,-0.6652694926220968,0.3803124140076539,0.0007304747891709873,0.00032694402363508956,-0.005082420387658823,0.31348611266537985,-0.519441782671326,0.33682677663425414,-0.004020043507857537,-0.0015419735265531972,0.21370688631395743,1.206287390860226,-2.5000581718165034,1.5727655390074256,0.0,0.0,-0.012111592068669186,-0.053104581004962154,0.05065287844082284,-0.03492869799841087,-0.01822366852091002,-0.007593195217045841,-1.9582333587647716e-05,0.9074356400405699,-1.8347886791944066,1.1924531249997716,-0.0007304747891709873,-0.00032694402363508956,-0.0008173505690607905,0.14211752250120344,-0.14211752250120344,0.14211752250120344,0.0002894023419515082,0.0001057443509983381,0.21304159174065726,1.3485682709820703,-2.64236781435953,1.7150801461317746,0.0003544448471215649,0.00013383404496849499,fuzzy-pid,2.368930989772981,0.2461563194459493,0.0038519809882597436,0.5973250829901555,0.1614115182578342,0.6928240734008189,1.3921998681395023,1.0158238178107462,3.0,0.5527065115870824,0.03836023028650289,0.05295028785812861,2.7875492077967268,1.6425836611453113,-1.1449655466514155,0.6050133601575352,0.3564748456372494,-0.24853851452028575,0.02430274871889128,0.48149820741276017,0.4571954586938689,1.2576745142003245
1.2000000000000002,0.21328039355275719,0.3145581410848619,-0.6912120663746064,0.39715758316141514,0.00048555870297528614,0.00022939505550478856,-0.005306706904839699,0.3146548387130533,-0.5184578560648245,0.33699483014456183,-0.0029136289989573692,-0.0010766006139917524,0.21328039355275719,0.3145581410848619,-0.6912120663746064,0.39715758316141514,0.00048555870297528614,0.00022939505550478856,-0.005306706904839699,0.3146548387130533,-0.5184578560648245,0.33699483014456183,-0.0029136289989573692,-0.0010766006139917524,0.21309296532630878,1.2037895578882318,-2.4975815945477433,1.5702865497945004,0.0,0.0,-0.0124436350823407,-0.05203061381372304,0.048404382444519646,-0.03418357734135455,-0.017834909917228463,-0.00743121246551186,-0.00018742822644840507,0.8892314168033699,-1.806369528173137,1.1731289666330853,-0.00048555870297528614,-0.00022939505550478856,-0.0007365563648998382,0.14394237104971636,-0.14394237104971636,0.14394237104971636,0.00013973098232780695,4.103356083243968e-05,0.21252770465622103,1.3479410144489785,-2.6417349277879776,1.714441727166106,0.00019340944852624644,6.423368186645351e-05,fuzzy-pid,2.3302221526744753,0.24931663056046194,0.0031659648419890313,0.6285649921683291,0.1682842982770324,0.716857091815029,1.420693410936789,1.07319661487407,3.0,0.6778835233616067,0.04039217005062082,0.05549021256327602,2.7801511001623633,1.6458365948300164,-1.134314505332347,0.6021092146142623,0.35612293864445493,-0.24598627596980732,0.039073672121135286,0.47783509996208273,0.43876142784094746,1.2408425506622056
1.25,0.21279015104633237,0.3303225448796363,-0.7171059352143074,0.414011099726149,0.0002952759591301479,0.00015495514374830321,-0.005832141992545683,0.31581184308811633,-0.5174777955523456,0.33716596358895506,-0.0022636865177894576,-0.0008008960636907318,0.21279015104633237,0.3303225448796363,-0.7171059352143074,0.414011099726149,0.0002952759591301479,0.00015495514374830321,-0.005832141992545683,0.31581184308811633,-0.5174777955523456,0.33716596358895506,-0.0022636865177894576,-0.0008008960636907318,0.21246268222777517,1.2013005009058584,-2.4952183100538528,1.5679285746965086,0.0,0.0,-0.012766112884296132,-0.05089353865535849,0.04612129884160806,-0.033400454675176834,-0.017426324178353127,-0.007260968407647137,-0.0003274688185571917,0.8709779560262221,-1.7781123748395453,1.1539174749703596,-0.0002952759591301479,-0.00015495514374830321,-0.0006802687176641938,0.14528543771608596,-0.14528543771608596,0.14528543771608596,2.6996714358365508e-05,-8.527543995304527e-06,0.2119687362966385,1.346924707578703,-2.6408115427744483,1.7135209411009724,6.859989790033573e-05,9.662762470134983e-06,fuzzy-pid,2.291683218710197,0.2516426808077952,0.0023301969505724503,0.6523724514898462,0.17352193932776616,0.7348688117724965,1.4419760342694463,1.1165527092624936,3.0,0.7724786383908951,0.04212743586530393,0.05765929483162991,2.7724335373249196,1.6489949493661167,-1.123438587958803,0.5990150243707948,0.35571849081144696,-0.24329653355934783,0.0541028673770815,0.47416278005874835,0.42005991268166687,1.2238291524551101
1.3,0.21225514590938843,0.3461443714977519,-0.7429511261636819,0.43087309515454875,0.00014763734764899894,9.826335426987853e-05,-0.0063646580668931495,0.3169562607475097,-0.5164958466648105,0.3373386540420037,-0.0017563729461933894,-0.0005905011605911296,0.21225514590938843,0.3461443714977519,-0.7429511261636819,0.43087309515454875,0.00014763734764899894,9.826335426987853e-05,-0.0063646580668931495,0.3169562607475097,-0.5164958466648105,0.3373386540420037,-0.0017563729461933894,-0.0005905011605911296,0.2118165097957352,1.1988247259834472,-2.492970027664641,1.5656921776498876,0.0,0.0,-0.013079245304154429,-0.049694083474787265,0.043804436686213324,-0.032579834304547486,-0.016998174419763912,-0.007082572674901629,-0.000438636113653218,0.8526803544856953,-1.750018901500959,1.1348190824953388,-0.00014763734764899894,-9.826335426987853e-05,-0.0006403301745015071,0.14622346281773396,-0.14622346281773396,0.14622346281773396,-5.3600476963911294e-05,-4.4681471669520086e-05,0.2113743187900849,1.3455173184955616,-2.639598003555393,1.7123169656259591,-2.3050383247849537e-05,-3.109541313460632e-05,fuzzy-pid,2.253318556348869,0.253267285939983,0.0016275968096953614,0.6693449169645261,0.17725588173219575,0.7475854898881409,1.45697210654922,1.1473116432666914,3.0,0.8395890398545993,0.04344080766511961,0.05930100958139951,2.7643947100113433,1.6520556078389976,-1.1123391021723457,0.5957303182966928,0.35526169772560856,-0.2404686205710842,0.06937504171262641,0.47048737214565806,0.4011123304330316,1.2066542741507849
1.35,0.21168144421466595,0.362022990430543,-0.7687474924194397,0.4477436658056284,3.6465166992183384e-05,5.662641842363314e-05,-0.006825009453503984,0.3180871625451399,-0.515511772896826,0.33751267634070825,-0.001322552026383789,-0.00041277407198948336,0.21168144421466595,0.362022990430543,-0.7687474924194397,0.4477436658056284,3.6465166992183384e-05,5.662641842363314e-05,-0.006825009453503984,0.3180871625451399,-0.515511772896826,0.33751267634070825,-0.001322552026383789,-0.00041277407198948336,0.21115490974634607,1.1963666599276954,-2.490838415150313,1.5635779329994817,0.0,0.0,-0.013383254852951856,-0.0484330594721701,0.04145465033973005,-0.031722257985961885,-0.016550743297023593,-0.006896143040426498,-0.000526534468319878,0.8343436694971524,-1.7220909227308732,1.1158342671938533,-3.6465166992183384e-05,-5.662641842363314e-05,-0.0006133701414190467,0.14685928480841018,-0.14685928480841018,0.14685928480841018,-0.00011002004604318624,-7.066002898996098e-05,0.21074973440121647,1.3437987881759696,-2.638172775857891,1.7109071547624088,-8.827763034435205e-05,-6.0768875026122305e-05,fuzzy-pid,2.215132704512507,0.25436851598319676,0.0011033556580186416,0.6810018567583425,0.17982040848683534,0.7562657874919557,1.467195204523086,1.1683724154580044,3.0,0.8855398155447367,0.044375899797903906,0.06046987474737987,2.756028929740684,1.6550155497482644,-1.1010133799924198,0.5922731194043379,0.35475278028802243,-0.23752033911631548,0.08487910382561631,0.4668150058156837,0.3819359019900674,1.189336540952656
1.4000000000000001,0.2110746015237539,0.37795772090114177,-0.7944948806177718,0.46462289578933635,-4.47820666544807e-05,2.7324268418560393e-05,-0.007219269419156558,0.31920349859682745,-0.5145266961276928,0.3376879139500205,-0.0009665515154466881,-0.0002677415972485221,0.2110746015237539,0.37795772090114177,-0.7944948806177718,0.46462289578933635,-4.47820666544807e-05,2.7324268418560393e-05,-0.007219269419156558,0.31920349859682745,-0.5145266961276928,0.3376879139500205,-0.0009665515154466881,-0.0002677415972485221,0.21047833261645704,1.1939306458742007,-2.4888250963032252,1.5615864239769337,0.0,0.0,-0.013678366088662262,-0.047111363045194754,0.03907284554808603,-0.030828306065370438,-0.016084333599323705,-0.0067018056663848795,-0.0005962689072968597,0.815972924973059,-1.6943302156854534,1.0969635281875973,4.47820666544807e-05,-2.7324268418560393e-05,-0.000596398374831652,0.14727844961967765,-0.14727844961967765,0.14727844961967765,-0.00014881913942094854,-8.9197050459687e-05,0.21009888428152315,1.3418565186644011,-2.63662085340665,1.7093754438880608,-0.0001336837621517994,-8.209000660129583e-05,fuzzy-pid,2.1771302291172763,0.25509451378145975,0.0007274850161258872,0.6887736071073801,0.18153019356362363,0.7620227778494054,1.4739680056410747,1.1823772324153126,3.0,0.9160957798152274,0.04501792515049366,0.06127240643811707,2.747331011443961,1.6578718539886106,-1.0894591574553503,0.5886599631458946,0.3541919846066453,-0.23446797853924933,0.10060347140333578,0.4631518055891536,0.3625483341858178,1.1718949540571095
1.4500000000000002,0.21043909584525888,0.3939478257391542,-0.8201931913243046,0.4815108588425887,-0.0001026851992498301,7.628836137918427e-06,-0.0075602570111856175,0.32030422033529476,-0.5135415354637128,0.3378642013420824,-0.0006888396892002082,-0.00015543238545135172,0.21043909584525888,0.3939478257391542,-0.8201931913243046,0.4815108588425887,-0.0001026851992498301,7.628836137918427e-06,-0.0075602570111856175,0.32030422033529476,-0.5135415354637128,0.3378642013420824,-0.0006888396892002082,-0.00015543238545135172,0.2097872176765195,1.1915209389068937,-2.486931648221813,1.5597182409127783,0.0,0.0,-0.013964805010689585,-0.045729977571526324,0.036659985271009304,-0.029898598555984642,-0.01559926881181808,-0.006499695338257531,-0.0006518781687393782,0.7975731131677395,-1.6667384568975083,1.0782073820701896,0.0001026851992498301,-7.628836137918427e-06,-0.0005867530307820959,0.14754460380870452,-0.14754460380870452,0.14754460380870452,-0.00017471204645200703,-0.00010226692583930983,0.20942506955468385,1.3397632867027989,-2.6350124023745507,1.7077909945131273,-0.00016445497537695511,-9.722269602980633e-05,fuzzy-pid,2.1393156730243,0.2555555039539262,0.00046200482026537544,0.6937735669885455,0.18263018473748002,0.765704136653863,1.4782934081922054,1.1913601572360433,3.0,0.9356948885150036,0.04544475966837798,0.061805949585472475,2.7382966017452355,1.6606217017325968,-1.0776749000126387,0.5849043470578605,0.35357958187729216,-0.23132476518056838,0.11653614905764073,0.4595038806997984,0.34296773164215766,1.1543488216526505
1.5,0.20977863865725244,0.4099925112322831,-0.845842379819767,0.49840761759668784,-0.00014291671151278607,-4.821023035006533e-06,-0.007857091216134817,0.32138830307727034,-0.5125569426301377,0.3380413742082383,-0.00047861022691720787,-7.143316471669588e-05,0.20977863865725244,0.4099925112322831,-0.845842379819767,0.49840761759668784,-0.00014291671151278607,-4.821023035006533e-06,-0.007857091216134817,0.32138830307727034,-0.5125569426301377,0.3380413742082383,-0.00047861022691720787,-7.143316471669588e-05,0.20908199287306153,1.1891417017040657,-2.485159598310111,1.5579739791976353,0.0,0.0,-0.014242798482694004,-0.0442899750104364,0.03421709522161384,-0.028933796146513487,-0.015095893641659208,-0.00628995568402467,-0.0006966457841909024,0.7791491904717827,-1.6393172184903442,1.0595663616009474,0.00014291671151278607,4.821023035006533e-06,-0.0005823599469075395,0.14770309359179268,-0.14770309359179268,0.14770309359179268,-0.00019110470214725117,-0.00011129283604510404,0.20873099208328647,1.3375744181475935,-2.633400119520066,1.7062055532203528,-0.00018444227045467715,-0.00010777530104127961,fuzzy-pid,2.1016935514607735,0.25583002095134943,0.0002751845188808997,0.6968132342673314,0.18329891153881292,0.7679210472793351,1.4808929187140607,1.196795681623975,3.0,0.947554214452309,0.045717250895126044,0.06214656361890755,2.728921961172847,1.6632623792124928,-1.065659581960354,0.5810176062131275,0.3529158682524885,-0.22810173796063898,0.13266539581848147,0.45587731490619054,0.3232119190877091,1.1367175076178515
1.55,0.2090962838534689,0.4260909284863832,-0.8714424469150694,0.5153132242670746,-0.00016996271452862644,-1.1896953883816508e-05,-0.008117594948853397,0.32245472930122054,-0.5115734833419092,0.3382192865145478,-0.00032174954434083936,-9.870406092460581e-06,0.2090962838534689,0.4260909284863832,-0.8714424469150694,0.5153132242670746,-0.00016996271452862644,-1.1896953883816508e-05,-0.008117594948853397,0.32245472930122054,-0.5115734833419092,0.3382192865145478,-0.00032174954434083936,-9.870406092460581e-06,0.20836307479932728,1.186797000212091,-2.483510421008395,1.5563542370083745,0.0,0.0,-0.014512573683032841,-0.04279251730350543,0.03174526907602111,-0.027934601130696086,-0.014574574502971869,-0.00607273937623828,-0.0007332090541416203,0.7607060717257077,-1.6120679740933257,1.0410410127413,0.00016996271452862644,1.1896953883816508e-05,-0.0005816948783493865,0.1477857386490171,-0.1477857386490171,0.1477857386490171,-0.00020050193227838157,-0.00011731994111401337,0.20801878296155504,1.3353306586827292,-2.6318221496230754,1.7046563700481319,-0.00019648701682245547,-0.00011493378109582992,fuzzy-pid,2.0642683540401254,0.25597317433284233,0.00014358165863617513,0.6984687012491988,0.18366311427482374,0.7691050247299379,1.482275368618231,1.1997276986082643,3.0,0.9539513424180313,0.045880054684991387,0.06235006835623923,2.7192038729956933,1.6657912803984387,-1.0534125925972546,0.5770092274477618,0.3522011646982535,-0.22480806274950832,0.14897995208988427,0.4522781563456698,0.3032982042557856,1.1190203555004887
1.6,0.20839448428808627,0.44224326020766735,-0.896990111131478,0.5322267925607767,-0.00018723800035269633,-1.613585464266265e-05,-0.008348918447076593,0.3234982966994051,-0.5106304375489865,0.33840758261903414,-0.00020551061554741507,7.865554438879653e-05,0.20839448428808627,0.44224326020766735,-0.896990111131478,0.5322267925607767,-0.00018723800035269633,-1.613585464266265e-05,-0.008348918447076593,0.3234982966994051,-0.5106304375489865,0.33840758261903414,-0.00020551061554741507,7.865554438879653e-05,0.20763086869272077,1.184490799349288,-2.481985534272383,1.5548596128154135,0.0,0.0,-0.014774357582024774,-0.04123885755532007,0.02924567331442626,-0.026901758249641784,-0.014035699956334845,-0.005848208315139518,-0.0007636155953655022,0.7422475391416206,-1.5849954231409051,1.0226328202546369,0.00018723800035269633,1.613585464266265e-05,-0.0005836529195952427,0.14781509093707546,-0.14781509093707546,0.14781509093707546,-0.00020475054302188355,-0.00012085984703484854,0.2072901075702329,1.3330620823854549,-2.630306006312863,1.7031701203263996,-0.00020268466147202653,-0.0001193783305500939,fuzzy-pid,2.027047213122717,0.25602402330020846,5.117700651154173e-05,0.6991492567776743,0.18381283649108834,0.7695622942019105,1.4828017659914132,1.2008974290809702,3.0,0.9565034816312077,0.04596511106372583,0.06245638882965729,2.7091403720104634,1.6682059095702821,-1.0409344624401813,0.5728871857023844,0.35143581683888375,-0.22145136886350064,0.16547684299080134,0.4487124074476746,0.28323556445687326,1.1012754645593221
1.6500000000000001,0.20767517991790418,0.45844635953833635,-0.9224923805445018,0.5491505131510506,-0.00019729821277625348,-1.526947757568564e-05,-0.00855716334884367,0.32453126936680815,-0.5096067607247898,0.3385804294872302,-0.00011967971706994517,7.59943417527625e-05,0.20767517991790418,0.45844635953833635,-0.9224923805445018,0.5491505131510506,-0.00019729821277625348,-1.526947757568564e-05,-0.00855716334884367,0.32453126936680815,-0.5096067607247898,0.3385804294872302,-0.00011967971706994517,7.59943417527625e-05,0.20688576845773338,1.1822269587435854,-2.4805862958203795,1.5534907026877405,0.0,0.0,-0.015028376445186668,-0.03963034097622878,0.026719551656955158,-0.025836055439150796,-0.013479681098687375,-0.00561653379111974,-0.000789411460170808,0.7237805992052491,-1.5580939152758777,1.00434018953669,0.00019729821277625348,1.526947757568564e-05,-0.0005874223670985983,0.14780581365330508,-0.14780581365330508,0.14780581365330508,-0.00020519704258359128,-0.0001235456189651062,0.2065462864605343,1.3307900998940316,-2.6288705836834794,1.701764917337384,-0.0002045689473057001,-0.00012250379686135312,fuzzy-pid,1.990028864929957,0.25600796488299005,1.67279840288197e-05,0.6991283711030282,0.1838082416426662,0.7694948814149113,1.4827096480620128,1.2007970062817588,3.0,0.9562843773420193,0.04599534972322358,0.062494187154029476,2.6987274309544595,1.6705038837805521,-1.0282235471739074,0.5686575138773907,0.3506201947898124,-0.21803731908757834,0.18212981160251976,0.44518601492330345,0.2630562033207837,1.0835047307618626
1.7000000000000002,0.20693990726636757,0.47470037591199876,-0.9479452110981024,0.5660830206700105,-0.00020203327642898117,-1.3433577784827122e-05,-0.008747129095798742,0.3255384485273252,-0.5086314307128357,0.33875820998812867,-5.632868873561967e-05,8.767495334183382e-05,0.20693990726636757,0.47470037591199876,-0.9479452110981024,0.5660830206700105,-0.00020203327642898117,-1.3433577784827122e-05,-0.008747129095798742,0.3255384485273252,-0.5086314307128357,0.33875820998812867,-5.632868873561967e-05,8.767495334183382e-05,0.20612815671307846,1.180009228508843,-2.47931399916947,1.552248097412502,0.0,0.0,-0.01527485536154258,-0.03796840557048705,0.024168229059863294,-0.024738324474870226,-0.012906951899932287,-0.005377896624971788,-0.0008117505532891089,0.7053088525968443,-1.5313687880713678,0.9861650767424914,0.00020203327642898117,1.3433577784827122e-05,-0.0005924257089454158,0.14776939086260946,-0.14776939086260946,0.14776939086260946,-0.00020283156230382278,-0.00012432886668843399,0.20578836986823337,1.3285314895020974,-2.6275301884449296,1.7004543455406793,-0.00020326590855429213,-0.00012387259923166377,fuzzy-pid,1.9532212371244682,0.2559448889785657,6.333325705945353e-05,0.6986102603827902,0.18369425728421385,0.7690570549627368,1.4821812421847314,1.1997980497525413,3.0,0.9541048358237263,0.04598579869058736,0.0624822483632342,2.6879641358267783,1.672682935206141,-1.0152812006206373,0.5643257266245051,0.3497546929786245,-0.2145710336458806,0.1989370337494381,0.44170485984779795,0.24276782609835984,1.0657264481104276
1.75,0.2061898861277074,0.49100418126969547,-0.9733494195756807,0.5830244448426702,-0.00020283558568223725,-1.0142747399743968e-05,-0.008922583627324534,0.32652383701883975,-0.5076602808721128,0.3389369092071065,-9.542955314856475e-06,0.0001025665695486588,0.2061898861277074,0.49100418126969547,-0.9733494195756807,0.5830244448426702,-0.00020283558568223725,-1.0142747399743968e-05,-0.008922583627324534,0.32652383701883975,-0.5076602808721128,0.3389369092071065,-9.542955314856475e-06,0.0001025665695486588,0.2053584048618036,1.177841245065738,-2.478169869483575,1.5511323794463212,0.0,0.0,-0.015514017796061517,-0.036254582554493826,0.021593115240057664,-0.023609441508829963,-0.012317969482867806,-0.005132487284528253,-0.000831481265903794,0.6868370637960426,-1.5048204499078945,0.968107934603651,0.00020283558568223725,1.0142747399743968e-05,-0.0005982407669890773,0.14771329264611388,-0.14771329264611388,0.14771329264611388,-0.0001983722778699586,-0.00012415795905436867,0.20501721553816923,1.3262987756594131,-2.626294918708499,1.699247840454496,-0.00019959568554104196,-0.00012408661909869245,fuzzy-pid,1.9166281445063253,0.25584773427146884,9.744105402286115e-05,0.6977347762537107,0.18350165077581637,0.7683519476298953,1.4813377644269616,1.1981520140683475,3.0,0.9505134852400308,0.04594829636437018,0.06243537045546272,2.6768485997115072,1.6747409133863715,-1.0021076863251357,0.5598962142201328,0.3488397299543155,-0.2110564842658173,0.21588715704884154,0.43827474785248965,0.22238759080364812,1.0479603499589165
1.8,0.20542610048559284,0.5073566710072006,-0.9987051364002042,0.5999748208106452,-0.00020072483227151494,-5.712153879233739e-06,-0.009086332254515578,0.3274867119444095,-0.5066920623191359,0.33911614485955976,2.5112126245119806e-05,0.00011357938394241061,0.20542610048559284,0.5073566710072006,-0.9987051364002042,0.5999748208106452,-0.00020072483227151494,-5.712153879233739e-06,-0.009086332254515578,0.3274867119444095,-0.5066920623191359,0.33911614485955976,2.5112126245119806e-05,0.00011357938394241061,0.2045768731831982,1.175726527014139,-2.4771550592576843,1.5501441197157164,0.0,0.0,-0.015746085165251614,-0.03449049649129475,0.018995707698581457,-0.02245032749159901,-0.011713214343442961,-0.004880505976434566,-0.0008492273023946451,0.6683698560069384,-1.4784499228574801,0.9501692989050712,0.00020072483227151494,5.712153879233739e-06,-0.0006045644401261747,0.14764285424341728,-0.14764285424341728,0.14764285424341728,-0.0001923424803595987,-0.0001233107776521556,0.2042335354418463,1.3241017298580204,-2.625172164802951,1.6981521905829742,-0.0001941557816549595,-0.0001235047380137898,fuzzy-pid,1.8802539447925315,0.25572574161935435,0.0001223183172694753,0.6965993394468495,0.18325185467830687,0.7674522402531239,1.4802648471920405,1.1960350761781178,3.0,0.9458947116613479,0.045890573392534995,0.06236321674066874,2.6653793796509957,1.6766757873452427,-0.988703592305753,0.5553727813939713,0.34787574818488465,-0.20749703320908663,0.23297002658196522,0.43490139944256667,0.20193137286060145,1.0302262332003784
1.85,0.2046493571562742,0.5237566931986519,-1.0240125333648722,0.6169341732728366,-0.00019644572579924358,-4.922715497457375e-07,-0.009240482638262135,0.32842609535795464,-0.5057277825276537,0.33929568833999835,5.090779948702215e-05,0.00012031979581550701,0.2046493571562742,0.5237566931986519,-1.0240125333648722,0.6169341732728366,-0.00019644572579924358,-4.922715497457375e-07,-0.009240482638262135,0.32842609535795464,-0.5057277825276537,0.33929568833999835,5.090779948702215e-05,0.00012031979581550701,0.20378391094536272,1.1736684710647947,-2.476270643864,1.5492838742841653,0.0,0.0,-0.01597127643491119,-0.03267786512909028,0.016377594216568182,-0.021261948474998182,-0.011093190508694704,-0.004622162711956126,-0.0008654462109114747,0.6499117778661427,-1.4522581104991277,0.9323497010113286,0.00019644572579924358,4.922715497457375e-07,-0.0006111800583040113,0.1475618173636865,-0.1475618173636865,0.1475618173636865,-0.00018512424835753023,-0.00012191518475636747,0.2034379320257556,1.3219481487858662,-2.6241673871215028,1.6971723163816326,-0.00018738213168188755,-0.00012231257307072305,fuzzy-pid,1.8441029502399942,0.25558539180944045,0.0001407080118050773,0.695272656347211,0.18295998439638642,0.7664090575339046,1.4790226927348162,1.1935713239271915,3.0,0.9405192522047812,0.045818164166095424,0.062272705207619274,2.653555251145283,1.6784856475957575,-0.9750696035495257,0.5507587722840291,0.34686321384336133,-0.2038955584406678,0.25017536914160027,0.4315904404568085,0.18141507131520823,1.012544102060924
1.9000000000000001,0.20386032984557412,0.5402030480200803,-1.0492718225346893,0.6339025145024988,-0.000190541864598881,5.267613265580451e-06,-0.009386618319329387,0.32934106900626847,-0.5047680760203229,0.3394753268309253,7.023658072924526e-05,0.00012403240408076765,0.20386032984557412,0.5402030480200803,-1.0492718225346893,0.6339025145024988,-0.000190541864598881,5.267613265580451e-06,-0.009386618319329387,0.32934106900626847,-0.5047680760203229,0.3394753268309253,7.023658072924526e-05,0.00012403240408076765,0.20297985653735787,1.1716703480389878,-2.4755176169869717,1.5485521809034979,0.0,0.0,-0.01618980773902326,-0.030818498933126597,0.01374045480021534,-0.020045315790995413,-0.010458425630084565,-0.004357677345868568,-0.0008804733082162508,0.6314673000189075,-1.4262457944522824,0.9146496664009991,0.000190541864598881,-5.267613265580451e-06,-0.0006179334650165535,0.14747282886013624,-0.14747282886013624,0.14747282886013624,-0.0001769971559536213,-0.00012007043280292411,0.20263092531069488,1.3198444198708097,-2.6232846811657065,1.6963118364181335,-0.00017959339988568788,-0.00012063096786987385,fuzzy-pid,1.8081794272141927,0.25543126931271026,0.00015450541264073952,0.6938032373870484,0.18263671222515065,0.7652585281692552,1.47765385248746,1.1908484086049402,3.0,0.934578346047142,0.045734956642715235,0.06216869580339404,2.641375186453133,1.6801687080243553,-0.9612064784287777,0.546057194902702,0.3458026165823679,-0.2002545783203341,0.2674927904233583,0.42834739268519795,0.16085460226183967,0.9949341653499099
1.9500000000000002,0.20305959216094216,0.5566944911461968,-1.0744832448583228,0.6508798477039659,-0.00018341034263302802,1.1398347170121781e-05,-0.009525930112275408,0.3302307795808161,-0.5038134314498174,0.33965491598815956,8.48413534093613e-05,0.00012570755734131735,0.20305959216094216,0.5566944911461968,-1.0744832448583228,0.6508798477039659,-0.00018341034263302802,1.1398347170121781e-05,-0.009525930112275408,0.3302307795808161,-0.5038134314498174,0.33965491598815956,8.48413534093613e-05,0.00012570755734131735,0.2021650376199016,1.1697352989455603,-2.474896885975276,1.5479495554673215,0.0,0.0,-0.016401892018769,-0.02891430030205762,0.011086063054547627,-0.018801486103090397,-0.00980947101030803,-0.004087279587628346,-0.0008945545410405653,0.6130408077993634,-1.4004136411169532,0.8970697077633556,0.00018341034263302802,-1.1398347170121781e-05,-0.0006247156846065446,0.14737776769201874,-0.14737776769201874,0.14737776769201874,-0.0001681665675127709,-0.00011785839026481829,0.201812972779145,1.3177959049458867,-2.622527160541898,1.6955734514740386,-0.00017102327560600015,-0.00011855153466608218,fuzzy-pid,1.7724876001928687,0.2552666285865215,0.0001650416552830208,0.692225497620972,0.18228960947661382,0.7640262907202112,1.476188524728777,1.1879285223401475,3.0,0.9282076851057763,0.045643704429624066,0.06205463053703007,2.6288383444991026,1.6817233076535916,-0.947115036845511,0.5412708150879454,0.34469446929732794,-0.19657634579061745,0.2849117805817236,0.4251776646600597,0.14026588407833607,0.9774168358379874
2.0,0.2022476420751329,0.5732297370518209,-1.0996470633196962,0.6678661695924921,-0.00017534182489242767,1.7779517384575172e-05,-0.009659317800903218,0.3310944382363416,-0.5028642154339843,0.3398343483981564,9.598824419754442e-05,0.0001259468565884019,0.2022476420751329,0.5732297370518209,-1.0996470633196962,0.6678661695924921,-0.00017534182489242767,1.7779517384575172e-05,-0.009659317800903218,0.3310944382363416,-0.5028642154339843,0.3398343483981564,9.598824419754442e-05,0.0001259468565884019,0.20133977129363417,1.1678663311453588,-2.4744092671397584,1.5474764883842087,0.0,0.0,-0.01660773868063429,-0.026967262461631916,0.008416286969097062,-0.017531561327162007,-0.009146901561997567,-0.003811208984165652,-0.0009078707814987319,0.5946365940935379,-1.3747622038200622,0.8796103187917166,0.00017534182489242767,-1.7779517384575172e-05,-0.0006314503947887738,0.14727797713638197,-0.14727797713638197,0.14727797713638197,-0.00015878422340299064,-0.00011534202393527886,0.20098448386892032,1.3158072074477771,-2.6218972233425797,1.6949592120089525,-0.00016184398645374302,-0.0001161444016179797,fuzzy-pid,1.7370316532240986,0.25509379626711254,0.0001732460152056211,0.6905640002917464,0.1819240800641842,0.7627306583378826,1.4746482829659946,1.184856070782815,3.0,0.9215041544352327,0.04554636425685876,0.06193295532107345,2.6159440652885126,1.6831479122813215,-0.9327961530071911,0.5364022259937189,0.343539307878435,-0.1928629181152839,0.30242171627046427,0.4220865426360809,0.11966482636561665,0.9600127285187791
2.0500000000000003,0.2014249198961866,0.5898074623753731,-1.1247635570099739,0.684861471873524,-0.00016654983552788494,2.432265380258869e-05,-0.009787467390154556,0.33193132357230576,-0.5019206880522482,0.3400135394579246,0.00010459495518589047,0.00012514495359994537,0.2014249198961866,0.5898074623753731,-1.1247635570099739,0.684861471873524,-0.00016654983552788494,2.432265380258869e-05,-0.009787467390154556,0.33193132357230576,-0.5019206880522482,0.3400135394579246,0.00010459495518589047,0.00012514495359994537,0.20050436428402163,1.1660663146137418,-2.4740554810270674,1.54713344088825,0.0,0.0,-0.016807553272585086,-0.024979468030368532,0.005733089102107026,-0.016236688419399747,-0.008471315697078128,-0.0035297148737825543,-0.0009205556121649749,0.5762588522383687,-1.3492919240170935,0.862271969014726,0.00016654983552788494,-2.432265380258869e-05,-0.0006380848447508736,0.14717442652529059,-0.14717442652529059,0.14717442652529059,-0.00014896316501089802,-0.00011256843969797234,0.20014583054668317,1.3138823577162184,-2.6213967364999133,1.6944707035623936,-0.00015218337037160927,-0.00011346243017797418,fuzzy-pid,1.7018157318882792,0.254914451302965,0.00017976748609233113,0.6888364308617057,0.18154401478957524,0.7613848303072348,1.4730486797990225,1.1816630426361159,3.0,0.9145375475697075,0.04544433642877391,0.061805420535967374,2.6026918675913473,1.684441115994772,-0.9182507515965752,0.5314538990377852,0.3423376909515003,-0.18911620808628488,0.32001186988145924,0.4190791817742594,0.09906731189280016,0.9427426559004719
2.1,0.20059182141992915,0.6064263094636546,-1.1498330158585839,0.701865742224582,-0.0001571920893934653,3.0962252268285084e-05,-0.009910908417065867,0.33274078625638737,-0.5009830110955455,0.34019242028878355,0.00011132541910541486,0.00012358567822446084,0.20059182141992915,0.6064263094636546,-1.1498330158585839,0.701865742224582,-0.0001571920893934653,3.0962252268285084e-05,-0.009910908417065867,0.33274078625638737,-0.5009830110955455,0.34019242028878355,0.00011132541910541486,0.00012358567822446084,0.19965911314201976,1.1643379783122643,-2.473836147699337,1.5469208413044666,0.0,0.0,-0.017001537177298142,-0.022953087253731203,0.003038526153447061,-0.014918059029568343,-0.007783335145861746,-0.003243056310775727,-0.0009327082779093943,0.5579116688486097,-1.3240031318407532,0.8450550990798846,0.0001571920893934653,-3.0962252268285084e-05,-0.0006445832748892778,0.14706782460773202,-0.14706782460773202,0.14706782460773202,-0.0001387885334820624,-0.00010957318766492462,0.19929735503701868,1.3120249416190517,-2.62102716335528,1.6941091753247473,-0.00014213724270444912,-0.000110545498293187,fuzzy-pid,1.6668439457415392,0.2547298213022783,0.00018505845221779082,0.6870556790338426,0.18115224938744537,0.7599984411362395,1.471401071024235,1.1783727697283335,3.0,0.9073587703163639,0.04533863262669088,0.0616732907833636,2.589081448775263,1.6856016425580085,-0.9034798062172544,0.5264282210767509,0.3410901996078066,-0.1853380214689443,0.33767142405440276,0.4161605975444794,0.07848917349007667,0.9256276210223774
2.15,0.19974870755008345,0.6230848901632742,-1.1748557356642158,0.7188789650083329,-0.00014738598483665655,3.764965716746005e-05,-0.010030055973597954,0.3335222545573018,-0.5000512508960604,0.3403709338671918,0.0001166592586976403,0.00012147767698422999,0.19974870755008345,0.6230848901632742,-1.1748557356642158,0.7188789650083329,-0.00014738598483665655,3.764965716746005e-05,-0.010030055973597954,0.3335222545573018,-0.5000512508960604,0.3403709338671918,0.0001166592586976403,0.00012147767698422999,0.19880430445967162,1.16268390668108,-2.473751782050638,1.5468390812863113,0.0,0.0,-0.01718988732144503,-0.020890375905173036,0.0003347479200722159,-0.013576909018454947,-0.007083604705280842,-0.0029515019605336847,-0.0009444030904118272,0.5395990165178057,-1.2988960463864223,0.8279601162779784,0.00014738598483665655,-3.764965716746005e-05,-0.0006509221537270895,0.14695869891442373,-0.14695869891442373,0.14695869891442373,-0.00012832537418664986,-0.00010638363354796077,0.1984393754887131,1.3102381896013906,-2.6207896515626166,1.693875628981738,-0.00013177834131609966,-0.00010742409973426733,fuzzy-pid,1.6321203715197075,0.25454081999630257,0.00018943358509744215,0.6852312971838957,0.18075088538045705,0.7585786453953254,1.469713893000136,1.175002560562167,3.0,0.9000055866810917,0.04522999362497441,0.06153749203121801,2.5751126860297653,1.6866283466714247,-0.8884843393583406,0.5213275214700294,0.33979743712309757,-0.1815300843469318,0.35538948999773945,0.4133356573610564,0.057946167363316925,0.9086888087349423
2.2,0.1988959113464457,0.6373065753650176,-1.199653464725646,0.7359101766263851,-0.00013721924460741164,3.8435522494051355e-05,-0.010145241306780623,0.1457317577743953,-0.48901899698369156,0.3410599261917186,0.00012096525816574202,-0.0001639290404753559,0.1988959113464457,0.6373065753650176,-1.199653464725646,0.7359101766263851,-0.00013721924460741164,3.8435522494051355e-05,-0.010145241306780623,0.1457317577743953,-0.48901899698369156,0.3410599261917186,0.00012096525816574202,-0.0001639290404753559,0.19794021509985946,1.1611065362639148,-2.4738027891911507,1.5468885120422082,0.0,0.0,-0.01737279590004861,-0.018793672854298726,-0.002376004368439941,-0.012214517838923895,-0.006372791915960292,-0.002655329964983456,-0.0009556962465862295,0.5237999608988972,-1.2741493244655047,0.8109783354158231,0.00013721924460741164,-3.8435522494051355e-05,-0.0006484620594355583,0.14582687329190572,-0.14582687329190572,0.14582687329190572,-0.00011402695490507085,-9.601490399326287e-05,0.1975786586524962,1.307759604567213,-2.619919659752947,1.69300544624602,-0.00011846480150782805,-9.886720292851399e-05,fuzzy-pid,1.5985961635913972,0.2525804300541341,0.001960460590467279,0.6697628143874886,0.1773478191652475,0.7452241335532549,1.4535353681973022,1.1448361195365477,3.0,0.8341878971706496,0.045118971714337014,0.061398714642921265,2.561721649107024,1.6875202151020166,-0.8742014340050075,0.516342754856648,0.3384600286658388,-0.17788272619080925,0.3670199122968536,0.41060907246519696,0.043589160168343355,0.8931799518449053
2.25,0.19803795625888654,0.6398810706827112,-1.2243433554747387,0.7529531224619688,-0.00012500287979966274,4.765233428338789e-05,-0.010206613677876892,0.015328635121037208,-0.4958950424159275,0.34084396587400095,0.0001453402847850813,0.0002334411584925583,0.19803795625888654,0.6398810706827112,-1.2243433554747387,0.7529531224619688,-0.00012500287979966274,4.765233428338789e-05,-0.010206613677876892,0.015328635121037208,-0.4958950424159275,0.34084396587400095,0.0001453402847850813,0.0002334411584925583,0.19706711243948233,1.1596081524777253,-2.4739894599300416,1.5470694405677026,0.0,0.0,-0.017550450114951828,-0.01666539730425999,-0.005091400333025604,-0.010832207780547071,-0.005651586668111517,-0.0023548277783797984,-0.0009708438194042102,0.5197270817950141,-1.2496461044553029,0.7941163181057338,0.00012500287979966274,-4.765233428338789e-05,-0.0006480615797538927,0.14482309282639028,-0.14482309282639028,0.14482309282639028,-0.00010093681496884627,-9.331030688617369e-05,0.1967089528079204,1.30526333511989,-2.6190893295055604,1.6921707616070747,-0.00010531881160359173,-9.469953089675876e-05,fuzzy-pid,1.5691887436020782,0.25084182969805674,0.0017386501936399472,0.6525024678659942,0.17355054293051872,0.7319741204482986,1.437832912854753,1.113171503827004,3.0,0.7651014628952815,0.04397879319042848,0.0599734914880356,2.552220373412139,1.6882763676833195,-0.8639440057288197,0.5121494127086013,0.33707862099489216,-0.1750707917137091,0.3484860083286043,0.4079853900679147,0.05949938173931035,0.8835095944999035
2.3000000000000003,0.19717234765066216,0.6401624987463537,-1.2491110261749396,0.7699992010378676,-0.00011218070846208406,5.851571642478959e-05,-0.010297663324454696,0.001912656706082357,-0.4945195672409247,0.3410501084456358,0.00015254504486250978,0.00015608505465891987,0.19717234765066216,0.6401624987463537,-1.2491110261749396,0.7699992010378676,-0.00011218070846208406,5.851571642478959e-05,-0.010297663324454696,0.001912656706082357,-0.4945195672409247,0.3410501084456358,0.00015254504486250978,0.00015608505465891987,0.19618525462537686,1.1581908865393125,-2.474311966387871,1.5473821258993483,0.0,0.0,-0.017723031926467306,-0.014508045702353504,-0.007809023341980416,-0.009431343078290192,-0.0049207007364992315,-0.002050291973541346,-0.000987093025285296,0.5180283877929588,-1.2252009402129316,0.7773829248614808,0.00011218070846208406,-5.851571642478959e-05,-0.0006519831821652669,0.14426169243179104,-0.14426169243179104,0.14426169243179104,-8.98961345295512e-05,-9.142354248100655e-05,0.1958271917843888,1.3031552680083,-2.618702576491137,1.6917755541501234,-9.375180379806133e-05,-9.22425395849446e-05,fuzzy-pid,1.540712807983842,0.24986946438391183,0.0009724464225027905,0.6416389371170487,0.1711605661657507,0.7240831081755359,1.428588078891879,1.0937841122139063,3.0,0.7228016993757953,0.042985207262696376,0.058731509078370464,2.5430781681802803,1.6888960581840269,-0.8541821099962534,0.5080253080662932,0.3356538821467487,-0.17237142591954452,0.3240782078563793,0.4054689857665039,0.08139077791012461,0.8751933753405609
2.35,0.19604744259786555,0.6401406961783227,-1.256252291309571,0.7830683924169173,-0.0006059128581723527,-6.55197139853847e-05,-0.016714593398870294,0.0022948804575762473,0.028090644625856132,0.23925941609688706,-0.009384858931849238,-0.0024436801584038458,0.19604744259786555,0.6401406961783227,-1.256252291309571,0.7830683924169173,-0.0006059128581723527,-6.55197139853847e-05,-0.016714593398870294,0.0022948804575762473,0.028090644625856132,0.23925941609688706,-0.009384858931849238,-0.0024436801584038458,0.19529489084234494,1.1568567125612579,-2.474770357769008,1.5478267754059474,0.0,0.0,-0.017890717817305616,-0.012324188329617482,-0.01052637401286811,-0.008013328886213979,-0.004180867244981204,-0.0017420280187421687,-0.0007525517555206085,0.5167160163829352,-1.218518066459437,0.7647583829890301,0.0006059128581723527,6.55197139853847e-05,-0.0004649951010443805,0.1397823275889168,-0.1397823275889168,0.1397823275889168,0.00022877108925266636,-3.3568496025706892e-06,0.1950792197520726,1.298268097114706,-2.6155901581412278,1.688650715783679,0.00014814036598998444,-2.5578272098164168e-05,fuzzy-pid,1.5286065687363966,0.24211064802368656,0.007767779429870714,0.5800496222870303,0.15761091690314666,0.6710835552492219,1.3644175322445316,0.9738822518252134,3.0,0.46119764034592003,0.042436839539648975,0.058046049424561215,2.539395106648641,1.6893786750444313,-0.8500164316042096,0.5043196404189193,0.3341865011124724,-0.1701331393064469,0.32575032430992795,0.4030640562472193,0.07731373193729135,0.8703163977735293
2.4000000000000004,0.1951403263146938,0.6402070998387561,-1.2552393412261251,0.7945014060499167,-0.0007327399614891483,-9.096844529121739e-05,-0.010650638530673944,-0.0036147098361639313,0.052175542623090765,0.20308602775190188,-0.005351547893450829,-0.000383892965682983,0.1951403263146938,0.6402070998387561,-1.2552393412261251,0.7945014060499167,-0.0007327399614891483,-9.096844529121739e-05,-0.010650638530673944,-0.0036147098361639313,0.052175542623090765,0.20308602775190188,-0.005351547893450829,-0.000383892965682983,0.19439626159269593,1.155607444829564,-2.4753645563240214,1.5484035411321817,0.0,0.0,-0.018053678567915288,-0.010116465577008063,-0.013240874307217036,-0.006579610117592822,-0.0034328400613527757,-0.0014303500255636566,-0.0007440647219978669,0.5154003449908078,-1.2201252150978963,0.753902135082265,0.0007327399614891483,9.096844529121739e-05,-0.0004590427656410548,0.1383665377746913,-0.1383665377746913,0.1383665377746913,0.00031400389034541077,1.4034126465926959e-05,0.1942227190583093,1.2950475112318678,-2.6141958601093416,1.6872402381260745,0.0002725380092565542,4.131026824904177e-06,fuzzy-pid,1.5240448104407391,0.23965851923711323,0.0024537695288925267,0.5469574335414596,0.1503306353791211,0.648921819725279,1.3389253661735918,0.9170921806258363,3.0,0.3372920304563702,0.03825595976830658,0.05281994971038322,2.5378878664680298,1.689723741979958,-0.8481641244880718,0.5016277758251102,0.33267718750450975,-0.16895058832060045,0.34060204897070273,0.40077461228633005,0.060172563315627314,0.8669183472152768
2.45,0.1942840701441484,0.6402204410441508,-1.2531218696902853,0.8053466130643989,-0.0007401505150848031,-7.308592513233236e-05,-0.009062774735202532,-0.003461315089659041,0.03610543388035203,0.20016720322662424,-0.0022575000222069745,0.0002507068437296365,0.1942840701441484,0.6402204410441508,-1.2531218696902853,0.8053466130643989,-0.0007401505150848031,-7.308592513233236e-05,-0.009062774735202532,-0.003461315089659041,0.03610543388035203,0.20016720322662424,-0.0022575000222069745,0.0002507068437296365,0.19348959898675444,1.1544447352753147,-2.476094353531306,1.5491125162090413,0.0,0.0,-0.01821207904240387,-0.007887583917474301,-0.015949872202181938,-0.005131670153263336,-0.002677393123441739,-0.0011155804681007254,-0.00079447115739395,0.5142242942311639,-1.2229724838410205,0.7437659031446424,0.0007401505150848031,7.308592513233236e-05,-0.0004957938323207735,0.13799205269341566,-0.13799205269341566,0.13799205269341566,0.00032257583978871065,7.008427771584178e-06,0.19330103363040257,1.2930894687845147,-2.6141137696958765,1.6871384862083614,0.00031006638215567154,6.289077534914178e-06,fuzzy-pid,1.520946160795686,0.2390099783177302,0.0006497620394848804,0.5377251132831353,0.14829952492228976,0.6428696209675213,1.3319992956809,0.9014063752998462,3.0,0.3030684551996645,0.0370091404032136,0.051261425504016994,2.536570976036304,1.6899309184512026,-0.8466400575851014,0.4991110584708284,0.3311266712135282,-0.1679843872573002,0.356672260503799,0.3986044720612236,0.041932211557424603,0.8641622832755494
2.5,0.19336436277979052,0.6402009767391954,-1.2513700033952926,0.8167809529924179,-0.0007059945185492467,-7.511626724809872e-05,-0.00864366706316862,-0.0005412892244649585,0.03976193005268498,0.20284665702626092,-0.0014522133324313157,3.5278421961493976e-06,0.19336436277979052,0.6402009767391954,-1.2513700033952926,0.8167809529924179,-0.0007059945185492467,-7.511626724809872e-05,-0.00864366706316862,-0.0005412892244649585,0.03976193005268498,0.20284665702626092,-0.0014522133324313157,3.5278421961493976e-06,0.19257512704382357,1.1533700711525459,-2.4769594065263143,1.5499537313447505,0.0,0.0,-0.018366077984249836,-0.0056403115849236385,-0.01865064691990442,-0.003671029420388818,-0.0019153196975941643,-0.000798049873997569,-0.0007892357359669533,0.5131690944133505,-1.2255894031310217,0.7331727783523325,0.0007059945185492467,7.511626724809872e-05,-0.0005079952513209605,0.13799659832494487,-0.13799659832494487,0.13799659832494487,0.00031083271716411,1.1765908676397439e-05,0.1923756072519776,1.2917973693042468,-2.6147454460624138,1.687747368804362,0.00031064113341200037,1.0396700891026624e-05,fuzzy-pid,1.5175491275107742,0.23901786180609716,1.9271675514918436e-05,0.5366855648614174,0.14807082426951182,0.642485826353937,1.3316430439232283,0.9,3.0,0.3,0.036685564861417365,0.0508569560767717,2.5348856677877247,1.69,-0.8448856677877248,0.4963582687599378,0.32953570205544663,-0.1668225667044912,0.3726545040181149,0.3965572547827112,0.023902750764596303,0.8615293969964684
2.5500000000000003,0.19246931304504233,0.6402508817671029,-1.250087834593054,0.8283742740767797,-0.0006381808947728551,-7.225719063042035e-05,-0.011490750361442781,0.0019054379469807664,0.06049529225329438,0.22695533256218908,0.00020113014862488827,0.0006499423822248357,0.19246931304504233,0.6402508817671029,-1.250087834593054,0.8283742740767797,-0.0006381808947728551,-7.225719063042035e-05,-0.011490750361442781,0.0019054379469807664,0.06049529225329438,0.22695533256218908,0.00020113014862488827,0.0006499423822248357,0.19165306200313362,1.1523847729343137,-2.477959234805743,1.550927151409157,0.0,0.0,-0.018515827821058567,-0.003377473972674398,-0.021340414691984978,-0.0021992438441664867,-0.0011474315708694728,-0.0004780964878622803,-0.0008162510419087166,0.5121338911672109,-1.2278714002126891,0.7225528773323773,0.0006381808947728551,7.225719063042035e-05,-0.0005164747848387329,0.13799589315293456,-0.13799589315293456,0.13799589315293456,0.00027740726819424526,1.1315003758073282e-05,0.19144634222671558,1.290734841891498,-2.615652707484611,1.688629125622659,0.00028571573449868407,1.1085428041311617e-05,fuzzy-pid,1.5139461804322356,0.23901661743538571,3.4508814025605246e-05,0.536689482483697,0.14807168614641333,0.6424828881372273,1.3316381468953788,0.9,3.0,0.3,0.03668948248369694,0.05086185310462117,2.532825050376802,1.6899309184512026,-0.8428941319255996,0.49360126356638834,0.32790504940883186,-0.16569621415755648,0.3881404003121883,0.3946363746591566,0.006495974346968247,0.8590506100943491
2.6,0.19156899060746246,0.6402619260156417,-1.247735533791933,0.8393606815204429,-0.0006767100688356287,-5.8648128888894036e-05,-0.011033304195695828,0.00452680048557151,0.039431087274622585,0.23878879964458985,0.0023915656873541536,0.00022814061724219444,0.19156899060746246,0.6402619260156417,-1.247735533791933,0.8393606815204429,-0.0006767100688356287,-5.8648128888894036e-05,-0.011033304195695828,0.00452680048557151,0.039431087274622585,0.23878879964458985,0.0023915656873541536,0.00022814061724219444,0.19072361264434184,1.1514899924386697,-2.4790932172327866,1.5520326721237645,0.0,0.0,-0.018661474477659666,-0.0011019487655141095,-0.024016335033310316,-0.0007179031753110419,-0.00037455817842315205,-0.00015606590767631366,-0.0008453779631206193,0.511228066423028,-1.2313576834408537,0.7126719906033216,0.0006767100688356287,5.8648128888894036e-05,-0.0005304298370227299,0.13799600446556767,-0.13799600446556767,0.13799600446556767,0.0002864373557587839,9.606127548218765e-06,0.19050647266216825,1.2897982081510526,-2.616730093144919,1.6896787888476639,0.00028625695044375894,9.975952671491979e-06,fuzzy-pid,1.511786500369009,0.23901685137209758,1.6710577257796662e-05,0.5366888640801796,0.1480715500976395,0.6424833519398654,1.3316389198997756,0.9,3.0,0.3,0.03668886408017958,0.05086108010022447,2.530967139354196,1.689723741979958,-0.8412433973742381,0.4908743765188636,0.3262355018428333,-0.16463887467603033,0.4046468145402175,0.39284503520249403,-0.011801779337723473,0.8572839055271458
2.6500000000000004,0.19062251502612382,0.6402260116775018,-1.2460521626803969,0.85096358319494,-0.00067478188663328,-6.21442975416997e-05,-0.013090997357512459,0.0014126244808565804,0.053730210499126664,0.24632442274246627,0.0014139684247460895,0.0003423851535622264,0.19062251502612382,0.6402260116775018,-1.2460521626803969,0.85096358319494,-0.00067478188663328,-6.21442975416997e-05,-0.013090997357512459,0.0014126244808565804,0.053730210499126664,0.24632442274246627,0.0014139684247460895,0.0003423851535622264,0.18978698061718213,1.1506867111959287,-2.4803605893682206,1.5532701168687402,0.0,0.0,-0.018803157196892052,0.0011833391790838142,-0.02667551749647495,0.0007713708035767142,0.00040245433230089514,0.00016768930512537283,-0.000835534408941685,0.5104606995184269,-1.2343084266878237,0.7023065336738001,0.00067478188663328,6.21442975416997e-05,-0.0005157611963624743,0.1379959835393706,-0.1379959835393706,0.1379959835393706,0.0002887642775888452,1.5610704284220246e-05,0.18958003273115678,1.2889615730892374,-2.617949952966923,1.690869272517999,0.0002881374458025736,1.4202016381038179e-05,fuzzy-pid,1.509080197503293,0.23901678614086605,1.6019982506813836e-05,0.5366889803368301,0.14807157567410262,0.6424832647473775,1.3316387745789624,0.9,3.0,0.3,0.036688980336830074,0.05086122542103759,2.528659878179476,1.6893786750444313,-0.8392812031350447,0.4879440036119116,0.32452786673583833,-0.16341613687607326,0.420508820345028,0.39118622388563107,-0.029322596459396943,0.8555451983328691
2.7,0.18970764506586146,0.64023093222887,-1.2440692306985488,0.8623107090180975,-0.000674237923404597,-5.493121263677736e-05,-0.012815738094573976,0.0014444149211812226,0.04218135691651616,0.2505741281904559,0.0021858409262165888,0.00033604883658001233,0.18970764506586146,0.64023093222887,-1.2440692306985488,0.8623107090180975,-0.000674237923404597,-5.493121263677736e-05,-0.012815738094573976,0.0014444149211812226,0.04218135691651616,0.2505741281904559,0.0021858409262165888,0.00033604883658001233,0.1888433607798966,1.1499757390681973,-2.4817604411505747,1.5546392336174104,0.0,0.0,-0.01894100836747225,0.003475423183693975,-0.029315028875211223,0.002266926189399908,0.0011827440988173429,0.0004928100411738933,-0.0008642842859648558,0.5097448068393273,-1.237691210452026,0.6923285245993129,0.000674237923404597,5.493121263677736e-05,-0.0005243350187644406,0.13799598937446605,-0.13799598937446605,0.13799598937446605,0.0002908141552076544,1.710132044619812e-05,0.18863427750363831,1.2882191896043067,-2.6193048111355113,1.6921937353734071,0.00029014497785638424,1.6376494429908135e-05,fuzzy-pid,1.5069967787308864,0.23901681748959253,8.940607782467642e-06,0.5366889479196331,0.1480715685423193,0.6424832890602753,1.3316388151004588,0.9,3.0,0.3,0.03668894791963301,0.05086118489954126,2.5262429547778913,1.6888960581840269,-0.8373468965938644,0.4850808010889465,0.32278296988503136,-0.16229783120391517,0.43667589040142907,0.3896627071601464,-0.047013183241282674,0.8542251756108273
2.75,0.18878044244854353,0.6402335531824672,-1.2427104700162461,0.8740596798561695,-0.0006489684534121132,-5.407171978744074e-05,-0.012877742295369917,0.002637179310482963,0.05605227026119883,0.24942227431062314,0.0016346856297034045,0.0003839132708627428,0.18878044244854353,0.6402335531824672,-1.2427104700162461,0.8740596798561695,-0.0006489684534121132,-5.407171978744074e-05,-0.012877742295369917,0.002637179310482963,0.05605227026119883,0.24942227431062314,0.0016346856297034045,0.0003839132708627428,0.18789294154610703,1.149357713131685,-2.483291714946989,1.556139692007837,0.0,0.0,-0.01907515335839423,0.005771300319499506,-0.031931900822627354,0.0037670829841398106,0.0019654346004207724,0.0008189310835086555,-0.0008875009024364999,0.5091241599492178,-1.240581244930743,0.6820800121516675,0.0006489684534121132,5.407171978744074e-05,-0.0005321672012631076,0.1379959865702453,-0.1379959865702453,0.1379959865702453,0.0002878518620752513,2.1600029383571836e-05,0.1876791501345425,1.2875700721775245,-2.6207919789218037,1.6936501927769136,0.00028842514102053453,2.0294145645155908e-05,fuzzy-pid,1.5044878165795774,0.23901682672078098,9.50561249940663e-06,0.5366889634986372,0.14807157196970017,0.6424832773760222,1.3316387956267035,0.9,3.0,0.3,0.03668896349863718,0.05086120437329647,2.5234190777089758,1.6882763676833195,-0.8351427100256563,0.48211301348590896,0.3210016551070451,-0.16111135837886387,0.45214156881583156,0.3882770258425918,-0.06386454297323974,0.8529354581425613
2.8000000000000003,0.18784261112813727,0.640235580602849,-1.2412188298730804,0.8859067721546285,-0.000628568538776797,-4.850553877755459e-05,-0.013108666836636753,0.002833422832893067,0.06416663449648889,0.24986402627754067,0.0011380146236028808,0.00042751337101521814,0.18784261112813727,0.640235580602849,-1.2412188298730804,0.8859067721546285,-0.000628568538776797,-4.850553877755459e-05,-0.013108666836636753,0.002833422832893067,0.06416663449648889,0.24986402627754067,0.0011380146236028808,0.00042751337101521814,0.18693590523981538,1.148833096831781,-2.4849532039945994,1.5577710805602152,0.0,0.0,-0.019205710359362166,0.008067937171428303,-0.03452313784764047,0.00527013523084259,0.002749635772613527,0.0011456815719223022,-0.0009067058883218959,0.508597516228932,-1.243734374121519,0.6718643084055866,0.000628568538776797,4.850553877755459e-05,-0.0005384842270311653,0.13799598574449257,-0.13799598574449257,0.13799598574449257,0.0002914313099998718,2.3964298834957606e-05,0.18671785329322377,1.2870143299765862,-2.6224098870347703,1.6952378479227592,0.00029067976775503746,2.304676053750718e-05,fuzzy-pid,1.5023147124892857,0.2390168440017176,7.635904274133774e-06,0.5366889680861524,0.14807157297895351,0.6424832739353857,1.3316387898923094,0.9,3.0,0.3,0.03668896808615242,0.05086121010769053,2.5203948657270487,1.6875202151020166,-0.8328746506250322,0.4790856737685678,0.319184783829899,-0.1599008899386688,0.4678944723018307,0.3870314908770933,-0.08086298142473736,0.851931511344571
2.85,0.18691409710352502,0.6402565657077464,-1.2400012778056517,0.8978799111011497,-0.0005886242911787853,-4.151240423055924e-05,-0.011102297829879385,-0.013701200352223289,0.06296807699257691,0.18701899088800333,-0.007576051923497024,-6.37415670468058e-05,0.18691409710352502,0.6402565657077464,-1.2400012778056517,0.8978799111011497,-0.0005886242911787853,-4.151240423055924e-05,-0.011102297829879385,-0.013701200352223289,0.06296807699257691,0.18701899088800333,-0.007576051923497024,-6.37415670468058e-05,0.18597242845823908,1.1484021794203048,-2.4867435512503917,1.5595329040479085,0.0,0.0,-0.019332790226815305,0.010362275779601743,-0.03708572565081091,0.006774353256070929,0.003534445177080486,0.0014726854904502029,-0.0009416686452859424,0.5081456137125584,-1.24674227344474,0.6616529929467587,0.0005886242911787853,4.151240423055924e-05,-0.0005644563283593259,0.1379959841986696,-0.1379959841986696,0.1379959841986696,0.00033326939687015997,2.8594544890868978e-05,0.18573544242071574,1.2865522052083773,-2.624157123345489,1.6969561281656234,0.00032262198959137937,2.720759880252853e-05,fuzzy-pid,1.500121388137156,0.23901695643188983,4.946124489004507e-05,0.5366889766740578,0.1480715748682927,0.6424832674944567,1.3316387791574278,0.9,3.0,0.3,0.03668897667405781,0.050861220842572254,2.5170829814351245,1.6866283466714247,-0.8304546347636999,0.47603497348745466,0.3173332346764197,-0.15870173881103494,0.48330716791713024,0.3859281794813165,-0.09737898843581372,0.8510721530463433
2.9000000000000004,0.1859642969011106,0.6403496720902062,-1.238592221037873,0.910127843528632,-0.0005066138327767256,-3.166550033606441e-05,-0.008839292438534064,0.012897535600764617,-0.18519109311583687,0.3547720584000733,0.016824966632356466,-0.0005878274820681055,0.1859642969011106,0.6403496720902062,-1.238592221037873,0.910127843528632,-0.0005066138327767256,-3.166550033606441e-05,-0.008839292438534064,0.012897535600764617,-0.18519109311583687,0.3547720584000733,0.016824966632356466,-0.0005878274820681055,0.18500268244221535,1.1480650756836963,-2.488661248665488,1.5614245810290557,0.0,0.0,-0.0194564963351597,0.012651239735936074,-0.0396166397588347,0.008277986014712222,0.004318949225067246,0.0017995621771113531,-0.0009616144588952547,0.5077154035934901,-1.2500690276276152,0.6512967375004237,0.0005066138327767256,3.166550033606441e-05,-0.0005934145849403557,0.13799597414150155,-0.13799597414150155,0.13799597414150155,0.00020983583199040548,3.4123053496333406e-05,0.18474081149813518,1.2861838386709927,-2.6260321979416146,1.6988044484193237,0.00023803237139064895,3.239418982288219e-05,fuzzy-pid,1.4982109756377087,0.23901686964336782,0.00012690543831521915,0.5366890325472137,0.148071587160387,0.6424832255895898,1.331638709315983,0.9,3.0,0.3,0.03668903254721363,0.05086129068401704,2.5134676541260585,1.6856016425580085,-0.8278660115680501,0.47287900164520097,0.31544790303934733,-0.15743109860585364,0.4995076708933829,0.38496893168222635,-0.11453873921115654,0.850450355222407
2.95,0.18497888920188155,0.64029175368095,-1.2358770793535125,0.9216573756630195,-0.000621327981506159,-2.0197653234355073e-05,-0.012475159231773158,0.004177056802845503,0.041964420169727575,0.2578966676587468,0.002140923291715825,0.0002536347498249879,0.18497888920188155,0.64029175368095,-1.2358770793535125,0.9216573756630195,-0.000621327981506159,-2.0197653234355073e-05,-0.012475159231773158,0.004177056802845503,0.041964420169727575,0.2578966676587468,0.002140923291715825,0.0002536347498249879,0.18402683345391915,1.1478217259702168,-2.490704636897748,1.5634454415448162,0.0,0.0,-0.019576924432884026,0.014931740413959296,-0.04211285441524355,0.009779263532886882,0.0051022244519409845,0.0021259268549754097,-0.0009520557479623937,0.5075299722892668,-1.2548275575442354,0.6417880658817967,0.000621327981506159,2.0197653234355073e-05,-0.0005837396160626032,0.1379959819049593,-0.1379959819049593,0.1379959819049593,0.0002871771427087224,3.307919063648492e-05,0.1837675232529262,1.2859092405741301,-2.628033513587434,1.7007821796921625,0.000274890949879204,3.290794043308424e-05,fuzzy-pid,1.4980227255683494,0.23901693953070577,7.795109490505391e-05,0.5366889894168929,0.14807157767171644,0.6424832579373304,1.331638763228884,0.9,3.0,0.3,0.03668898941689286,0.05086123677111607,2.5101368525392407,1.684441115994772,-0.8256957365444686,0.46969176455529255,0.3135297006483312,-0.15616206390696136,0.5166499503255182,0.38415534724741596,-0.13249460307810224,0.8507143230228454
3.0,0.18405803048736313,0.6403444860180407,-1.2356279120825047,0.9339160801938204,-0.0005381337704823963,-2.5401271554592597e-05,-0.006455231726754245,0.013647272562345172,-0.2603593390178516,0.3540603887827918,0.01811508522333621,-0.0020208065553362505,0.18405803048736313,0.6403444860180407,-1.2356279120825047,0.9339160801938204,-0.0005381337704823963,-2.5401271554592597e-05,-0.006455231726754245,0.013647272562345172,-0.2603593390178516,0.3540603887827918,0.01811508522333621,-0.0020208065553362505,0.18304504316165968,1.1476718965234776,-2.4928719054743884,1.565594724989434,0.0,0.0,-0.019694162503295518,0.017200683309247938,-0.044571351683396314,0.011276399444557512,0.0058833388406386985,0.002451391183599458,-0.0010129873257034572,0.5073274105054368,-1.2572439933918838,0.6316786447956135,0.0005381337704823963,2.5401271554592597e-05,-0.0006417203185498682,0.1380055558680859,-0.1380055558680859,0.1380055558680859,0.00018307998129666705,5.256720522447642e-05,0.18274437294556392,1.2857353994372052,-2.6301664744037145,1.7028957555661806,0.0002060327234423013,4.765238902662837e-05,fuzzy-pid,1.4956813788496024,0.23903357178006607,0.00012187184210224931,0.5368167603444058,0.14809968727576928,0.6425950010608263,1.3317744395236402,0.9002509103857624,3.0,0.30054744084166335,0.0366890241480176,0.050861280185022,2.506025867444605,1.6831479122813215,-0.8228779551632837,0.46653444065878674,0.3115795551290255,-0.15495488552976122,0.5305937579636497,0.38348878301712486,-0.14710497494652486,0.8501641131553757
3.0500000000000003,0.18305166645010962,0.640319356842407,-1.2328993004277375,0.9453370943204851,-0.000648359454744174,-7.640842567546713e-07,-0.01221809698730451,0.006697200709560179,0.038072100251263764,0.25737630130927,0.003074194338381696,0.0003255104747523843,0.18305166645010962,0.640319356842407,-1.2328993004277375,0.9453370943204851,-0.000648359454744174,-7.640842567546713e-07,-0.01221809698730451,0.006697200709560179,0.038072100251263764,0.25737630130927,0.003074194338381696,0.0003255104747523843,0.1820574690315284,1.1476151801288113,-2.495161093414133,1.5678715781565062,0.0,0.0,-0.01980829062967712,0.019454974467351824,-0.046989130716633035,0.012767593617301341,0.006661353191635485,0.0027755638298481186,-0.0009941974185812275,0.5072958232864042,-1.2622617929863953,0.6225344838360212,0.000648359454744174,7.640842567546713e-07,-0.0006230014134164739,0.13799448770032882,-0.13799448770032882,0.13799448770032882,0.00027413587672347616,4.208745546035368e-05,0.1817619439499749,1.2856411007311563,-2.632408304436775,1.7051234882841713,0.00025711008840318246,4.3478688851922355e-05,fuzzy-pid,1.4960629928987332,0.23901443671799938,9.549299277427025e-05,0.5366972905537288,0.14807340392182033,0.6424770320847034,1.3316283868078391,0.9,3.0,0.3,0.0366972905537288,0.050871613192161,2.5023116274079453,1.6817233076535916,-0.8205883197543538,0.46323795410584556,0.3095984095544978,-0.15363954455134776,0.5475933890406163,0.38297035064139306,-0.1646230383992232,0.8509236422494154
3.1,0.1821110265349235,0.6403676390833342,-1.232703743250429,0.9575199326430663,-0.0005536077774443982,-7.498011208806332e-06,-0.0077572379765024615,0.012549933190797714,-0.26023076532997735,0.3542424549083454,0.018062345125980202,-0.002316941962909929,0.1821110265349235,0.6403676390833342,-1.232703743250429,0.9575199326430663,-0.0005536077774443982,-7.498011208806332e-06,-0.0077572379765024615,0.012549933190797714,-0.26023076532997735,0.3542424549083454,0.018062345125980202,-0.002316941962909929,0.18106426472568218,1.1476509970781448,-2.497570090316077,1.5702750534650283,0.0,0.0,-0.01991938086473011,0.021691526975654386,-0.04936321714949019,0.014251034862564526,0.007435322536990187,0.0030980510570792446,-0.00104676180924132,0.5072833579948106,-1.2648663470656478,0.6127551208219619,0.0005536077774443982,7.498011208806332e-06,-0.0006657724624525635,0.1380428715425419,-0.1380428715425419,0.1380428715425419,0.00018102835160622522,6.202865296079872e-05,0.18073935518491596,1.2856806766483042,-2.6348117975031577,1.7075193158267203,0.00020004878580546451,5.739116193357963e-05,fuzzy-pid,1.494220037872368,0.2390982706397556,0.0001338619206076262,0.5373100738328884,0.14820821624323544,0.6430286714988651,1.3323014613366073,0.9012223621548183,3.0,0.30266697197414894,0.03668778037225368,0.0508597254653171,2.4978727121899964,1.6801687080243553,-0.8177040041656412,0.45998650507943534,0.30758722198916744,-0.1523992830902679,0.5612268619997554,0.38260091472612845,-0.1786259472736269,0.8507482641500664
3.1500000000000004,0.18108590250624435,0.6403353425809257,-1.2299965049935464,0.9690865957752939,-0.0006436631415098759,1.4181365720844497e-05,-0.012798706726702408,0.006591924847576676,0.037912768000404024,0.26360091732816066,0.0035727151002974064,0.00028546522985451513,0.18108590250624435,0.6403353425809257,-1.2299965049935464,0.9690865957752939,-0.0006436631415098759,1.4181365720844497e-05,-0.012798706726702408,0.006591924847576676,0.037912768000404024,0.26360091732816066,0.0035727151002974064,0.00028546522985451513,0.1800655805070481,1.1477785964581204,-2.5000966379201826,1.5728041073680727,0.0,0.0,-0.020027497104234675,0.023907267495319087,-0.05169067256315616,0.015724903725568992,0.008204297595949038,0.0034184573316454327,-0.0010203219991962442,0.5074432538771947,-1.2701001329266361,0.6037175115927789,0.0006436631415098759,-1.4181365720844497e-05,-0.0006387717153442813,0.13799019688843628,-0.13799019688843628,0.13799019688843628,0.00027108486870716463,5.1228297788676576e-05,0.17975494539000686,1.2857467641719937,-2.637268075482254,1.709975557149062,0.0002533258479817396,5.276901382490233e-05,fuzzy-pid,1.4950348801716447,0.2390070447760423,0.00013145235579496294,0.5367494658252615,0.14808488248155754,0.6424704053275162,1.3316094244018504,0.9000392913913281,3.0,0.3000857266719886,0.036729462935130755,0.05091182866891344,2.493696641049477,1.6784856475957575,-0.8152109934537195,0.45657493561345946,0.30554696502549367,-0.1510279705879658,0.5781902052271615,0.3823810913911757,-0.19580911383598576,0.8518917893775909
3.2,0.18013063763122972,0.640375232882211,-1.229834081099507,0.9814451897639671,-0.0005422028057671113,4.34512895353123e-06,-0.008348642647604444,0.0121722511224223,-0.2608880079852993,0.3542123791165328,0.017725078024089336,-0.0024412660299511467,0.18013063763122972,0.640375232882211,-1.229834081099507,0.9814451897639671,-0.0005422028057671113,4.34512895353123e-06,-0.008348642647604444,0.0121722511224223,-0.2608880079852993,0.3542123791165328,0.017725078024089336,-0.0024412660299511467,0.17906156365024037,1.147997057765254,-2.5027383321418992,1.5754575989462334,0.0,0.0,-0.020132694964925868,0.026099142809284086,-0.05396860397786239,0.01718737534987829,0.008967326269501716,0.0037363859456257162,-0.001069073980989349,0.5076218248830431,-1.2729042510423922,0.5940124091822663,0.0005422028057671113,-4.34512895353123e-06,-0.0006769435562658212,0.1380712379614919,-0.1380712379614919,0.1380712379614919,0.00018523835845791315,7.197701920937384e-05,0.17872720141798265,1.285987912838058,-2.639924196448107,1.7126405169680594,0.00020226023083886975,6.717501786325597e-05,fuzzy-pid,1.4935920890938876,0.23914743988421844,0.00017017693371290776,0.5376758038485668,0.1482886768466847,0.6433546542238892,1.3326985437693541,0.9019479756278524,3.0,0.304250128642587,0.03668410716529645,0.05085513395662056,2.4888327403525095,1.6766757873452427,-0.8121569530072668,0.4532276309955779,0.303478625313639,-0.14974900568193888,0.5917962511559323,0.3823112472427942,-0.20948500391313807,0.8520021407750479
3.25,0.1791011274937948,0.6403445400366969,-1.2271858776357663,0.993227759739491,-0.0006218504701882566,2.7453856143999644e-05,-0.012951967940466878,0.0068218753101591326,0.03615275779829196,0.2689471408912127,0.003853327786806997,0.0003331927048044818,0.1791011274937948,0.6403445400366969,-1.2271858776357663,0.993227759739491,-0.0006218504701882566,2.7453856143999644e-05,-0.012951967940466878,0.0068218753101591326,0.03615275779829196,0.2689471408912127,0.003853327786806997,0.0003331927048044818,0.17805235885847664,1.148305292850904,-2.505492625581099,1.5782342886873908,0.0,0.0,-0.020235021666654324,0.02826412636219805,-0.056194173324662415,0.018636622411451642,0.009723455171192165,0.004051439654663401,-0.0010487686353181647,0.5079607528142072,-1.278306747945333,0.5850065289478998,0.0006218504701882566,-2.7453856143999644e-05,-0.0006526878265419376,0.1379902513697036,-0.1379902513697036,0.1379902513697036,0.0002742586571190952,5.8986196990676e-05,0.17773155362844667,1.2862186363749704,-2.6425932068251288,1.7153285342848354,0.00025625905054903886,6.103340220882099e-05,fuzzy-pid,1.494766334421936,0.23900718214690397,0.00016839892995067216,0.536833381631164,0.14810334395885608,0.6425040720232303,1.3316420039273653,0.9001560649134767,3.0,0.3003405052657671,0.03675393040248494,0.05094241300310617,2.484146459454013,1.6747409133863715,-0.8094055460676415,0.4497324681452513,0.30138320308433375,-0.14834926506091756,0.6087349672614586,0.3823914987622574,-0.22634346849920117,0.8534495932282234
3.3000000000000003,0.17811465983219144,0.6403561874442811,-1.225641922180679,1.0053631155751654,-0.0005822060971842902,3.1416132216133263e-05,-0.01273374083599093,0.006745972780386611,0.02659325376210887,0.27250757812336573,0.0048453365807611315,0.0001907262211275947,0.17811465983219144,0.6403561874442811,-1.225641922180679,1.0053631155751654,-0.0005822060971842902,3.1416132216133263e-05,-0.01273374083599093,0.006745972780386611,0.02659325376210887,0.27250757812336573,0.0048453365807611315,0.0001907262211275947,0.17703810868627645,1.1487020481977703,-2.5083568305030908,1.5811328374537499,0.0,0.0,-0.02033451591896977,0.030399224768224074,-0.058364606849033274,0.020070818116813306,0.01047173119138085,0.004363221329742022,-0.0010765511459149835,0.5083458607534892,-1.2827149083224119,0.5757697218785844,0.0005822060971842902,-3.1416132216133263e-05,-0.0006574969048557577,0.1379968484235747,-0.1379968484235747,0.1379968484235747,0.0002908374386947065,5.812768833725842e-05,0.1767183472431772,1.2865788315597513,-2.6454135609012814,1.7181793979792024,0.00028219284165828957,5.8854116805149065e-05,fuzzy-pid,1.4950870615864496,0.2390186410971767,2.0719160919371892e-05,0.5366841754245849,0.1480705185934087,0.6424868684315613,1.3316447807192688,0.9,3.0,0.3,0.03668417542458493,0.05085521928073116,2.479031547351527,1.672682935206141,-0.8063486121453862,0.44628127196727624,0.29926171166517324,-0.147019560302103,0.6242249882182072,0.38262171211159324,-0.24160327610661392,0.8545086181225224
3.35,0.17711252267888966,0.6403500579292976,-1.2246126164833937,1.0177964047490082,-0.0005426902633542952,3.202755258779888e-05,-0.01301003332017131,0.007291778247165026,0.03871872370471235,0.27370801788056426,0.004462118599679694,0.00014689764329390046,0.17711252267888966,0.6403500579292976,-1.2246126164833937,1.0177964047490082,-0.0005426902633542952,3.202755258779888e-05,-0.01301003332017131,0.007291778247165026,0.03871872370471235,0.27370801788056426,0.004462118599679694,0.00014689764329390046,0.1760189539677157,1.14918590752852,-2.511328122287121,1.5841518056366497,0.0,0.0,-0.02043120781233749,0.032501484262781606,-0.06047720439894377,0.021488139259740052,0.011211203092038284,0.004671334621682621,-0.00109356871117397,0.5088358495992225,-1.2867155058037274,0.5663554008876415,0.0005426902633542952,-3.202755258779888e-05,-0.000658777214499012,0.13799582344216466,-0.13799582344216466,0.13799582344216466,0.0003030181721132589,6.0443764655353464e-05,0.17569971937570683,1.2870310061179513,-2.648346349522285,1.7211555713039115,0.0002978118394995166,6.004635269280236e-05,fuzzy-pid,1.4950955308135723,0.23901688501719473,1.2590688209170755e-05,0.536689869765752,0.14807177134846544,0.642482597675686,1.3316376627928102,0.9,3.0,0.3,0.036689869765751934,0.05086233720718992,2.4736143579103644,1.6705038837805521,-0.8031104741298123,0.44274727989747553,0.29711517699058176,-0.14563210290689377,0.6390127788980274,0.38300150335678995,-0.2560112755412375,0.8554162239859303
3.4000000000000004,0.17611105884931044,0.6403642647710015,-1.2230427693365051,1.0301518240861656,-0.0005123963057340752,3.6077285995528285e-05,-0.012970380972188443,0.006946209689573528,0.025403910088251366,0.2779725943948878,0.004905957055179149,0.0001834781540033287,0.17611105884931044,0.6403642647710015,-1.2230427693365051,1.0301518240861656,-0.0005123963057340752,3.6077285995528285e-05,-0.012970380972188443,0.006946209689573528,0.025403910088251366,0.2779725943948878,0.004905957055179149,0.0001834781540033287,0.17499503424999874,1.1497552947459886,-2.514403543335414,1.5872896524992086,0.0,0.0,-0.020525118714271005,0.034567997074537886,-0.0625293485504499,0.022886769330615737,0.011940923129016904,0.004975384637090377,-0.0011160245993117046,0.5093910299749871,-1.291360773998909,0.557137828413043,0.0005123963057340752,-3.6077285995528285e-05,-0.0006653110619828158,0.13799598052973133,-0.13799598052973133,0.13799598052973133,0.0003118625450542418,6.182128935358188e-05,0.17467222223493867,1.2875712079862778,-2.65138623027943,1.7242531175976827,0.0003083498686655605,6.137755518838701e-05,fuzzy-pid,1.4958261728066171,0.23901718692599072,1.1085382242658215e-05,0.5366889970570482,0.1480715793525506,0.6424832522072139,1.3316387536786898,0.9,3.0,0.3,0.036688997057048194,0.05086124632131024,2.4680017875051177,1.6682059095702821,-0.7997958779348355,0.4391923565548878,0.29494463710567964,-0.14424771944920817,0.6546009147344558,0.3835302391080947,-0.2710706756263611,0.8567147495592589
3.45,0.17509863045429208,0.6403528935779317,-1.222225337594792,1.0427924026505702,-0.00048180600919689454,3.6912695190238765e-05,-0.013369028883048202,0.0078050136712805585,0.04300459318837915,0.2782983052224412,0.004205511808219687,0.00025407552755041794,0.17509863045429208,0.6403528935779317,-1.222225337594792,1.0427924026505702,-0.00048180600919689454,3.6912695190238765e-05,-0.013369028883048202,0.0078050136712805585,0.04300459318837915,0.2782983052224412,0.004205511808219687,0.00025407552755041794,0.17396648823209354,1.1504084772031875,-2.517580007433462,1.590544735706553,0.0,0.0,-0.020616261170737515,0.03659590769429833,-0.06451851352450269,0.02426490167231687,0.012659948698600107,0.005274978624416712,-0.00113214222219854,0.5100555836252558,-1.29535466983867,0.5477523330559828,0.00048180600919689454,-3.6912695190238765e-05,-0.0006684095900479791,0.1379959535231672,-0.1379959535231672,0.1379959535231672,0.0003213446922809311,6.49540187762548e-05,0.17364161454026883,1.2881961250413354,-2.6545285282873294,1.7274687963217108,0.00031809598637708847,6.405990287928786e-05,fuzzy-pid,1.4960396226952049,0.23901716218531305,1.045601137616127e-05,0.5366891470935156,0.14807161236057342,0.6424831396798634,1.3316385661331056,0.9,3.0,0.3,0.03668914709351553,0.0508614338668944,2.462115755433754,1.6657912803984387,-0.7963244750353153,0.4355737173706093,0.292751141664294,-0.1428225757063153,0.6690445028152918,0.3842070375763378,-0.28483746523895404,0.8577081900479959
3.5,0.17408241745542874,0.6403736384953378,-1.2206002269026204,1.0553583142150158,-0.00046329583832216414,4.467994356405214e-05,-0.013154881305333103,0.0073352484262658064,0.024018870800013817,0.2830441169628333,0.004980652433683836,0.0002031446938666236,0.17408241745542874,0.6403736384953378,-1.2206002269026204,1.0553583142150158,-0.00046329583832216414,4.467994356405214e-05,-0.013154881305333103,0.0073352484262658064,0.024018870800013817,0.2830441169628333,0.004980652433683836,0.0002031446938666236,0.17293345420815615,1.1511435693001038,-2.5208543045499843,1.5939153110431077,0.0,0.0,-0.020704638813267763,0.038582419017876686,-0.06644227384946941,0.025620742676177585,0.013367344004962216,0.005569726668734258,-0.0011489632472725941,0.510769930804766,-1.300254077647364,0.5385569968280919,0.00046329583832216414,-4.467994356405214e-05,-0.0006747936895253801,0.13799595573629206,-0.13799595573629206,0.13799595573629206,0.00032896942512313654,6.56660382547681e-05,0.1726043990240403,1.2889036750376306,-2.6577698272865398,1.7308006491649774,0.00032625106543662455,6.526450441089805e-05,fuzzy-pid,1.4971946313827307,0.23901719452406076,9.969968078379415e-06,0.5366891347983775,0.14807160965564306,0.6424831489012169,1.3316385815020282,0.9,3.0,0.3,0.03668913479837751,0.050861418497971884,2.4559928578571766,1.6632623792124928,-0.7927304786446838,0.43191705133625374,0.29053575142135507,-0.14138129991489867,0.6847609719637762,0.3850307700435198,-0.29973020192025635,0.859213871909092
3.5500000000000003,0.17306763027845973,0.6403441859650041,-1.220391860222633,1.0682573896885392,-0.0004172503194195265,4.975572761312108e-05,-0.014059713399295093,0.007042188577344327,0.06024674522731161,0.27870793848610614,0.002973498357938872,0.0007898412510698617,0.17306763027845973,0.6403441859650041,-1.220391860222633,1.0682573896885392,-0.0004172503194195265,4.975572761312108e-05,-0.014059713399295093,0.007042188577344327,0.06024674522731161,0.27870793848610614,0.002973498357938872,0.0007898412510698617,0.17189607051544661,1.1519585364029736,-2.5242231060627285,1.5973995323162602,0.0,0.0,-0.020790246272275843,0.040524798340542345,-0.06829831272486908,0.026952515011231276,0.014062181744990231,0.00585924239374593,-0.0011715597630131136,0.5116143504379695,-1.3038312458400956,0.529142142627721,0.0004172503194195265,-4.975572761312108e-05,-0.0006798824870267538,0.13799595284349783,-0.13799595284349783,0.13799595284349783,0.0003334758629866414,6.47280634934677e-05,0.171563240777325,1.2896917856942611,-2.661106751001305,1.7342467761610627,0.00033166966359913716,6.486217372282527e-05,fuzzy-pid,1.4972368274369279,0.23901720992352038,6.861753710621645e-06,0.5366891508694565,0.14807161319128043,0.6424831368479077,1.3316385614131794,0.9,3.0,0.3,0.0366891508694565,0.050861438586820615,2.449651060791385,1.6606217017325966,-0.7890293590587885,0.42823946676114627,0.2882995377199253,-0.139939929041221,0.6982126198145191,0.38600006274521026,-0.31221255706930884,0.8600158103131249
3.6,0.1720298124519446,0.640378315762602,-1.218367599073721,1.0810139742527483,-0.00042231926555347243,5.2627921247605514e-05,-0.013471798582465343,0.007529192388311561,0.02564198973917852,0.2888835227727488,0.004979546200179036,0.00014362008808888356,0.1720298124519446,0.640378315762602,-1.218367599073721,1.0810139742527483,-0.00042231926555347243,5.2627921247605514e-05,-0.013471798582465343,0.007529192388311561,0.02564198973917852,0.2888835227727488,0.004979546200179036,0.00014362008808888356,0.17085447598641132,1.1528511990803798,-2.527682970394083,1.6009954514456108,0.0,0.0,-0.02087306909717228,0.0424203831812445,-0.07008443004299766,0.028258460879545137,0.014743544806719203,0.006143143669466334,-0.0011753364655332776,0.5124728833177778,-1.3093153713203618,0.5199814771928626,0.00042231926555347243,-5.2627921247605514e-05,-0.0006814550797516249,0.13799599000637988,-0.13799599000637988,0.13799599000637988,0.0003468622401551618,6.94115661504601e-05,0.17052057587432604,1.290558338238635,-2.6645359080506736,1.7378052751292588,0.00034306409601615566,6.82742180435514e-05,fuzzy-pid,1.4991055656205645,0.23901729913528763,1.4269109360911857e-05,0.5366896723944952,0.14807172792678894,0.6424835807463136,1.3316390978361443,0.9000010093916523,3.0,0.3000022023090595,0.03668915852238134,0.05086144815297667,2.4429832271744836,1.6578718539886106,-0.785111373185873,0.42446143776864004,0.2860435819731064,-0.13841785579553362,0.7146050130494863,0.38711329916161696,-0.32749171388786935,0.8618643708693696
3.6500000000000004,0.17100340771369904,0.6403867794848628,-1.2171526012252398,1.0939436741766047,-0.00039756604090301906,5.852622253055273e-05,-0.013536558913341,0.007509020473151101,0.018820092692451287,0.2921657120337491,0.005234340410176342,0.00016721369489048146,0.17100340771369904,0.6403867794848628,-1.2171526012252398,1.0939436741766047,-0.00039756604090301906,5.852622253055273e-05,-0.013536558913341,0.007509020473151101,0.018820092692451287,0.2921657120337491,0.005234340410176342,0.00016721369489048146,0.16980881040457688,1.153819237649145,-2.5312303490383403,1.6047010187369741,0.0,0.0,-0.020953083683926982,0.04426658691549483,-0.07179855002645764,0.029536845290049515,0.015410527977417139,0.006421053323923808,-0.001194597309122164,0.5134324581642822,-1.3140777478131005,0.5107573445603695,0.00039756604090301906,-5.852622253055273e-05,-0.0006903855153773766,0.13799625851021108,-0.13799625851021108,0.13799625851021108,0.0003452696092238626,7.225200011575971e-05,0.16946896263548114,1.2915012066791758,-2.668053932674082,1.7414742767177036,0.00034471823092193586,7.125755459770763e-05,fuzzy-pid,1.5004292285753882,0.2390177883590789,9.51701117906015e-06,0.5366934031837731,0.14807254870043007,0.6424867731429414,1.331642959275612,0.9000082506415916,3.0,0.3000180013998363,0.036689202857144644,0.0508615035714308,2.4361029488841774,1.6550155497482644,-0.7810873991359131,0.4206905565097912,0.2837689751410784,-0.1369215813687128,0.7296517462274469,0.38836862271350747,-0.3412831235139394,0.8633187215211107
3.7,0.16996847057506193,0.6403695600453032,-1.2167589132721899,1.1071562635076866,-0.0003697114851441974,5.9342840330156577e-05,-0.01405825311238148,0.008442229401062387,0.045377631506583326,0.29180794933925736,0.004121837192006071,0.0004060959492235925,0.16996847057506193,0.6403695600453032,-1.2167589132721899,1.1071562635076866,-0.0003697114851441974,5.9342840330156577e-05,-0.01405825311238148,0.008442229401062387,0.045377631506583326,0.29180794933925736,0.004121837192006071,0.0004060959492235925,0.1687592149638641,1.154860197021591,-2.534861592960386,1.6085140833403488,0.0,0.0,-0.021030257210815164,0.04606090419654537,-0.07343872844110007,0.03078595934282156,0.01606223965712429,0.006692599857135122,-0.0012092556111978348,0.5144906369762878,-1.318102679688196,0.5013578198326623,0.0003697114851441974,-5.9342840330156577e-05,-0.0006948021269347532,0.13799822874331524,-0.13799822874331524,0.13799822874331524,0.00034878785441406774,7.596543038618968e-05,0.1684155502865673,1.2925191209934737,-2.6716583494462967,1.745252803242174,0.00034777044854103473,7.478846143906917e-05,fuzzy-pid,1.5011517430799983,0.23902121994205172,7.570966034446431e-06,0.5367204995868707,0.14807850990911156,0.6425100874159134,1.331671186975045,0.9000609981501903,3.0,0.3001330868731424,0.03668944598313745,0.0508618074789218,2.4289971196975375,1.6520556078389976,-0.7769415118585399,0.4168750855169389,0.2814768172035204,-0.1353982683134185,0.7434372531012965,0.389763939858484,-0.3536733132428125,0.8643237914181552
3.75,0.16892427494850626,0.640394488507197,-1.2151721625604086,1.120301072295283,-0.0003648055054279453,6.957986472366784e-05,-0.01369209775123921,0.008006398356386227,0.019234195578654988,0.2971606378954724,0.00527611992122712,0.0001805372566110502,0.16892427494850626,0.640394488507197,-1.2151721625604086,1.120301072295283,-0.0003648055054279453,6.957986472366784e-05,-0.01369209775123921,0.008006398356386227,0.019234195578654988,0.2971606378954724,0.00527611992122712,0.0001805372566110502,0.16770583273089357,1.1559714918443005,-2.53857295934361,1.6124323938911638,0.0,0.0,-0.021104547583155168,0.04780091614533361,-0.07500315934553363,0.032004123515318054,0.016697803573209425,0.006957418155503927,-0.0012184422176126919,0.5155770033371034,-1.3234007967832015,0.4921313215958807,0.0003648055054279453,-6.957986472366784e-05,-0.0006997670517580512,0.13799893930128054,-0.13799893930128054,0.13799893930128054,0.0003552483029739082,7.670740712428316e-05,0.16735843683099347,1.2936076036075541,-2.675343511345242,1.7491367007048768,0.0003533788393656898,7.622767070297967e-05,fuzzy-pid,1.503131456499411,0.2390224748933567,8.273637739312172e-06,0.5367357720894192,0.14808186985967225,0.6425206795632729,1.3316834702467828,0.9000876477949132,3.0,0.30019123155253796,0.036691151393827025,0.05086393924228378,2.421534042055335,1.6489949493661167,-0.7725390926892184,0.41299167136806453,0.2791682166276705,-0.13382345474039403,0.7591164191477473,0.3912969235824496,-0.3678194955652977,0.86603495777575
3.8000000000000003,0.16788415033884707,0.640402342146988,-1.2141410047079706,1.1335678332683203,-0.00034514989329625934,7.617036157903101e-05,-0.013806067769106829,0.008101828522733175,0.014250729274501188,0.3001868981620312,0.005465594010001356,0.0001314542069863506,0.16788415033884707,0.640402342146988,-1.2141410047079706,1.1335678332683203,-0.00034514989329625934,7.617036157903101e-05,-0.013806067769106829,0.008101828522733175,0.014250729274501188,0.3001868981620312,0.005465594010001356,0.0001314542069863506,0.1666488091098113,1.1571504119170757,-2.5423606186629293,1.6164535993342226,0.0,0.0,-0.021175903387919807,0.04948429529056613,-0.07649018134013637,0.033189690941565084,0.01731636049125135,0.007215150204688061,-0.0012353412290357635,0.5167480697700877,-1.3282196139549587,0.4828857660659023,0.00034514989329625934,-7.617036157903101e-05,-0.0007078958706184518,0.13799993079409514,-0.13799993079409514,0.13799993079409514,0.00035453050211086453,7.915326792621735e-05,0.166295294137143,1.2947646579352665,-2.679106289929079,1.7531243227724573,0.00035424258642457085,7.842186862040793e-05,fuzzy-pid,1.5047844445544847,0.23902421586777672,8.690474279971282e-06,0.5367511125655109,0.1480852447644124,0.6425330889712257,1.3316983272018914,0.9001165557526316,3.0,0.30025430346028714,0.03669177509144379,0.05086471886430474,2.413883159939738,1.6458365948300164,-0.7680465651097217,0.40910350421125075,0.2768442898322807,-0.13225921437897004,0.7738357423003794,0.39296501728044253,-0.3808707250199369,0.8674390671062704
3.85,0.16683743516553706,0.640407991036537,-1.2132283194113995,1.1469396372711245,-0.0003288934988527892,8.170560085085654e-05,-0.013961634938564359,0.008271493310729915,0.01233432993252874,0.3030043970552463,0.005529050642838602,0.00011251027114411967,0.16683743516553706,0.640407991036537,-1.2132283194113995,1.1469396372711245,-0.0003288934988527892,8.170560085085654e-05,-0.013961634938564359,0.008271493310729915,0.01233432993252874,0.3030043970552463,0.005529050642838602,0.00011251027114411967,0.1655882923091172,1.158394127879328,-2.5462206620570127,1.620575249929979,0.0,0.0,-0.021244263859175723,0.05110881024128345,-0.07789828328042689,0.034341050674815236,0.0179170699172949,0.007465445798872877,-0.0012491428564198603,0.5179861368427909,-1.3329923426456132,0.47363561265885457,0.0003288934988527892,-8.170560085085654e-05,-0.0007140419454919022,0.13800131702195867,-0.13800131702195867,0.13800131702195867,0.00035577150947799176,8.189235230169982e-05,0.16522951130700472,1.2959877481597815,-2.682943056791498,1.7572135059070677,0.0003553892787146365,8.102473138137685e-05,fuzzy-pid,1.5064894929260213,0.23902663791931156,7.251331044724103e-06,0.5367725374952279,0.14808995824895016,0.6425504297336263,1.3317190902708402,0.9001569408137935,3.0,0.30034241632100384,0.03669264035366042,0.05086580044207552,2.4059923423995646,1.6425836611453113,-0.7634086812542533,0.405175906579879,0.2745061606477268,-0.1306697459321522,0.7883304471646994,0.3947654390203664,-0.39356500814433293,0.8687697121516037
3.9000000000000004,0.1657856830457498,0.6404128803690883,-1.2123733693158014,1.1604237780579139,-0.00031411717334739464,8.727562946253542e-05,-0.014084098123756961,0.008428774389024521,0.010814057975672373,0.3058494237578267,0.0056131322813791715,0.0001020922377748001,0.1657856830457498,0.6404128803690883,-1.2123733693158014,1.1604237780579139,-0.00031411717334739464,8.727562946253542e-05,-0.014084098123756961,0.008428774389024521,0.010814057975672373,0.3058494237578267,0.0056131322813791715,0.0001020922377748001,0.16452443380992965,1.1596996971496878,-2.550149108972089,1.6247947984429256,0.0,0.0,-0.021309558855377924,0.05267233007529115,-0.07922610942170315,0.035456630923680996,0.018499111786268344,0.007707963244278478,-0.001261249235820161,0.5192868167805995,-1.3377757396562875,0.46437102038501177,0.00031411717334739464,-8.727562946253542e-05,-0.0007191849147506502,0.13800316965705303,-0.13800316965705303,0.13800316965705303,0.0003577543347777866,8.43890571517748e-05,0.16416131449813542,1.2972740871450008,-2.686849973169731,1.7614018525517507,0.00035716307076199904,8.354797570917533e-05,fuzzy-pid,1.5082920371415944,0.23902986600590043,6.8492360488534305e-06,0.536801332175965,0.1480962930787123,0.6425736689236378,1.3317469008591831,0.9002111372100798,3.0,0.30046066300381047,0.03669384414174255,0.05086730517717819,2.397844712140095,1.6392393585648166,-0.7586053535752784,0.4012108217453552,0.2721549597725341,-0.1290558619728211,0.8027086571398332,0.39669518618250554,-0.40601347095732765,0.870048525417656
3.95,0.1647302057295179,0.6404172608253633,-1.2115693711440416,1.1740260859931482,-0.00029939210716856124,9.289354922703552e-05,-0.014189663044117697,0.008574338309230893,0.009311836319980869,0.30874093463087554,0.005706704223573788,8.88338172799782e-05,0.1647302057295179,0.6404172608253633,-1.2115693711440416,1.1740260859931482,-0.00029939210716856124,9.289354922703552e-05,-0.014189663044117697,0.008574338309230893,0.009311836319980869,0.30874093463087554,0.005706704223573788,8.88338172799782e-05,0.1634573888350662,1.1610640701031854,-2.5541419150481226,1.6291096015121125,0.0,0.0,-0.021371708849612984,0.05417282842794303,-0.08047246396403299,0.03653490225125505,0.01906168813108959,0.007942370054620663,-0.001272816894451717,0.520646809277822,-1.342572543904081,0.4550835155189643,0.00029939210716856124,-9.289354922703552e-05,-0.0007240040150185192,0.13800552130887847,-0.13800552130887847,0.13800552130887847,0.00035964304012550317,8.667759124561511e-05,0.1630903672395696,1.2986207153452982,-2.6908230705601834,1.7656868052536807,0.00035902304778462715,8.589518736150517e-05,fuzzy-pid,1.5101910011919168,0.23903395736409674,6.972741390959667e-06,0.5368381426761655,0.14810439138875642,0.6426032708740758,1.3317823017165007,0.9002802919443075,3.0,0.3006115460603072,0.03669544859542703,0.05086931074428379,2.389433455317318,1.6358069875114167,-0.7536264678059013,0.3972112953017178,0.26979182422658116,-0.12741947107513663,0.8169838527258857,0.39875104046708776,-0.41823281225879794,0.8712676166578037
4.0,0.1636714222935871,0.6404212758406391,-1.2108170953679611,1.187750457212526,-0.000284549952753288,9.845673433250823e-05,-0.01429189875894496,0.008712275164058,0.007771920518529095,0.31167182830529994,0.005797128646012463,7.253521223660341e-05,0.1636714222935871,0.6404212758406391,-1.2108170953679611,1.187750457212526,-0.000284549952753288,9.845673433250823e-05,-0.01429189875894496,0.008712275164058,0.007771920518529095,0.31167182830529994,0.005797128646012463,7.253521223660341e-05,0.16238731681826477,1.162484096468957,-2.558194980216644,1.6335169212039553,0.0,0.0,-0.021430624933951786,0.05560838726693589,-0.08163631496897902,0.037574380726244215,0.019604024726736106,0.008168343636140045,-0.0012841054753223446,0.5220628206283178,-1.347377884848683,0.4457664639914294,0.000284549952753288,-9.845673433250823e-05,-0.0007286446425719118,0.13800839592183994,-0.13800839592183994,0.13800839592183994,0.0003613043162374867,8.883339901867769e-05,0.16201659594166204,1.3000245481294221,-2.694858299743909,1.7700656891577666,0.00036073399912427183,8.809884610438456e-05,fuzzy-pid,1.5121792993128838,0.23903895370829176,7.330277525357378e-06,0.5368833851504807,0.14811434473310575,0.64263955340971,1.331825669103634,0.900365166483327,3.0,0.30079672687271336,0.03669748221351416,0.0508718527668927,2.380754994155694,1.6322899353209464,-0.7484650588347475,0.3931787096797282,0.2674178968012477,-0.12576081287848045,0.8311540843357842,0.40092957326154377,-0.4302245110742404,0.8724155295966638
