time,q1,q2,q3,q4,q5,q6,qdot1,qdot2,qdot3,qdot4,qdot5,qdot6,q_obs1,q_obs2,q_obs3,q_obs4,q_obs5,q_obs6,qdot_obs1,qdot_obs2,qdot_obs3,qdot_obs4,qdot_obs5,qdot_obs6,q_ref1,q_ref2,q_ref3,q_ref4,q_ref5,q_ref6,qdot_ref1,qdot_ref2,qdot_ref3,qdot_ref4,qdot_ref5,qdot_ref6,error1,error2,error3,error4,error5,error6,correction1,correction2,correction3,correction4,correction5,correction6,target1,target2,target3,target4,target5,target6,controller,error_norm,correction_norm,smoothness,fuzzy_severity,fuzzy_exploration_scale,fuzzy_expert_blend,fuzzy_kp_multiplier,fuzzy_kd_multiplier,reward_error_weight,reward_velocity_weight,reward_effort_weight,reward_smoothness_weight,x,x_ref,x_error,y,y_ref,y_error,z,z_ref,z_error,cartesian_error_norm
0.0,0.0,0.0,0.0,0.0,0.0,0.0,0.0,0.0,0.0,0.0,0.0,0.0,0.0,0.0,0.0,0.0,0.0,0.0,0.0,0.0,0.0,0.0,0.0,0.0,0.0,0.0,-0.0,0.0,0.0,0.0,0.0,0.0,0.0,0.0,0.0,0.0,0.0,0.0,-0.0,0.0,0.0,0.0,0.0,0.0,0.0,0.0,0.0,0.0,0.0,0.0,0.0,0.0,0.0,0.0,fuzzy-pid,0.0,0.0,0.0,0.0,0.03,0.2,0.8,0.9,1.0,0.3,0.02,0.03,2.95,2.95,0.0,0.0,0.0,0.0,0.0,0.0,0.0,0.0
0.05,0.0,0.0,0.0,0.0,0.0,0.0,0.0,0.0,0.0,0.0,0.0,0.0,0.0,0.0,0.0,0.0,0.0,0.0,0.0,0.0,0.0,0.0,0.0,0.0,4.7269168673067556e-05,0.019815050858920807,-0.04439134857809458,0.024662260385868835,0.0,0.0,0.0027660432318404545,0.717224344091673,-1.2950443593126626,0.2796374394325434,0.14589779448654436,0.06079074770272682,4.7269168673067556e-05,0.019815050858920807,-0.04439134857809458,0.024662260385868835,0.0,0.0,2.9671948016385467e-05,0.009894176860887772,-0.02037253402376807,0.008788145266054537,0.0008392485672075268,0.0003496869030031362,5.770583751708976e-05,0.022281920789856434,-0.048572911951396985,0.02508780423894253,0.0006294364254056451,0.00026226517725235214,fuzzy-pid,0.0545110758547125,0.024310365588233802,0.024310365588233802,0.029892518989795454,0.036576354177755,0.22615595411607103,0.8317608014266578,0.9587174480156697,1.0,0.42811079567055194,0.02,0.03,2.95,2.949562095155122,-0.00043790484487837844,0.0,0.0001394233482914153,0.0001394233482914153,0.0,0.0002535522241900174,0.0002535522241900174,0.0005248697491839769
0.1,1.6029399310302714e-05,0.006189422441626787,-0.013492475542054719,0.006968834510817371,0.00017484345150156809,7.285143812565338e-05,0.00032058798620605427,0.12378844883253574,-0.2698495108410944,0.1393766902163474,0.0034968690300313616,0.0014570287625130674,1.6029399310302714e-05,0.006189422441626787,-0.013492475542054719,0.006968834510817371,0.00017484345150156809,7.285143812565338e-05,0.00032058798620605427,0.12378844883253574,-0.2698495108410944,0.1393766902163474,0.0034968690300313616,0.0014570287625130674,0.00035076705857602075,0.054130968010197344,-0.120389147941528,0.06689084968593467,0.0,0.0,0.009988873936732014,0.9523690225445506,-1.7028990787371607,0.3716681578084934,0.19391382146530087,0.08079742561054201,0.000334737659265718,0.047941545568570554,-0.10689667239947327,0.059922015175117305,-0.00017484345150156809,-7.285143812565338e-05,0.00020597630910636845,0.026969484393884476,-0.05534337257321102,0.024276516995576314,0.0021728578079881246,0.0009053574199950515,0.00043198398514106436,0.06639581950052546,-0.1439426183739035,0.07464747607086887,0.0017870024623425048,0.0007445843593093767,fuzzy-pid,0.13159060069433426,0.06622065133353279,0.041911021242481764,0.18980188121817138,0.07175641386799769,0.36607664606589996,1.001664498794307,1.272825123821408,1.0,1.113436633792163,0.02,0.03,2.9499594753691314,2.9467794492108306,-0.0031800261583008194,4.728607838395283e-05,0.0010336332020638417,0.0009863471236798889,8.575993294830692e-05,0.001864338594443094,0.0017785786614947872,0.0037747568227627123
0.15000000000000002,0.00013157233981884761,0.0229134216246542,-0.04972862632867939,0.025768457166387235,0.0006226653989573838,0.0002594439162322432,0.002310858810170898,0.3344799836605482,-0.7247230157324934,0.37599245311139723,0.008956438949116314,0.0037318495621317966,0.00013157233981884761,0.0229134216246542,-0.04972862632867939,0.025768457166387235,0.0006226653989573838,0.0002594439162322432,0.002310858810170898,0.3344799836605482,-0.7247230157324934,0.37599245311139723,0.008956438949116314,0.0037318495621317966,0.0010960783990391146,0.09603020386102631,-0.21175499069415307,0.11768526965686205,0.0,0.0,0.020214077320969023,1.091916168601622,-1.930113343754218,0.4271035043172929,0.22283661094815282,0.09284858789506367,0.000964506059220267,0.07311678223637211,-0.16202636436547369,0.09191681249047481,-0.0006226653989573838,-0.0002594439162322432,0.0005853399065166518,0.041973969261650215,-0.08541862093383817,0.0377994845319505,0.0032993858123420198,0.001374744088475841,0.001369059725452091,0.12010208471713878,-0.2588658633144693,0.13527543465932662,0.0029212899748421407,0.001217204156184225,fuzzy-pid,0.20012169374604646,0.10246987078918127,0.03625133221025716,0.2662540623852527,0.08857589372475558,0.43297230458709607,1.082894941284331,1.4074140120660805,1.0305161603733317,1.4070851172350847,0.02,0.03,2.9494495324902603,2.94003775142023,-0.00941178107003049,0.00038806597840665614,0.003222513162187408,0.002834447183780752,0.0006965243437712993,0.005763904359640641,0.005067380015869342,0.011058664203829453
0.2,0.00047531883582808184,0.0499102724836777,-0.1078223032691766,0.05618706202553707,0.0012611722255920386,0.0005254884273300159,0.006874929920184685,0.5399370171804699,-1.1618735388099442,0.6083720971829967,0.012770136532693094,0.005320890221955455,0.00047531883582808184,0.0499102724836777,-0.1078223032691766,0.05618706202553707,0.0012611722255920386,0.0005254884273300159,0.006874929920184685,0.5399370171804699,-1.1618735388099442,0.6083720971829967,0.012770136532693094,0.005320890221955455,0.002401337945855211,0.1426326777925002,-0.3116559258777379,0.1732819264706442,0.0,0.0,0.03219500545411896,1.1749593912443075,-2.0515228407204873,0.46140389772294976,0.24073246837719117,0.10030519515716296,0.001926019110027129,0.09272240530882249,-0.20383362260856128,0.11709486444510712,-0.0012611722255920386,-0.0005254884273300159,0.0011422314382799137,0.05261129538670396,-0.10614542025693761,0.047706141942967704,0.003939413408838813,0.0016414222536828384,0.0029999419694643663,0.17645850106368782,-0.378067475429624,0.19955990997504058,0.003684882550339645,0.001535367729308185,fuzzy-pid,0.2527100585146603,0.1277896418359122,0.025331515135819924,0.32332322498501026,0.10113110949670226,0.48290782186188397,1.1435309265465734,1.4216124378184654,1.2222118262418558,1.4380635006948335,0.02,0.03,2.9474124051105797,2.9284259580532828,-0.018986447057296907,0.001400960738607826,0.007032153891499438,0.005631193152891612,0.0024901833045732694,0.012471335682986922,0.009981152378413653,0.02217699057550019
0.25,0.0011766030396159386,0.0850625582003472,-0.1678223032691766,0.09601285312262138,0.0019344250935774848,0.0008060104556572851,0.014025684075757137,0.7030457143333897,-1.2,0.7965158219416861,0.013465057359708925,0.005610440566545384,0.0011766030396159386,0.0850625582003472,-0.1678223032691766,0.09601285312262138,0.0019344250935774848,0.0008060104556572851,0.014025684075757137,0.7030457143333897,-1.2,0.7965158219416861,0.013465057359708925,0.005610440566545384,0.004326938627209122,0.1920159036534223,-0.4156706817347157,0.23126221928195242,0.0,0.0,0.04486201477038717,1.2169695276039825,-2.0983243516193224,0.48064439338894527,0.2507709878551018,0.10448791160629244,0.0031503355875931835,0.10695334545307511,-0.24784837846553912,0.13524936615933103,-0.0019344250935774848,-0.0008060104556572851,0.0018781898450038622,0.061234903829294834,-0.1314240597082463,0.0559968486737869,0.004320399054557674,0.001800166272732364,0.00540383184652583,0.2340527308779598,-0.5048379249396274,0.2653342784605646,0.004161519928503167,0.0017339666368763192,fuzzy-pid,0.30195122805796715,0.15550909305332808,0.027978992792434307,0.40241177156881297,0.11853058974513886,0.5521103001227113,1.227562507291864,1.4261666814892933,1.5174811436772382,1.448000032340276,0.02,0.03,2.9435235771354087,2.911635667185211,-0.031887909950197635,0.0034633603862581196,0.012598547461807743,0.009135187075549623,0.035430414923597234,0.022150731801545774,-0.01327968312205146,0.035730105341564566
0.30000000000000004,0.002350833263757575,0.12644871727746182,-0.2278223032691766,0.14304658238316117,0.0025530625477235076,0.0010637760615514612,0.023484604482832728,0.8277231815422923,-1.2,0.9406745852107959,0.01237274908292046,0.005155312117883523,0.002350833263757575,0.12644871727746182,-0.2278223032691766,0.14304658238316117,0.0025530625477235076,0.0010637760615514612,0.023484604482832728,0.8277231815422923,-1.2,0.9406745852107959,0.01237274908292046,0.005155312117883523,0.006883355083707029,0.24268197827603658,-0.5205346273976317,0.2898484371939183,0.0,0.0,0.057281236591351085,1.2260487762535845,-2.0877115620198268,0.48785053316469035,0.2545307129554906,0.10605446373145444,0.004532521819949454,0.11623326099857476,-0.29271232412845505,0.1468018548107571,-0.0025530625477235076,-0.0010637760615514612,0.002749465741882509,0.06777902946395693,-0.1386496374525516,0.062425859021041835,0.004501536504850591,0.0018756402103544132,0.008575573580823611,0.2913589385244851,-0.6205976798725443,0.3305392917763612,0.004416532360763735,0.0018402218169848896,fuzzy-pid,0.34751928541715954,0.16657145041778293,0.011711718784448039,0.4886618327006881,0.1375056031941514,0.627579103613102,1.319203197244481,1.426701801805244,1.8481643599993713,1.4491675675750777,0.02,0.03,2.9368246767815114,2.8898630886869587,-0.04696158809455264,0.00690399785813054,0.019892267952768907,0.012988270094638366,0.09485815739236056,0.034668669382175894,-0.060189488010184665,0.07743939813390771
0.35000000000000003,0.004079927796275918,0.17225711206830163,-0.28782230326917657,0.19512789054793897,0.0030706930513457933,0.0012794554380607468,0.03458189065036687,0.9161678958167959,-1.2,1.0416261632955557,0.010352610072445707,0.004313587530185714,0.004079927796275918,0.17225711206830163,-0.28782230326917657,0.19512789054793897,0.0030706930513457933,0.0012794554380607468,0.03458189065036687,0.9161678958167959,-1.2,1.0416261632955557,0.010352610072445707,0.004313587530185714,0.01003699229739827,0.29336912730084624,-0.6236705888122392,0.3476369137089222,0.0,0.0,0.06861881059552241,1.2071931011274348,-2.030724412943484,0.48468307665094645,0.2528781269483199,0.10536588622846663,0.005957064501122353,0.12111201523254461,-0.3358482855430627,0.15250902316098322,-0.0030706930513457933,-0.0012794554380607468,0.003673539204243112,0.07179463037619344,-0.14454881611210402,0.06638670729710866,0.00452643719149222,0.0018860154964550923,0.012426792021436942,0.346712552888901,-0.7313139736613936,0.39315253869861344,0.004498960983810099,0.0018745670765875418,fuzzy-pid,0.3882882254986933,0.17462406671018627,0.00821391003507409,0.5673175481613871,0.15480986059550517,0.6964028546412138,1.4027748949214738,1.4224002152392414,2.159109029522904,1.4397822877947084,0.02,0.03,2.926026040992785,2.8637136740843823,-0.062312366908402694,0.011938041216805712,0.028744037331630688,0.016805996114824976,0.1727157062121704,0.04965124599213795,-0.12306446022003244,0.13896090797194316
0.4,0.006398501192153981,0.22071695674069036,-0.34782230326917657,0.2501347372564596,0.0034674341436969893,0.0014447642265404122,0.04637146791756125,0.9691968934477744,-1.2,1.1001369341704137,0.007934821847023921,0.0033061757695933055,0.006398501192153981,0.22071695674069036,-0.34782230326917657,0.2501347372564596,0.0034674341436969893,0.0014447642265404122,0.04637146791756125,0.9691968934477744,-1.2,1.1001369341704137,0.007934821847023921,0.0033061757695933055,0.01371458524215487,0.34296909756184324,-0.7229667164903815,0.40346948242600916,0.0,0.0,0.07811983259855101,1.1639097881434581,-1.9352615061560732,0.4721065817552126,0.2463164774375022,0.10263186559895927,0.007316084050000889,0.12225214082115288,-0.3751444132212049,0.15333474516954954,-0.0034674341436969893,-0.0014447642265404122,0.0045471281324681425,0.07301473004571839,-0.14913650139131543,0.06755824893907345,0.00442672755087969,0.001844469812866538,0.016802983036326494,0.3986660089278965,-0.8369059068266211,0.4515589331984653,0.004444785909112292,0.001851994128796789,fuzzy-pid,0.42338882402784994,0.17938962681983078,0.004968182254637888,0.6284866852175391,0.1682670707478586,0.7499258495653467,1.4677671030436352,1.4109739182420635,2.4167481102228585,1.414852185255411,0.02,0.03,2.910230471979774,2.834109447066897,-0.07612102491287676,0.018621367269765404,0.0388710727126794,0.020249705442913997,0.2610682507518567,0.0665403067057801,-0.1945279440460766,0.2098703933838813
0.45,0.009288635037757457,0.27014724901491427,-0.40782230326917657,0.30608590279590564,0.0037389207452012403,0.00155788364383385,0.05780267691206952,0.9886058454844786,-1.2,1.1190233107889205,0.005429732030085016,0.0022623883458687604,0.009288635037757457,0.27014724901491427,-0.40782230326917657,0.30608590279590564,0.0037389207452012403,0.00155788364383385,0.05780267691206952,0.9886058454844786,-1.2,1.1190233107889205,0.005429732030085016,0.0022623883458687604,0.017807026818546325,0.3904886153693956,-0.8166591662926157,0.4563644576962212,0.0,0.0,0.08510712609648419,1.0989888957292469,-1.8075149290897186,0.45073917646688594,0.23516826598272308,0.09798677749280131,0.008518391780788868,0.12034136635448134,-0.40883686302343913,0.15027855490031555,-0.0037389207452012403,-0.00155788364383385,0.00526679217397913,0.07147049996918978,-0.15197546342252227,0.06603014531639152,0.004215869404304276,0.001756612251793449,0.021506110003475715,0.4461358387359131,-0.9357024489930088,0.5046856855590759,0.004273098530506281,0.001780457721044284,fuzzy-pid,0.45199805156013073,0.1805911190509692,0.003653703472807025,0.666488827963849,0.1766275421520468,0.7831063603644642,1.5080428231021883,1.3882720913418747,2.6071924181817754,1.36532092656409,0.020043916371632973,0.030054895464541216,2.8893202267094384,2.8021990514896835,-0.08712117521975493,0.026838612964798746,0.04990410847360302,0.023065495508804275,0.3524337599201013,0.08464847853491494,-0.2677852813851863,0.282543931418251
0.5,0.012682378083790306,0.3190329683818584,-0.46782230326917656,0.3612525091190085,0.003887303463341529,0.001619709776392304,0.06787486092065699,0.9777143873388825,-1.2,1.103332126462057,0.0029676543628057803,0.0012365226511690773,0.012682378083790306,0.3190329683818584,-0.46782230326917656,0.3612525091190085,0.003887303463341529,0.001619709776392304,0.06787486092065699,0.9777143873388825,-1.2,1.103332126462057,0.0029676543628057803,0.0012365226511690773,0.022173680218426195,0.43503369309832673,-0.9032683868591407,0.5054790050687394,0.0,0.0,0.0890019695731817,1.0149434056170583,-1.6527657932800541,0.42108156527254803,0.21969472970741638,0.0915394707114235,0.00949130213463589,0.11600072471646833,-0.4354460835899641,0.14422649594973092,-0.003887303463341529,-0.001619709776392304,0.005748923225768393,0.0674754032165853,-0.15290411917029395,0.062226465102078285,0.0038960045186792617,0.0016233352161163597,0.02631848008401487,0.48841578192016233,-1.0260549917703283,0.5519505240178822,0.003990278021636017,0.001662615842348341,fuzzy-pid,0.47326373343697953,0.1784813627364875,0.005625274162002458,0.6790123326442753,0.17938271318174057,0.7939968326743551,1.5212528549573399,1.3493611594933816,2.7313889945870695,1.28042434798556,0.020085512855006597,0.030106891068758246,2.8640279899808845,2.769270509831249,-0.09475748014963559,0.036324633349914814,0.061414984397924324,0.02509035104800951,0.4402286778596489,0.10321266142474626,-0.33701601643490264,0.3509819099236761
0.55,0.016470184194963797,0.36608374992027615,-0.5278223032691766,0.4142241799242512,0.00391590750731222,0.0016316281280467587,0.07575612222346981,0.9410156307683551,-1.2,1.059433416104854,0.0005720808794138194,0.00023836703308909425,0.016470184194963797,0.36608374992027615,-0.5278223032691766,0.4142241799242512,0.00391590750731222,0.0016316281280467587,0.07575612222346981,0.9410156307683551,-1.2,1.059433416104854,0.0005720808794138194,0.00023836703308909425,0.026648266117247847,0.47580825762233975,-0.9815668773902991,0.5500910155474243,0.0,0.0,0.08936594721160529,0.914301142532765,-1.475882845268058,0.3836931691560281,0.20018774042923207,0.08341155851218003,0.01017808192228405,0.1097245077020636,-0.45374457412112257,0.13586683562317314,-0.00391590750731222,-0.0016316281280467587,0.005946069125145432,0.06156129154604017,-0.15202554325166973,0.056746434929176734,0.00347732774526779,0.0014488865605282461,0.03102537145279868,0.5251311073563255,-1.1067080634240587,0.5931157188619214,0.003605565314359846,0.0015023188809832697,fuzzy-pid,0.4863177901852288,0.17369877119170257,0.008125511200659796,0.6670805098261826,0.17675771216176017,0.7836604290347621,1.5087232097158394,1.2918156218308563,2.798419960578289,1.1548704476309588,0.020021548961937117,0.030026936202421393,2.8357542316001045,2.7366666613447457,-0.09908757025535886,0.04670961819464406,0.07294468902266765,0.026235070828023593,0.5190856538443138,0.12144565180465415,-0.39764000203965966,0.4106387667312508
0.6000000000000001,0.020513291766584597,0.41026357143028985,-0.5878223032691765,0.46391627407360403,0.003829701342603227,0.001595708892751345,0.08086215143241601,0.8835964302002742,-1.2,0.9938418829870566,-0.0017241232941798534,-0.0007183847059082722,0.020513291766584597,0.41026357143028985,-0.5878223032691765,0.46391627407360403,0.003829701342603227,0.001595708892751345,0.08086215143241601,0.8835964302002742,-1.2,0.9938418829870566,-0.0017241232941798534,-0.0007183847059082722,0.03104728664155404,0.512123265397409,-1.050567820101976,0.589595024083629,0.0,0.0,0.08595949229021595,0.7998248683253167,-1.2816767408782856,0.3393398389057273,0.17704687247255335,0.07376953019689722,0.010533994874969442,0.10185969396711919,-0.4627455168327994,0.12567875001002493,-0.003829701342603227,-0.001595708892751345,0.0058548129592075225,0.05437954739804014,-0.1496735819902393,0.05018737975329418,0.0029983725630705568,0.001249321901279399,0.03543291756377084,0.5561598864356683,-1.176858067425176,0.6281157325931727,0.003150170750892879,0.0013125711462053666,fuzzy-pid,0.4903387979298416,0.16710152388752544,0.010020375611246819,0.6356477598698579,0.16984250717136873,0.7561917898861257,1.475375744861724,1.220380148355523,2.8174813034187087,0.9990112327756866,0.02,0.03,2.8062506888289636,2.705703225680827,-0.10054746314813645,0.05757351492842109,0.08403174570242572,0.02645823077400463,0.5849633973550132,0.13858560491025174,-0.4463777924447615,0.45832626360386
0.65,0.024657632265802996,0.45079032559845056,-0.6478223032691766,0.5095272347734842,0.003640942844905908,0.0015170595187107955,0.082886809984368,0.8105350833632134,-1.2,0.9122192139976035,-0.003775169953946378,-0.0015729874808109911,0.024657632265802996,0.45079032559845056,-0.6478223032691766,0.5095272347734842,0.003640942844905908,0.0015170595187107955,0.082886809984368,0.8105350833632134,-1.2,0.9122192139976035,-0.003775169953946378,-0.0015729874808109911,0.03518162334561081,0.5434144410309907,-1.1095296895152746,0.6235097258898623,0.0,0.0,0.07880851677228105,0.6746997401908065,-1.075196755628264,0.2891211539870456,0.150845819471502,0.06285242477979251,0.010523991079807817,0.09262411543254012,-0.4617073862460981,0.11398249111637815,-0.003640942844905908,-0.0015170595187107955,0.0055111742643212435,0.04658040212783327,-0.1464369130229067,0.043031787187743545,0.002525739693206888,0.0010523915388362033,0.03937782759839176,0.5815361039780351,-1.23618946875993,0.6569350679564976,0.002681847457628386,0.001117436440678494,fuzzy-pid,0.4846351801897902,0.15969689413811658,0.011085370939395685,0.5924921736387564,0.1603482782005264,0.7184306519339119,1.4295229344911786,1.1495356870629054,2.7902147071587584,0.8444414990463391,0.02,0.03,2.777291319029634,2.6775894146646984,-0.09970190436493587,0.06849531029182444,0.09424082755834862,0.025745517266524173,0.6350563847773748,0.15394307506875057,-0.4811133097086242,0.4920094695959645
0.7000000000000001,0.02874657541374432,0.4871085973705574,-0.7078223032691766,0.550473855102099,0.003374527459551041,0.0014060531081462673,0.08177886295882646,0.7263654354421365,-1.2,0.8189324065722968,-0.005328307707097346,-0.002220128211290564,0.02874657541374432,0.4871085973705574,-0.7078223032691766,0.550473855102099,0.003374527459551041,0.0014060531081462673,0.08177886295882646,0.7263654354421365,-1.2,0.8189324065722968,-0.005328307707097346,-0.002220128211290564,0.038871415002510956,0.5692678303580077,-1.157975639000836,0.6514963422296988,0.0,0.0,0.06826664008930988,0.5427159054807612,-0.8620353969669613,0.23457993035158917,0.12238952887908999,0.05099563703295417,0.010124839588766636,0.08215923298745026,-0.4501533357316594,0.10102248712759976,-0.003374527459551041,-0.0014060531081462673,0.00496402199979481,0.03861657711735116,-0.14290828671411138,0.03554554783217554,0.0021254074874739815,0.000885586453114159,0.04272103465132726,0.6012973316010279,-1.284710311476193,0.6795151845355302,0.0022645174800125824,0.0009435489500052428,fuzzy-pid,0.4687318902512274,0.15233990792067806,0.011506735311360225,0.5454438228548185,0.14999764102806007,0.6772633449979661,1.3795340617832448,1.0999287595876066,2.7063919572421,0.7362082027365962,0.02,0.03,2.7504102795007266,2.6533509922817986,-0.09705928721892798,0.07908666255104685,0.10319148646606009,0.024104823915013243,0.6675670363235333,0.16694540861631013,-0.5006216277072232,0.5105130379330677
0.75,0.032628369646406245,0.5188276902123548,-0.7678223032691767,0.5863186688336076,0.003066191354123691,0.0012775797308848715,0.07763588465323856,0.6343818568359475,-1.2,0.7168962746301731,-0.006166722108546992,-0.0025694675452279142,0.032628369646406245,0.5188276902123548,-0.7678223032691767,0.5863186688336076,0.003066191354123691,0.0012775797308848715,0.07763588465323856,0.6343818568359475,-1.2,0.7168962746301731,-0.006166722108546992,-0.0025694675452279142,0.041963634683744644,0.58945323149893,-1.1957295709761748,0.6733882877973915,0.0,0.0,0.055058514186565204,0.4084727463347652,-0.6487009415709085,0.1777968971046391,0.09276359848937689,0.03865149937057371,0.009335265037338399,0.07062554128657528,-0.42790726770699816,0.08706961896378385,-0.003066191354123691,-0.0012775797308848715,0.004249190854876545,0.030661396860010712,-0.13938912026641453,0.02782240096017316,0.001823190818800452,0.0007596628411668552,0.045339877816797707,0.6154103041694625,-1.3225165963009902,0.6957868127020561,0.0019335224841034847,0.000805634368376452,fuzzy-pid,0.44246118055451494,0.14548364456720167,0.011659099375874182,0.4985216035521939,0.13967475278148267,0.6362064031081696,1.329679203774206,1.0895145283512881,2.5463133847226986,0.7134862436755376,0.02,0.03,2.726749380477758,2.633755660864897,-0.09299371961286118,0.08900097275139915,0.11058688055231755,0.021585907800918402,0.6813623956795565,0.17717830183115016,-0.5041840938484063,0.5131426544273666
0.8,0.03615934413818165,0.5456561940893291,-0.8278223032691767,0.6167264865748433,0.0027515611124514115,0.001146483796854755,0.07061948983550811,0.5365700775394876,-1.2,0.6081563548247139,-0.0062926048334455914,-0.002621918680602331,0.03615934413818165,0.5456561940893291,-0.8278223032691767,0.6167264865748433,0.0027515611124514115,0.001146483796854755,0.07061948983550811,0.5365700775394876,-1.2,0.6081563548247139,-0.0062926048334455914,-0.002621918680602331,0.044351082528708105,0.6039665490430746,-1.222973718042733,0.6892336461617449,0.0,0.0,0.040291358065895774,0.27763226774381067,-0.44311403496294605,0.1214767907838519,0.0633791951915749,0.02640799799648955,0.008191738390526455,0.05831035495374548,-0.3951514147735562,0.07250715958690157,-0.0027515611124514115,-0.001146483796854755,0.0033944731706690287,0.022765070190350532,-0.13584818952906844,0.019988033721437756,0.001591600396081742,0.0006631668317007258,0.04714413622873228,0.6239012904674345,-1.3497455797540985,0.705862963087901,0.0016770809180871775,0.0006987837158696574,fuzzy-pid,0.40605174100752983,0.1392371930962431,0.011707303844842953,0.4513091937209128,0.12928802261860084,0.5948955445057987,1.27951601832847,1.1267307576443342,2.2918562545880317,0.7946852894058201,0.02,0.03,2.706978645107687,2.619240630077865,-0.08773801502982215,0.09792525515439268,0.11624238431799258,0.0183171291635999,0.675665822804581,0.1844243759435341,-0.49124144686104687,0.4993512146939307
0.8500000000000001,0.03921067527444572,0.5673909430832472,-0.8878223032691768,0.6414866189395816,0.00245309439179468,0.0010221226632477834,0.061026622725281275,0.4346949798783633,-1.2,0.4952026472947649,-0.005969334413134633,-0.002487222672139431,0.03921067527444572,0.5673909430832472,-0.8878223032691768,0.6414866189395816,0.00245309439179468,0.0010221226632477834,0.061026622725281275,0.4346949798783633,-1.2,0.4952026472947649,-0.005969334413134633,-0.002487222672139431,0.04599100515461904,0.6130831935492684,-1.2403350924488121,0.6993529545136932,0.0,0.0,0.02542818889710693,0.15724571974547003,-0.25527070652589395,0.06903560327398463,0.03601857562120937,0.015007739842170572,0.006780329880173325,0.04569225046602121,-0.35251278917963536,0.05786633557411158,-0.00245309439179468,-0.0010221226632477834,0.002447452171403049,0.015097039799733964,-0.1320938455632036,0.012404447923448443,0.001365919985162935,0.0005691333271512232,0.04811487705169964,0.6271104976286105,-1.3667580984475365,0.7102837925998313,0.0014437102183939956,0.0006015459243308318,fuzzy-pid,0.36021465317328377,0.13356180085247815,0.01146129071971439,0.40125127417604817,0.1182752803187306,0.5510948649040421,1.2263294788120511,1.2056268432134254,1.9448439489305414,0.9668222033747462,0.02,0.03,2.6912064315498756,2.6098422046534764,-0.08136422689639922,0.10557813501751662,0.12011396548567138,0.014535830468154765,0.649994449120556,0.1886986626347633,-0.4612957864857927,0.468641899978431
0.9,0.041684064657016254,0.583979708234737,-0.9478223032691768,0.6605969449563176,0.002172709899183379,0.0009052957913264079,0.049467787651410675,0.3317753030297959,-1.2,0.38220652033472075,-0.005607689852226024,-0.0023365374384275088,0.041684064657016254,0.583979708234737,-0.9478223032691768,0.6605969449563176,0.002172709899183379,0.0009052957913264079,0.049467787651410675,0.3317753030297959,-1.2,0.38220652033472075,-0.005607689852226024,-0.0023365374384275088,0.04692148134179373,0.6174254614575636,-1.2490094445145097,0.7044154816501781,0.0,0.0,0.012227020444986815,0.056160435057078406,-0.09807459177173387,0.024698367896229128,0.012886104989336938,0.005369210412223723,0.0052374166847774795,0.03344575322282661,-0.30118714124533286,0.04381853669386049,-0.002172709899183379,-0.0009052957913264079,0.0015011192814872827,0.0081121321862356,-0.10547661605121919,0.005730045606734003,0.00108406469020622,0.00045169362091925853,0.04834566973038567,0.6259308196400021,-1.3575540700361808,0.7101800935926419,0.0011739760722531637,0.0004891566967721518,fuzzy-pid,0.30624393443866815,0.10596031911690104,0.02833376551005101,0.3466996572561522,0.10627392459635349,0.5033622000991331,1.1683683858346616,1.301703717965365,1.5469074857383323,1.1764444755607963,0.02,0.03,2.678859940352631,2.6051272070568383,-0.07373273329579266,0.11173049131540837,0.12232621298431737,0.010595721668909,0.6043972984222445,0.19028093616281108,-0.4141163622594335,0.42076257767051933
0.9500000000000001,0.04353451051072998,0.5956327947361996,-1.0078223032691769,0.674370041799741,0.001895283836147208,0.00078970159839467,0.03700891707427453,0.23306173002925049,-1.2,0.2754619368684683,-0.0055485212607234175,-0.002311883858634756,0.04353451051072998,0.5956327947361996,-1.0078223032691769,0.674370041799741,0.001895283836147208,0.00078970159839467,0.03700891707427453,0.23306173002925049,-1.2,0.2754619368684683,-0.0055485212607234175,-0.002311883858634756,0.04727425168967851,0.6180464714404645,-1.2509294508677515,0.7055366371655899,0.0,0.0,0.0026634288286895686,-0.01453423208435673,0.011754219012133365,-0.006394332646092428,-0.003336173554483005,-0.001390072314367919,0.0037397411789485344,0.022413676704264973,-0.24310714759857466,0.03116659536584887,-0.001895283836147208,-0.00078970159839467,0.0006962783417024224,0.002544677350646179,-0.07153066044779195,0.0007485751808937579,0.0007457674628197983,0.0003107364428415827,0.04806431495613212,0.6219260665033336,-1.3312336009957026,0.7072589326580232,0.0008528196151781397,0.00035534150632422496,fuzzy-pid,0.2461564871725639,0.0715877689378031,0.034769549690183865,0.2948097273131549,0.09485814000889407,0.45795851139901056,1.113235335270227,1.3819331160183839,1.1902383044551592,1.3514904349492012,0.02,0.03,2.6686132788065846,2.6041260324024087,-0.06448724640417591,0.11625022333457115,0.12319990113083318,0.00694967779626203,0.5398934116961331,0.18974487204365154,-0.3501485396524816,0.3561051850100336
1.0,0.04479278952334168,0.6029364813381812,-1.067822303269177,0.6835058448159306,0.0016057104414335778,0.0006690460172639909,0.025165580252234136,0.1460737320396335,-1.2,0.18271606032378984,-0.005791467894272603,-0.002413111622613584,0.04479278952334168,0.6029364813381812,-1.067822303269177,0.6835058448159306,0.0016057104414335778,0.0006690460172639909,0.025165580252234136,0.1460737320396335,-1.2,0.18271606032378984,-0.005791467894272603,-0.002413111622613584,0.047283860999729775,0.6165298272146951,-1.248974695036405,0.7043951922922242,0.0,0.0,-0.0011336088574518523,-0.04117254327735235,0.052991501975621,-0.01810683302745903,-0.009447043318674278,-0.003936268049447616,0.002491071476388093,0.01359334587651384,-0.18115239176722797,0.020889347476293674,-0.0016057104414335778,-0.0006690460172639909,0.00017214049955011567,-0.0009066005624155616,-0.04138457049213078,-0.002011263052326996,0.00043075449750623845,0.00017948104062759932,0.04760807986349295,0.6171989366150431,-1.3005778493953275,0.7036026800944287,0.0005362707769242137,0.00022344615705175572,fuzzy-pid,0.18288401870799573,0.041446316768757895,0.030474677152482716,0.2693347390695851,0.08925364259530871,0.43566789668588696,1.0861681602614341,1.4264992603745785,1.0049951998838453,1.44872565899908,0.02,0.03,2.658484014427828,2.605267115137549,-0.05321689929027906,0.11916061995539848,0.12327897604829054,0.004118356092892059,0.45892566356657694,0.18798405675859722,-0.27094160680797974,0.27614915087081016
1.05,0.04557481461782815,0.6068982744706428,-1.127822303269177,0.6890882990599578,0.0013086438679587543,0.0005452682783161477,0.015640501889729257,0.07923586264923263,-1.2,0.11164908488054527,-0.005941331469496468,-0.002475554778956862,0.04557481461782815,0.6068982744706428,-1.127822303269177,0.6890882990599578,0.0013086438679587543,0.0005452682783161477,0.015640501889729257,0.07923586264923263,-1.2,0.11164908488054527,-0.005941331469496468,-0.002475554778956862,0.04722291877395253,0.6146370052852135,-1.2463573853321672,0.7028672156795319,0.0,0.0,-0.0013038957010467495,-0.040556119098330116,0.05169196570693855,-0.01782650722165003,-0.009300786376513059,-0.0038753276568804403,0.0016481041561243817,0.00773873081457066,-0.11853508206299024,0.013778916619574089,-0.0013086438679587543,-0.0005452682783161477,-6.467324340612925e-05,-0.0023783499130822414,-0.015079618102748434,-0.0028971125509092725,0.00020748573902908476,8.645239126211862e-05,0.047270704113783035,0.6134937256828592,-1.2712222149250185,0.7008782473700742,0.000289681998502867,0.00012070083270952788,fuzzy-pid,0.11960367172912087,0.015540250916336604,0.026363153827073993,0.27698995166035484,0.09093778936527806,0.44236620770281043,1.094301823639127,1.4440874050471257,1.0,1.487099792830092,0.02,0.03,2.6461809458379024,2.606774423219179,-0.03940652261872346,0.1206827728940909,0.12319108267108347,0.0025083097769925677,0.36556403221372347,0.18598465232906689,-0.17957937988465658,0.1838692995651942
1.1,0.04604589503337117,0.608730344251814,-1.1676556120624664,0.6923632847016569,0.0010255989042210077,0.0004273328767587533,0.009421608310860485,0.03664139562342437,-0.7966661758657864,0.06549971283397985,-0.00566089927475493,-0.002358708031147888,0.04604589503337117,0.608730344251814,-1.1676556120624664,0.6923632847016569,0.0010255989042210077,0.0004273328767587533,0.009421608310860485,0.03664139562342437,-0.7966661758657864,0.06549971283397985,-0.00566089927475493,-0.002358708031147888,0.04715349034698557,0.6127674152735706,-1.2438063834335473,0.7013783386330044,0.0,0.0,-0.0014730475550281067,-0.039890337600561696,0.050339333484728105,-0.017525033203127406,-0.009143495584240385,-0.0038097898267668282,0.0011075953136144012,0.004037071021756544,-0.07615077137108095,0.009015053931347494,-0.0010255989042210077,-0.0004273328767587533,-0.00015204795971639597,-0.0027941625276007515,-0.0007496552220864899,-0.002913544990768876,6.960065821174955e-05,2.9000274254895622e-05,0.04706875781889764,0.6108533709801922,-1.25122258272298,0.6990681570741951,0.0001246209932845289,5.192541386855369e-05,fuzzy-pid,0.07680475476237843,0.004109364360271362,0.01433704829101627,0.26309409348173224,0.0878807005659811,0.4302073317965157,1.0795374743243404,1.4167919693391169,1.0,1.4275461149217097,0.02,0.03,2.635519065184468,2.6082454393849215,-0.027273625799546508,0.12144067352962985,0.1230791098230598,0.001638436293429954,0.30132051813025135,0.1839699962954306,-0.11735052183482075,0.12048933609513358
1.1500000000000001,0.0463300235849063,0.6093200738985858,-1.1908686594681646,0.6942257492495841,0.000775327262294208,0.0003230530259559201,0.00568257103070261,0.011794592935434242,-0.4642609481139642,0.03724929095854584,-0.005005432838535993,-0.0020855970160566645,0.0463300235849063,0.6093200738985858,-1.1908686594681646,0.6942257492495841,0.000775327262294208,0.0003230530259559201,0.00568257103070261,0.011794592935434242,-0.4642609481139642,0.03724929095854584,-0.005005432838535993,-0.0020855970160566645,0.04707563385790914,0.6109234752061631,-1.2413243220431593,0.699930065523192,0.0,0.0,-0.0016410090920914273,-0.039175605542414955,0.04893449988862743,-0.017202616591210553,-0.008975278221501157,-0.003739699258958816,0.0007456102730028363,0.0016034013075773013,-0.050455662574994786,0.005704316273607901,-0.000775327262294208,-0.0003230530259559201,-0.00016108099523442972,-0.0026332529742131377,0.004162746849469247,-0.002489806752958034,-1.235088296816419e-05,-5.1462012367351016e-06,0.04695310410173044,0.6089310094190106,-1.2406768270760127,0.6978472333462242,2.1892086095009085e-05,9.121702539587096e-06,fuzzy-pid,0.050814815123983885,0.005521571002963458,0.004934075771996257,0.21117749866915747,0.07645904970721465,0.3847803113355128,1.02437609233598,1.3148129438144165,1.0,1.2050464228678177,0.02,0.03,2.6283501569963774,2.6096787119194196,-0.018671445076957838,0.12185872598606996,0.12294311165329519,0.0010843856672252267,0.26270232628055556,0.1819434485626445,-0.08075887771791107,0.08289629113412524
1.2000000000000002,0.04650310150624634,0.6092120004320372,-1.2047042615814556,0.6952317170542064,0.000566039713349986,0.00023584988056249426,0.003461558426800762,-0.0021614693309733746,-0.2767120422658229,0.020119356092444963,-0.004185750978884438,-0.0017440629078685167,0.04650310150624634,0.6092120004320372,-1.2047042615814556,0.6952317170542064,0.000566039713349986,0.00023584988056249426,0.003461558426800762,-0.0021614693309733746,-0.2767120422658229,0.020119356092444963,-0.004185750978884438,-0.0017440629078685167,0.046989410174014284,0.6091075865167402,-1.238913787498899,0.6985238732342458,0.0,0.0,-0.0018077265040909248,-0.038412398291389135,0.04747842530800342,-0.01685949015059185,-0.008796255730743574,-0.0036651065544764895,0.0004863086677679429,-0.00010441391529691924,-0.034209525917443306,0.0032921561800394183,-0.000566039713349986,-0.00023584988056249426,-0.00014245826580833287,-0.0022831943621237295,0.004793931583106011,-0.0019900044911114996,-5.4344180458955295e-05,-2.264340852456473e-05,0.04687348995658708,0.607351046470715,-1.2357590987058478,0.6968622098939068,-3.52851138204642e-05,-1.4702130758526773e-05,fuzzy-pid,0.034376640038248384,0.005672621507272922,0.0008792917014104523,0.13635341233538847,0.059997750713785464,0.31930923579346493,0.9448755006063503,1.1678370599445131,1.0,0.8843717671516649,0.02,0.03,2.6238024119332937,2.6110728263557217,-0.012729585577571978,0.12210298004955188,0.1227831539292977,0.000680173879745824,0.2383952066860066,0.1799083888678237,-0.05848681781818291,0.05985994356813858
1.25,0.04660598718689655,0.6086950687761143,-1.21333060522712,0.695684631731901,0.00039900503913597204,0.0001662520996399884,0.0020577136130040903,-0.010338633118456286,-0.1725268729132898,0.009058293553891133,-0.0033406934842802796,-0.001391955618450117,0.04660598718689655,0.6086950687761143,-1.21333060522712,0.695684631731901,0.00039900503913597204,0.0001662520996399884,0.0020577136130040903,-0.010338633118456286,-0.1725268729132898,0.009058293553891133,-0.0033406934842802796,-0.001391955618450117,0.04689488281591523,0.6073221305621084,-1.2365773164273002,0.697161209347951,0.0,0.0,-0.0019731474588821196,-0.037601260946491806,0.045972138169741515,-0.01649591417244143,-0.0086065639160564,-0.003586068298356833,0.0002888956290186817,-0.0013729382140059698,-0.02324671120018018,0.0014765776160500232,-0.00039900503913597204,-0.0001662520996399884,-0.0001251822501098611,-0.0019870487603503525,0.00425814789092561,-0.0016206141987629825,-7.225371807323598e-05,-3.0105715863848337e-05,0.0467956479135008,0.6058390729689973,-1.2331791510787429,0.6958709988353677,-6.301156701004303e-05,-2.6254819587517946e-05,fuzzy-pid,0.02333977566058931,0.004972763232638562,0.0007154652113305711,0.06965121136091738,0.045323266499401826,0.2609448099408027,0.8740044120709748,1.036814879458945,1.0,0.5985051915467887,0.02,0.03,2.620924248305512,2.6124264068711933,-0.008497841434318865,0.12223928080245451,0.12259931400520317,0.0003600332027486608,0.22186922246381638,0.177868211143749,-0.04400101132006737,0.04481553224205426
1.3,0.046658670722064394,0.6079017366074707,-1.2188440901859041,0.6957364003717529,0.0002706670929843012,0.00011277795541012552,0.0010536707033569456,-0.015866643372872444,-0.11026969917568266,0.0010353727970375322,-0.002566758923033417,-0.0010694828845972575,0.046658670722064394,0.6079017366074707,-1.2188440901859041,0.6957364003717529,0.0002706670929843012,0.00011277795541012552,0.0010536707033569456,-0.015866643372872444,-0.11026969917568266,0.0010353727970375322,-0.002566758923033417,-0.0010694828845972575,0.04679211788486961,0.6055694651024016,-1.2343173922884076,0.695843490265611,0.0,0.0,-0.0021372210552001677,-0.03674280934989747,0.04441673704675362,-0.016112176818089245,-0.008406353122481346,-0.0035026471343672268,0.00013344716280521557,-0.0023322715050690945,-0.015473302102503528,0.0001070898938581033,-0.0002706670929843012,-0.00011277795541012552,-0.00011662569525327395,-0.0018003088044791728,0.003698741333921394,-0.0013968988121775701,-7.972770213574e-05,-3.3219875889891664e-05,0.04670553112058745,0.6042866354656913,-1.2312587759855504,0.6948026932989171,-7.554866835431576e-05,-3.147861181429823e-05,fuzzy-pid,0.01565176744849526,0.004346744432059727,0.0006308683336438669,0.02580106038960191,0.03567623328571242,0.2225759278409017,0.827413626663952,0.9506806543367181,1.0,0.4105759730982939,0.02,0.03,2.6191329677694952,2.613738117645285,-0.005394850124210038,0.12229402158458476,0.12239168078436753,9.76591997827736e-05,0.20982092913048303,0.17582631785869884,-0.033994611271784186,0.03442016183433349
1.35,0.04667168749943191,0.6068975418458653,-1.2222926140191392,0.6954770372959651,0.00017449604816801868,7.270668673667446e-05,0.00026033554735031985,-0.020083895232107952,-0.06897047666470184,-0.005187261515754438,-0.0019234208963256497,-0.0008014253734690209,0.04667168749943191,0.6068975418458653,-1.2222926140191392,0.6954770372959651,0.00017449604816801868,7.270668673667446e-05,0.00026033554735031985,-0.020083895232107952,-0.06897047666470184,-0.005187261515754438,-0.0019234208963256497,-0.0008014253734690209,0.046681183992399775,0.603851920751411,-1.2321364418187553,0.6945720992712675,0.0,0.0,-0.0022998977757675686,-0.03583773097383112,0.04281339261989832,-0.015708594419841716,-0.008195788392960894,-0.0034149118304003722,9.496492967865644e-06,-0.003045621094454276,-0.009843827799616012,-0.0009049380246975991,-0.00017449604816801868,-7.270668673667446e-05,-0.00011521533676538338,-0.0016968163352188673,0.0033114892798001873,-0.0012680473842038174,-8.42665541135071e-05,-3.511106421396128e-05,0.04660085927187266,0.6026879871785669,-1.2294334084006038,0.693678712240027,-8.208708267370927e-05,-3.4202951114045516e-05,fuzzy-pid,0.01034560253172925,0.003933789433495602,0.0004210744613333634,0.004591385080796653,0.031010104717775263,0.2040174619456971,0.8048783466483465,0.9090187921229934,1.0,0.31967736463198565,0.02,0.03,2.6181082724600815,2.615006664177828,-0.0031016082822534763,0.12228032959087855,0.12216035467637384,-0.00011997491450470299,0.20061518978620926,0.17378611434204644,-0.026829075444162825,0.027008029493193954
1.4000000000000001,0.04665201299177656,0.6057282211049491,-1.2242761680139904,0.6949775025582046,0.00010322295626753867,4.300956511147447e-05,-0.0003934901531069509,-0.023386414818324684,-0.03967107989702518,-0.009990694755211848,-0.0014254618380096,-0.0005939424325039998,0.04665201299177656,0.6057282211049491,-1.2242761680139904,0.6949775025582046,0.00010322295626753867,4.300956511147447e-05,-0.0003934901531069509,-0.023386414818324684,-0.03967107989702518,-0.009990694755211848,-0.0014254618380096,-0.0005939424325039998,0.04656215219229903,0.6021717974030311,-1.2300368313804866,0.6933483845405672,0.0,0.0,-0.0024611294388245603,-0.03488678566864399,0.04116334946598465,-0.015285511733491703,-0.007975049600082626,-0.003322937333367762,-8.986079947752995e-05,-0.003556423701917999,-0.005760663366496166,-0.001629118017637321,-0.00010322295626753867,-4.300956511147447e-05,-0.00011803092204958521,-0.001639264451304058,0.0030404607574816894,-0.0011868926584291063,-8.860316956213933e-05,-3.6917987317558065e-05,0.04648330577065525,0.601071396508437,-1.2276056300674045,0.6925407969716104,-8.697414784003183e-05,-3.623922826667993e-05,fuzzy-pid,0.006964768283993377,0.0036556050798372828,0.0002887642074305695,0.0,0.03,0.2,0.8,0.9,1.0,0.3,0.02,0.03,2.617650833228001,2.6162307945665475,-0.001420038661453571,0.1222073513261148,0.12190544754847514,-0.00030190377763965326,0.1933596016647039,0.1717510031050853,-0.021608598559618608,0.02165731256185142
1.4500000000000002,0.04660514987479842,0.6044346587170291,-1.2252010185843831,0.6943006398952617,5.039042734876908e-05,2.0996011395320465e-05,-0.000937262339562849,-0.025871247758400367,-0.018497011407856177,-0.013537253258856364,-0.0010566505783753918,-0.00044027107432308,0.04660514987479842,0.6044346587170291,-1.2252010185843831,0.6943006398952617,5.039042734876908e-05,2.0996011395320465e-05,-0.000937262339562849,-0.025871247758400367,-0.018497011407856177,-0.013537253258856364,-0.0010566505783753918,-0.00044027107432308,0.04643509591509678,0.6005313606403903,-1.2280208632259857,0.6921736571003332,0.0,0.0,-0.0026208691482714464,-0.033890806258210164,0.03946792764476203,-0.014843302137132832,-0.007744331549808433,-0.0032268048124201804,-0.00017005395970164094,-0.003903298076638806,-0.0028198446416025646,-0.0021269827949285114,-5.039042734876908e-05,-2.0996011395320465e-05,-0.00012171551422059966,-0.0015866551476947514,0.0027808667213058513,-0.0011141255759661356,-9.201331616845372e-05,-3.833888173685572e-05,0.046355861743320945,0.5994763782466309,-1.2258314048953611,0.691429847886178,-9.075352408634824e-05,-3.781396836931177e-05,fuzzy-pid,0.0052671827255812865,0.0033936294825749045,0.000274734553696446,0.0,0.03,0.2,0.8,0.9,1.0,0.3,0.02,0.03,2.6176141039630467,2.617409300742542,-0.00020480322050486777,0.12208269993357954,0.12162708267149644,-0.0004556172620830967,0.18749363928254287,0.1697243781665546,-0.017769261115988255,0.01777628116499088
1.5,0.04653590317161023,0.6030573585863629,-1.225376125892988,0.6935031976705163,1.1183774172347605e-05,4.6599059051448416e-06,-0.0013849340637637501,-0.027546002613323038,-0.003502146172100022,-0.015948844494909385,-0.0007841330635284295,-0.00032672210980351247,0.04653590317161023,0.6030573585863629,-1.225376125892988,0.6935031976705163,1.1183774172347605e-05,4.6599059051448416e-06,-0.0013849340637637501,-0.027546002613323038,-0.003502146172100022,-0.015948844494909385,-0.0007841330635284295,-0.00032672210980351247,0.04630009090504736,0.5989328381347578,-1.226090771688753,0.6910491887446795,0.0,0.0,-0.0027790712426114554,-0.03285069896907363,0.037728524058292856,-0.014382367770997127,-0.007503844054433283,-0.003126601689347201,-0.0002358122665628709,-0.0041245204516050515,-0.0007146457957649677,-0.0024540089258368036,-1.1183774172347605e-05,-4.6599059051448416e-06,-0.00012542605925627959,-0.0015291232671355874,0.002521841051098129,-0.0010416628002954853,-9.395069367670242e-05,-3.9146122365292663e-05,0.04621996407017355,0.5979218807123744,-1.2241345492020814,0.6903631064298325,-9.315140127911386e-05,-3.881308386629744e-05,fuzzy-pid,0.004858014161546762,0.0031319406908014227,0.00027508769906819177,0.0,0.03,0.2,0.8,0.9,1.0,0.3,0.02,0.03,2.617878463903553,2.618541019662497,0.0006625557589439168,0.12191335621260337,0.12132539466022206,-0.0005879615523813053,0.18262737628908338,0.16770961939232806,-0.014917756896755313,0.014944033918305963
1.55,0.04644814231010004,0.6016308369546994,-1.2250312434788473,0.6926309501036596,-1.7798219008613912e-05,-7.41592458692246e-06,-0.001755217230203776,-0.0285304326332694,0.006897648282814621,-0.017444951337132322,-0.0005796398636192303,-0.000241516609841346,0.04644814231010004,0.6016308369546994,-1.2250312434788473,0.6926309501036596,-1.7798219008613912e-05,-7.41592458692246e-06,-0.001755217230203776,-0.0285304326332694,0.006897648282814621,-0.017444951337132322,-0.0005796398636192303,-0.000241516609841346,0.0461572151596978,0.5973784160417964,-1.2242487193125238,0.6899762099142153,0.0,0.0,-0.0029356912428783266,-0.0317674436802256,0.035946613556872994,-0.01390313961319739,-0.0072538119721029855,-0.0030224216550429105,-0.0002909271504022426,-0.00425242091290301,0.0007825241663235172,-0.002654740189444338,1.7798219008613912e-05,7.41592458692246e-06,-0.00012941319901414353,-0.0014701379937467275,0.002281330490789124,-0.0009723796804779922,-9.463049389931194e-05,-3.942937245804664e-05,0.04607584248805613,0.5964116787141309,-1.2225091789168214,0.689343649282761,-9.426072074426243e-05,-3.927530031010934e-05,fuzzy-pid,0.005082133758983983,0.002887655476980489,0.000257179280718649,0.0,0.03,0.2,0.8,0.9,1.0,0.3,0.02,0.03,2.61835114987719,2.619624834456474,0.0012736845792842288,0.12170508281412754,0.12100052940829706,-0.000704553405830477,0.17848729883122777,0.1657100868587054,-0.012777211972522379,0.012859852786869025
1.6,0.04634472569286562,0.6001810707767637,-1.2243306699893957,0.6917178109867433,-3.9037802824071835e-05,-1.6265751176696594e-05,-0.002068332344688398,-0.02899532355871395,0.01401146978903256,-0.01826278233832536,-0.0004247916763091584,-0.00017699653179548266,0.04634472569286562,0.6001810707767637,-1.2243306699893957,0.6917178109867433,-3.9037802824071835e-05,-1.6265751176696594e-05,-0.002068332344688398,-0.02899532355871395,0.01401146978903256,-0.01826278233832536,-0.0004247916763091584,-0.00017699653179548266,0.046006548872080937,0.5958702354032446,-1.2224967929319568,0.6889559075456374,0.0,0.0,-0.0030906857997311703,-0.030642093980985052,0.03412374976670368,-0.01340607748647396,-0.006994475210334241,-0.002914364670972601,-0.0003381768207846858,-0.004310835373519173,0.0018338770574388708,-0.0027619034411059395,3.9037802824071835e-05,1.6265751176696594e-05,-0.0001337777363080039,-0.0014115485615593516,0.002065648494915285,-0.0009074434565131698,-9.427550294820202e-05,-3.928145956175085e-05,0.045923538973843735,0.5949469348097967,-1.2209506530569865,0.6883722603875334,-9.427180739721712e-05,-3.927991974884047e-05,fuzzy-pid,0.005448914514305063,0.0026666747194226295,0.00023278177586220333,0.0,0.03,0.2,0.8,0.9,1.0,0.3,0.02,0.03,2.618964319385681,2.620659675530121,0.0016953561444399412,0.12146215560190239,0.12065264401767445,-0.0008095115842279427,0.17488287930215152,0.1637291152487081,-0.011153764053443427,0.011310879453931786
1.6500000000000001,0.04622772938202621,0.5987271441192729,-1.2233917763970599,0.6907884913758517,-5.438058187216775e-05,-2.2658575780069895e-05,-0.002339926216788265,-0.029078533149817173,0.01877787184671773,-0.01858639221783297,-0.0003068555809619183,-0.000127856492067466,0.04622772938202621,0.5987271441192729,-1.2233917763970599,0.6907884913758517,-5.438058187216775e-05,-2.2658575780069895e-05,-0.002339926216788265,-0.029078533149817173,0.01877787184671773,-0.01858639221783297,-0.0003068555809619183,-0.000127856492067466,0.04584817437557065,0.5944103885625358,-1.2208369997193895,0.6879894228996783,0.0,0.0,-0.003244012639894783,-0.029475777025204906,0.03226156561584448,-0.012891669991322708,-0.00672608869112489,-0.0028025369546353708,-0.00037955500645556195,-0.004316755556737051,0.002554776677670345,-0.002799068476173394,5.438058187216775e-05,2.2658575780069895e-05,-0.00013851922703413686,-0.0013539969326952562,0.001874663459283662,-0.0008468650184078496,-9.308155728793258e-05,-3.878398220330524e-05,0.04576312610486332,0.5935290274248296,-1.2194594154593261,0.6874499835078363,-9.337911981525372e-05,-3.890796658968905e-05,fuzzy-pid,0.0057570460659406575,0.0024686447878472318,0.00020852188304269388,0.0,0.03,0.2,0.8,0.9,1.0,0.3,0.02,0.03,2.6196688125351413,2.621644521620237,0.0019757090850958114,0.12118767938086539,0.120281906722642,-0.0009057726582233916,0.17168009410354515,0.16177000829072413,-0.009910085812821018,0.01014562227341387
1.7000000000000002,0.04609867291614763,0.5972832228152608,-1.2222994539143561,0.6898611280791808,-6.521350907858052e-05,-2.717229544940855e-05,-0.0025811293175716154,-0.02887842608024031,0.021846449654076377,-0.018547265933419353,-0.00021665854412825542,-9.027439338677309e-05,0.04609867291614763,0.5972832228152608,-1.2222994539143561,0.6898611280791808,-6.521350907858052e-05,-2.717229544940855e-05,-0.0025811293175716154,-0.02887842608024031,0.021846449654076377,-0.018547265933419353,-0.00021665854412825542,-9.027439338677309e-05,0.04568217609142801,0.5930009156033038,-1.2192712632132927,0.6870778493760029,0.0,0.0,-0.003395630512121124,-0.028269693170919336,0.030361773536574228,-0.012360434361210811,-0.006448922275414335,-0.002687050948089306,-0.0004164968247196213,-0.004282307211956993,0.0030281907010634157,-0.0027832787031778494,6.521350907858052e-05,2.717229544940855e-05,-0.00014358809503066695,-0.001297472625403842,0.0017054043379384205,-0.0007900972379553811,-9.121012575543997e-05,-3.8004219064766656e-05,0.04559472252351384,0.5921598390896324,-1.2180392480213473,0.6865783099804947,-9.175237427039342e-05,-3.823015594599725e-05,fuzzy-pid,0.005952578857903274,0.0022905182740370848,0.00018733935005795326,0.0,0.03,0.2,0.8,0.9,1.0,0.3,0.02,0.03,2.6204287112746547,2.6225784008026323,0.0021496895279775607,0.12088392784211922,0.11988849680846567,-0.0009954310336535571,0.16878334803438,0.1598360332487766,-0.0089473147856034,0.009255619367829156
1.75,0.04595868669597158,0.5958600606692529,-1.2211160633885203,0.6889492341628791,-7.258541607630633e-05,-3.0243923365127633e-05,-0.0027997244035210533,-0.028463242920157623,0.02366781051671553,-0.01823787832603347,-0.0001474381399545161,-6.143255831438167e-05,0.04595868669597158,0.5958600606692529,-1.2211160633885203,0.6889492341628791,-7.258541607630633e-05,-3.0243923365127633e-05,-0.0027997244035210533,-0.028463242920157623,0.02366781051671553,-0.01823787832603347,-0.0001474381399545161,-6.143255831438167e-05,0.0455086404790576,0.5916438008200938,-1.2178014193451214,0.6862222303242707,0.0,0.0,-0.0035454991328435236,-0.027025115395589213,0.028426165324157964,-0.011812916235975347,-0.006163260644856701,-0.0025680252686902925,-0.00045004621691397545,-0.004216259849159076,0.0033146440433988733,-0.002727003838608466,7.258541607630633e-05,3.0243923365127633e-05,-0.00014891841315067554,-0.0012416854933709907,0.0015540531072603385,-0.000736411720269965,-8.87904608333158e-05,-3.6996025347214924e-05,0.04541847218030865,0.5908415462674502,-1.2166953366837325,0.6857589414481242,-8.953093919258521e-05,-3.7304557996910505e-05,fuzzy-pid,0.006033986006011443,0.00212851950707205,0.00017010825218530658,0.0,0.03,0.2,0.8,0.9,1.0,0.3,0.02,0.03,2.6212174225601848,2.623460391451302,0.002242968891117414,0.12055259934195517,0.11947260452468887,-0.001079994817266297,0.16612360728486586,0.1579304154736053,-0.008193191811260547,0.008563042117609223
1.8,0.04580862710828743,0.5944660288909743,-1.2198880837483015,0.6880630417421139,-7.729250583082824e-05,-3.22052107628451e-05,-0.0030011917536829236,-0.027880635565570425,0.024559592804376498,-0.01772384841530503,-9.414179509043826e-05,-3.922574795434929e-05,0.04580862710828743,0.5944660288909743,-1.2198880837483015,0.6880630417421139,-7.729250583082824e-05,-3.22052107628451e-05,-0.0030011917536829236,-0.027880635565570425,0.024559592804376498,-0.01772384841530503,-9.414179509043826e-05,-3.922574795434929e-05,0.04532765598898531,0.5903409692309493,-1.2164292124821854,0.6854235568610832,0.0,0.0,-0.003693579131691439,-0.025743388478286902,0.026456611634156822,-0.01124968934993801,-0.00586940313909809,-0.002445584641290871,-0.00048097111930212044,-0.004125059660025077,0.0034588712661161036,-0.002639484881030607,7.729250583082824e-05,3.22052107628451e-05,-0.0001544446359361734,-0.001186268485460205,0.0014168947987693804,-0.0006850907595573042,-8.59245737592865e-05,-3.580190573303605e-05,0.04523452655986401,0.5895764121259793,-1.2154330724334952,0.6849935849381755,-8.682616511761118e-05,-3.6177568799004664e-05,fuzzy-pid,0.006015407932649257,0.001979063185854829,0.00015670821845392927,0.0,0.03,0.2,0.8,0.9,1.0,0.3,0.02,0.03,2.6220149978830283,2.6242896231479613,0.00227462526493305,0.12019499267977075,0.11903443099312941,-0.0011605616866413454,0.16365058678338773,0.15605633302364813,-0.0075942537597396,0.00801208547705843
1.85,0.04564915473372537,0.593107802011809,-1.2186505806052996,0.687210414852131,-7.994074452160128e-05,-3.33086435506672e-05,-0.0031894474912412154,-0.027164537583305542,0.024750062860035005,-0.017052537799657395,-5.296477381546079e-05,-2.206865575644204e-05,0.04564915473372537,0.593107802011809,-1.2186505806052996,0.687210414852131,-7.994074452160128e-05,-3.33086435506672e-05,-0.0031894474912412154,-0.027164537583305542,0.024750062860035005,-0.017052537799657395,-5.296477381546079e-05,-2.206865575644204e-05,0.045139313018560494,0.5890942831418366,-1.2151562915050385,0.6846827657030529,0.0,0.0,-0.003839831997030793,-0.024425927941476584,0.024455061102802645,-0.010671355131760138,-0.005567663547005288,-0.0023198598112522035,-0.0005098417151648757,-0.004013518869972366,0.003494289100261172,-0.002527649149078104,7.994074452160128e-05,3.33086435506672e-05,-0.00016010866234953465,-0.0011308730379836144,0.0012906955295638833,-0.0006355078703433378,-8.26924976835196e-05,-3.445520736813317e-05,0.045043034907124226,0.5883666606093846,-1.2142574650899798,0.684283839609076,-8.37259145420425e-05,-3.488579772585104e-05,fuzzy-pid,0.005913952892909756,0.001839102777331948,0.0001466209915373461,0.0,0.03,0.2,0.8,0.9,1.0,0.3,0.02,0.03,2.622806303858278,2.6250652775410392,0.0022589736827614004,0.11981212567811948,0.11857418811061879,-0.0012379375675006937,0.16132749959101392,0.15421691136489357,-0.007110588226120346,0.007562798188625651
1.9000000000000001,0.04548078811522505,0.5917908182889133,-1.217430270739933,0.6863974772846158,-8.09921806383905e-05,-3.374674193266271e-05,-0.003367332370006355,-0.02633967445791351,0.024406197307332476,-0.01625875135030529,-2.1028722335784515e-05,-8.761967639910252e-06,0.04548078811522505,0.5917908182889133,-1.217430270739933,0.6863974772846158,-8.09921806383905e-05,-3.374674193266271e-05,-0.003367332370006355,-0.02633967445791351,0.024406197307332476,-0.01625875135030529,-2.1028722335784515e-05,-8.761967639910252e-06,0.04494370387037717,0.5879055387730898,-1.2139842059385209,0.6840007370265764,0.0,0.0,-0.003984220021689456,-0.023074218746491477,0.022423539077584043,-0.010078542213598581,-0.005258369850573173,-0.0021909874377388223,-0.0005370842448478852,-0.0038852795158235143,0.0034460648014120743,-0.002396740258039376,8.09921806383905e-05,3.374674193266271e-05,-0.00016586186934885522,-0.0010752062316628512,0.001172797996998268,-0.0005871504189338371,-7.915696581843013e-05,-3.2982069091012564e-05,0.044844140227552294,0.5872144145584164,-1.213172922228637,0.683631149858001,-8.029920299933322e-05,-3.3458001249722186e-05,fuzzy-pid,0.005745544487522062,0.0017062042663898598,0.00013922942982920504,0.0,0.03,0.2,0.8,0.9,1.0,0.3,0.02,0.03,2.6235797534950067,2.625786589153295,0.0022068356582884974,0.11940481593128915,0.11809209844653085,-0.0013127174847583079,0.15912743378637453,0.15241521815844328,-0.006712215627931256,0.007186597905360254
1.9500000000000002,0.0453039414797604,0.5905195950304419,-1.2162476739312396,0.685629052999445,-8.079968684976348e-05,-3.366653618740146e-05,-0.0035369327092931047,-0.025424465169427486,0.023651936173866666,-0.015368485703415313,3.849875772540485e-06,1.6041149052251456e-06,0.0453039414797604,0.5905195950304419,-1.2162476739312396,0.685629052999445,-8.079968684976348e-05,-3.366653618740146e-05,-0.0035369327092931047,-0.025424465169427486,0.023651936173866666,-0.015368485703415313,3.849875772540485e-06,1.6041149052251456e-06,0.044740922713400834,0.586776462958261,-1.2129144021562503,0.6833782923652828,0.0,0.0,-0.0041267062490251,-0.02168981373836341,0.020364145948025176,-0.00947190584770182,-0.0049418639205400785,-0.002059109966891699,-0.0005630187663595645,-0.0037431320721809103,0.0033332717749892105,-0.0022507606341621855,8.079968684976348e-05,3.366653618740146e-05,-0.000171664828249244,-0.0010190394395454962,0.0010610919265994557,-0.0005396156490225274,-7.536728566018001e-05,-3.1403035691741674e-05,0.044637978470751766,0.5861216712786408,-1.2121832132293975,0.6830367950016956,-7.660026499496832e-05,-3.19167770812368e-05,fuzzy-pid,0.005523795255469754,0.001578504892729202,0.00013395162710992794,0.0,0.03,0.2,0.8,0.9,1.0,0.3,0.02,0.03,2.6243264072965706,2.6264528461372536,0.002126438840682976,0.11897373688712119,0.11758839513514907,-0.0013853417519721217,0.15703078776354243,0.15065425814447758,-0.006376529619064847,0.0068630200273446405
2.0,0.04511895175503578,0.5892979495438305,-1.2151186570696169,0.6849089813334035,-7.963318077898704e-05,-3.318049199124461e-05,-0.0036997944944924042,-0.024432909732228596,0.02258033723245598,-0.014401433320830142,2.333012141552867e-05,9.720883923136996e-06,0.04511895175503578,0.5892979495438305,-1.2151186570696169,0.6849089813334035,-7.963318077898704e-05,-3.318049199124461e-05,-0.0036997944944924042,-0.024432909732228596,0.02258033723245598,-0.014401433320830142,2.333012141552867e-05,9.720883923136996e-06,0.04453106554678043,0.5857087099258532,-1.2119482196787135,0.6828161925563329,0.0,0.0,-0.004267254419487725,-0.02027433183731989,0.018279055069666164,-0.008852127229203071,-0.004618501163062472,-0.0019243754846093634,-0.0005878862082553532,-0.0035892396179773023,0.003170437390903391,-0.002092788777070642,7.963318077898704e-05,3.318049199124461e-05,-0.00017748612347446977,-0.0009622044939355264,0.0009539386264956183,-0.0004925964747049743,-7.136243690274448e-05,-2.9734348709476876e-05,0.04442467918516741,0.5850902968935985,-1.2112915140965128,0.6825018958116448,-7.267189392580044e-05,-3.0279955802416857e-05,fuzzy-pid,0.005259955487712382,0.0014546359445172896,0.00013029026950255976,0.0,0.03,0.2,0.8,0.9,1.0,0.3,0.02,0.03,2.6250393233824867,2.6270633909777095,0.0020240675952227782,0.11851945763944571,0.117063321762925,-0.0014561358765207144,0.15502341528131994,0.14893696813115606,-0.006086447150163876,0.006577387036860431
2.0500000000000003,0.04492609826340568,0.5881291571409883,-1.2140555617993103,0.6842403464662483,-7.76994899864352e-05,-3.237478749434801e-05,-0.0038570698326020583,-0.023375848056844672,0.021261905406133597,-0.013372697343104017,3.867381585103663e-05,1.611408993793196e-05,0.04492609826340568,0.5881291571409883,-1.2140555617993103,0.6842403464662483,-7.76994899864352e-05,-3.237478749434801e-05,-0.0038570698326020583,-0.023375848056844672,0.021261905406133597,-0.013372697343104017,3.867381585103663e-05,1.611408993793196e-05,0.044314230166316464,0.5847038581744761,-1.2110868875854202,0.6823151357469246,0.0,0.0,-0.0044058289178256,-0.018829455976004605,0.0161705102774416,-0.008219912724514227,-0.0042886501171378565,-0.0017869375488074406,-0.0006118680970892132,-0.0034252989665122247,0.0029686742138901323,-0.0019252107193237222,7.76994899864352e-05,3.237478749434801e-05,-0.00018330095585926642,-0.0009045853740182037,0.0008500865561241684,-0.0004458648964578935,-6.717350130654076e-05,-2.7988958877725326e-05,0.04420436670413475,0.5841220288237431,-1.2105004792961003,0.6820274270907611,-6.854809946135568e-05,-2.8561708108898208e-05,fuzzy-pid,0.004963225142772581,0.0013336462271531645,0.00012784154938322528,0.0,0.03,0.2,0.8,0.9,1.0,0.3,0.02,0.03,2.6257130798620847,2.627617621140617,0.0019045412785323457,0.11804247170256625,0.11651713225068196,-0.0015253394518842944,0.15309526130353449,0.14726621209681073,-0.005829049206723752,0.006319157584640148
2.1,0.04472561727471931,0.5870160659417536,-1.2130680388817519,0.6836256466397241,-7.5157437062802e-05,-3.131559877616751e-05,-0.004009619773727358,-0.02226182398469587,0.019750458351166757,-0.012293996530484316,5.084105847266404e-05,2.118377436361001e-05,0.04472561727471931,0.5870160659417536,-1.2130680388817519,0.6836256466397241,-7.5157437062802e-05,-3.131559877616751e-05,-0.004009619773727358,-0.02226182398469587,0.019750458351166757,-0.012293996530484316,5.084105847266404e-05,2.118377436361001e-05,0.04409051613354987,0.5837634074519256,-1.210331521061659,0.6818757554724189,0.0,0.0,-0.0045423947210792995,-0.01735693078328924,0.014040822987970523,-0.007575993005398264,-0.0039526920028164865,-0.0016469550011735355,-0.0006351011411694432,-0.003252658489828031,0.0027365178200928764,-0.0017498911673052842,7.5157437062802e-05,3.131559877616751e-05,-0.00018908982631514527,-0.0008461091182405993,0.0007485934020291976,-0.00039925643434309075,-6.28255471052967e-05,-2.6177311293873623e-05,0.04397716140645973,0.5832184809561995,-1.2098123155687475,0.6816142310512471,-6.425618519431145e-05,-2.6773410497629767e-05,fuzzy-pid,0.004641165682793125,0.0012149426674981166,0.00012628689303518183,0.0,0.03,0.2,0.8,0.9,1.0,0.3,0.02,0.03,2.626343419491324,2.628114989667718,0.001771570176393844,0.11754321813356962,0.11595009073082119,-0.0015931274027484316,0.15123934642155576,0.14564477641359963,-0.005594570007956129,0.006080767170776918
2.15,0.044517712866869424,0.5859611812235441,-1.2121636712948063,0.6830669200873694,-7.212931154377685e-05,-3.0053879809907025e-05,-0.004158088156997691,-0.021097694364189155,0.01808735173891327,-0.011174531047094784,6.0562510380503065e-05,2.523437932520969e-05,0.044517712866869424,0.5859611812235441,-1.2121636712948063,0.6830669200873694,-7.212931154377685e-05,-3.0053879809907025e-05,-0.004158088156997691,-0.021097694364189155,0.01808735173891327,-0.011174531047094784,6.0562510380503065e-05,2.523437932520969e-05,0.04386002474742849,0.5828887758486162,-1.209683118100378,0.6814986188174966,0.0,0.0,-0.004676917347504432,-0.01585856001740354,0.01189236889368449,-0.006921122089488575,-0.003611020220602735,-0.001504591758584473,-0.0006576881194409329,-0.0030724053749279223,0.0024805531944283032,-0.0015683012698727294,7.212931154377685e-05,3.0053879809907025e-05,-0.00019483740582358844,-0.0007867374982693015,0.000648759875757924,-0.00035265678244161857,-5.8339080153068846e-05,-2.4307950063778686e-05,0.043743180857818614,0.58238114900181,-1.2092288475606519,0.681263029289103,-5.98183564133795e-05,-2.4924315172241455e-05,fuzzy-pid,0.004300121782820577,0.0010982568065785099,0.0001253790546719808,0.0,0.03,0.2,0.8,0.9,1.0,0.3,0.02,0.03,2.6269269830341693,2.628555005716325,0.001628022682155894,0.11702209720987147,0.1153624714195898,-0.0016596257902816713,0.1494510041726555,0.14407536520058686,-0.005375638972068636,0.005856817393039096
2.2,0.04430256508657753,0.584966727828618,-1.2113484424797634,0.6825658393100731,-6.870960178533314e-05,-2.862900074388881e-05,-0.004302955605837834,-0.019889067898522704,0.01630457630085797,-0.01002161554592429,6.839419516887417e-05,2.849758132036428e-05,0.04430256508657753,0.584966727828618,-1.2113484424797634,0.6825658393100731,-6.870960178533314e-05,-2.862900074388881e-05,-0.004302955605837834,-0.019889067898522704,0.01630457630085797,-0.01002161554592429,6.839419516887417e-05,2.849758132036428e-05,0.04362285901850128,0.5820812970155971,-1.209142556379424,0.6811842246716143,0.0,0.0,-0.004809362806560009,-0.014336203752999935,0.009727584255191643,-0.006256076288725217,-0.0032640398028131556,-0.0013600165845054817,-0.0006797060680762551,-0.0028854308130209505,0.002205886100339338,-0.0013816146384587613,6.870960178533314e-05,2.862900074388881e-05,-0.00020053161061134024,-0.0007264599565626814,0.000550075837971016,-0.0003059908855936562,-5.3731156258938146e-05,-2.238798177455756e-05,0.043502540770372106,0.5816114150447282,-1.2087515722962525,0.6809744326617913,-5.5252956297548486e-05,-2.3022065123978534e-05,fuzzy-pid,0.003945636126361039,0.000983645822341658,0.00012492786112695782,0.0,0.03,0.2,0.8,0.9,1.0,0.3,0.02,0.03,2.627461108031183,2.6289372350437215,0.0014761270125385195,0.11647948215471596,0.11475455848447218,-0.0017249236702437803,0.14772730476178325,0.14256059581399827,-0.0051667089477849815,0.005643509012700746
2.25,0.044080336109853804,0.5840346964997598,-1.2106270896510103,0.6821237819077726,-6.497164470539295e-05,-2.7071518627247067e-05,-0.004444579534474591,-0.018640626577165476,0.014427056575060259,-0.008841148046010192,7.475914159880361e-05,3.114964233283487e-05,0.044080336109853804,0.5840346964997598,-1.2106270896510103,0.6821237819077726,-6.497164470539295e-05,-2.7071518627247067e-05,-0.004444579534474591,-0.018640626577165476,0.014427056575060259,-0.008841148046010192,7.475914159880361e-05,3.114964233283487e-05,0.0433791236455838,0.5813422175171632,-1.2087105903340156,0.6809330020898292,0.0,0.0,-0.004939697550095065,-0.012791775328665232,0.007548961801763255,-0.0055816530678821094,-0.0029121668180254493,-0.001213402840843937,-0.0007012124642700041,-0.0026924789825966133,0.0019164993169946687,-0.0011907798179433549,6.497164470539295e-05,2.7071518627247067e-05,-0.00020616286536494384,-0.000665287848626921,0.00045217750789590427,-0.00025921422691988985,-4.9016230995642935e-05,-2.042342958151789e-05,0.043255355777757167,0.5809105510125843,-1.208381702693653,0.6807489490626298,-5.057541232111932e-05,-2.1073088467133053e-05,fuzzy-pid,0.003582879063040065,0.0008715430396989221,0.0001247876862240001,0.0,0.03,0.2,0.8,0.9,1.0,0.3,0.02,0.03,2.627943676360075,2.6292613004357084,0.0013176240756331836,0.11591572794984784,0.11412664590676917,-0.001789082043078663,0.14606661773715013,0.1411029944821748,-0.004963623254975319,0.005438244530994033
2.3000000000000003,0.04385117490649363,0.5831668783088777,-1.2100033710517444,0.6817418838952329,-6.0972691265316945e-05,-2.5405288027215395e-05,-0.004583224067203543,-0.017356363817641916,0.012474371985318446,-0.007637960250792923,7.997906880152017e-05,3.332461200063341e-05,0.04385117490649363,0.5831668783088777,-1.2100033710517444,0.6817418838952329,-6.0972691265316945e-05,-2.5405288027215395e-05,-0.004583224067203543,-0.017356363817641916,0.012474371985318446,-0.007637960250792923,7.997906880152017e-05,3.332461200063341e-05,0.04312892499483161,0.5806726943277395,-1.2083878484437158,0.6807453087697489,0.0,0.0,-0.0050678884248626455,-0.011227238063273623,0.0053590462532972566,-0.004898669816057349,-0.0025558277301168768,-0.0010649282208820322,-0.0007222499116620179,-0.0024941839811382094,0.0016155226080285523,-0.0009965751254840116,6.0972691265316945e-05,2.5405288027215395e-05,-0.00021172352555526405,-0.0006032498490950184,0.0003548139606912581,-0.0002123059813149765,-4.4206807219077676e-05,-1.841950300794903e-05,0.04300174004639655,0.5802797211121294,-1.2081202015356816,0.6805869893569829,-4.5798958494588086e-05,-1.9082899372745035e-05,fuzzy-pid,0.003217147345426841,0.000762887624755973,0.00012484720435976786,0.0,0.03,0.2,0.8,0.9,1.0,0.3,0.02,0.03,2.6283729984812974,2.629526882078869,0.0011538835975715145,0.11533117797697792,0.11347903733943124,-0.0018521406375466842,0.14446827906303591,0.13970499209250217,-0.004763286970533742,0.005239348724951693
2.35,0.04361522077868889,0.5823648901986699,-1.2094802684083936,0.6814210798568302,-5.675776549567004e-05,-2.3649068956529184e-05,-0.004719082556094889,-0.01603976220415699,0.010462052867015676,-0.006416080768055653,8.429851539293811e-05,3.5124381413724224e-05,0.04361522077868889,0.5823648901986699,-1.2094802684083936,0.6814210798568302,-5.675776549567004e-05,-2.3649068956529184e-05,-0.004719082556094889,-0.01603976220415699,0.010462052867015676,-0.006416080768055653,8.429851539293811e-05,3.5124381413724224e-05,0.04287237108115228,0.580073792482329,-1.2081748307524287,0.6806214296549553,0.0,0.0,-0.005193902626485873,-0.009644601751420116,0.0031604294805169793,-0.004207962534682819,-0.002195458713747558,-0.0009147744640614824,-0.0007428496975366086,-0.0022910977163408397,0.001305437655964914,-0.0007996502018748908,5.675776549567004e-05,2.3649068956529184e-05,-0.00021720742889329105,-0.0005403883281940797,0.00025782111869336735,-0.00016526368039037335,-3.931392723992756e-05,-1.638080301663649e-05,0.04274180775079338,0.5797199833936336,-1.2079678076092217,0.6804888718201694,-4.093518505359269e-05,-1.7056327105663625e-05,fuzzy-pid,0.002854530269646608,0.0006593908865747186,0.0001250213183943188,0.0,0.03,0.2,0.8,0.9,1.0,0.3,0.02,0.03,2.6287477254081457,2.629733717876185,0.0009859924680393206,0.11472616902771354,0.11281204596021473,-0.0019141230674988158,0.1429323370481642,0.138368920137344,-0.004563416910820184,0.005045871794499042
2.4000000000000004,0.04337260604871791,0.5816301938639376,-1.2090601404086236,0.68116213317998,-5.2362604261759666e-05,-2.1817751775733196e-05,-0.004852294599419493,-0.014693926694645903,0.008402559995399381,-0.005178933537004616,8.79032246782075e-05,3.6626343615919773e-05,0.04337260604871791,0.5816301938639376,-1.2090601404086236,0.68116213317998,-5.2362604261759666e-05,-2.1817751775733196e-05,-0.004852294599419493,-0.014693926694645903,0.008402559995399381,-0.005178933537004616,8.79032246782075e-05,3.6626343615919773e-05,0.04260957155188011,0.5795464828893512,-1.2080719066390153,0.6805615756747475,0.0,0.0,-0.005317707654997614,-0.008045918949958479,0.0009557453234616542,-0.003510384446270834,-0.0018315049284891305,-0.0007631270535371376,-0.0007630344968378028,-0.0020837109745863724,0.0009882337696083265,-0.0006005575052324685,5.2362604261759666e-05,2.1817751775733196e-05,-0.00022260954912283506,-0.0004767565083959234,0.0001611016587781017,-0.00011809907308091153,-3.434754593891154e-05,-1.4311477474546476e-05,0.0424756734397663,0.5792322906341248,-1.2079250556374834,0.6804548254062923,-3.599445571758183e-05,-1.4997689882325761e-05,fuzzy-pid,0.0025029115497913943,0.0005640367784831949,0.00012524493025341238,0.0,0.03,0.2,0.8,0.9,1.0,0.3,0.02,0.03,2.629066781697658,2.6298816037056967,0.0008148220080386182,0.11410103508044597,0.11212599432023172,-0.00197504076021425,0.14145935805499882,0.13709700682573886,-0.004362351229259959,0.004857450890818933
2.45,0.04312345810178691,0.580964109633434,-1.2087448390833069,0.6809656587984001,-4.7815896332821376e-05,-1.9923290138675576e-05,-0.00498295893862008,-0.013321684610070576,0.006306026506334532,-0.00392948763159811,9.093415857876575e-05,3.7889232741152417e-05,0.04312345810178691,0.580964109633434,-1.2087448390833069,0.6809656587984001,-4.7815896332821376e-05,-1.9923290138675576e-05,-0.00498295893862008,-0.013321684610070576,0.006306026506334532,-0.00392948763159811,9.093415857876575e-05,3.7889232741152417e-05,0.042340637672632284,0.5790916403141673,-1.2080793128550578,0.6805658826294774,0.0,0.0,-0.005439271272070844,-0.006433281069371055,-0.0012523359085221987,-0.0028068045287464893,-0.0014644197541286035,-0.0006101748975535846,-0.0007828204291546251,-0.0018724693192667674,0.0006655262282491137,-0.0003997761689227275,4.7815896332821376e-05,1.9923290138675576e-05,-0.00022792572976970435,-0.0004124162351331349,6.460952917096466e-05,-7.083491867403919e-05,-2.931681274797278e-05,-1.2215338644988659e-05,0.042203452317088504,0.5788174907178069,-1.207992291403786,0.6804849921346756,-3.098622349037504e-05,-1.2910926454322936e-05,fuzzy-pid,0.002173563576032518,0.00048191073474618143,0.00012546818713342773,0.0,0.03,0.2,0.8,0.9,1.0,0.3,0.02,0.03,2.6293293144107657,2.629970393621944,0.000641079211178397,0.11345611014155592,0.11142121418796737,-0.0020348959535885502,0.14005027764426564,0.1358913733673464,-0.004158904276919229,0.004674213183147857
2.5,0.042867900939370686,0.5803678266013154,-1.2085357980612177,0.6808321402806988,-4.3140987209919617e-05,-1.797541133746651e-05,-0.005111143248324472,-0.01192566064237319,0.004180820441782955,-0.002670370354024904,9.349818245803519e-05,3.895757602418133e-05,0.042867900939370686,0.5803678266013154,-1.2085357980612177,0.6808321402806988,-4.3140987209919617e-05,-1.797541133746651e-05,-0.005111143248324472,-0.01192566064237319,0.004180820441782955,-0.002670370354024904,9.349818245803519e-05,3.895757602418133e-05,0.042065682315258646,0.5787100415409832,-1.208197151845038,0.6806344102300593,0.0,0.0,-0.0055585614600533306,-0.004808814285296886,-0.0034611132291139267,-0.0020981059808063366,-0.0010946639899859147,-0.0004561099958274644,-0.0008022186241120402,-0.0016577850603322064,0.00033864621617962776,-0.00019773005063949967,4.3140987209919617e-05,1.797541133746651e-05,-0.00023315247981919363,-0.0003474362245817137,-3.166197160969841e-05,-2.350250052665248e-05,-2.4230283917233775e-05,-1.0095951632180738e-05,0.041925260455851716,0.5784763266667529,-1.2081696832134323,0.6805794288308185,-2.5919268810519092e-05,-1.0799695337716289e-05,fuzzy-pid,0.0018835521548345158,0.0004210889358232085,0.00012565287475596774,0.0,0.03,0.2,0.8,0.9,1.0,0.3,0.02,0.03,2.6295346542174105,2.6300000000000003,0.00046534578258983217,0.1127917303744915,0.1106980463888394,-0.0020936839856521006,0.13870628631465148,0.1347540304348395,-0.003952255879811989,0.004496708337068199
2.5500000000000003,0.042606056360615416,0.5798424099528258,-1.2084340994923883,0.6807619426557321,-3.835717654341947e-05,-1.598215689309145e-05,-0.005236891575105386,-0.010508332969791676,0.002033971376585391,-0.0014039524993353987,9.567621333000292e-05,3.9865088887501226e-05,0.042606056360615416,0.5798424099528258,-1.2084340994923883,0.6807619426557321,-3.835717654341947e-05,-1.598215689309145e-05,-0.005236891575105386,-0.010508332969791676,0.002033971376585391,-0.0014039524993353987,9.567621333000292e-05,3.9865088887501226e-05,0.04178481994779247,0.5784023637201792,-1.208425390362852,0.6807671412995008,0.0,0.0,-0.005675546382916407,-0.003174675287021734,-0.005667861030758563,-0.0013851846242906312,-0.0007227050213690248,-0.0003011270922370936,-0.0008212364128229455,-0.0014400462326465968,8.70912953643277e-06,5.19864376868906e-06,3.835717654341947e-05,1.598215689309145e-05,-0.0002382868171000799,-0.0002818906790361766,-0.00012768937722745208,2.386030633715987e-05,-1.909608147042519e-05,-7.956700612677158e-06,0.04164121496198222,0.5782094364475455,-1.2084572306084176,0.6807381084120832,-2.0801878305448664e-05,-8.667449293936941e-06,fuzzy-pid,0.001658309975568986,0.0003918479588036235,0.00012576968829396303,0.0,0.03,0.2,0.8,0.9,1.0,0.3,0.02,0.03,2.629682285742734,2.629970393621944,0.0002881078792098535,0.11210823568565646,0.10995684064037811,-0.002151395045278351,0.13742874162118565,0.1336868748106425,-0.003741866810543143,0.004325861072521325
2.6,0.042338044860995086,0.579388806201359,-1.2084405248023964,0.6807553220324962,-3.34807048106498e-05,-1.3950293671104086e-05,-0.005360229992406649,-0.00907207502933469,-0.0001285062001625074,-0.00013241246471630398,9.752943465539336e-05,4.0637264439747264e-05,0.042338044860995086,0.579388806201359,-1.2084405248023964,0.6807553220324962,-3.34807048106498e-05,-1.3950293671104086e-05,-0.005360229992406649,-0.00907207502933469,-0.0001285062001625074,-0.00013241246471630398,9.752943465539336e-05,4.0637264439747264e-05,0.04149816662630372,0.5781691829073833,-1.20876385839704,0.6809639811434675,0.0,0.0,-0.00579019434922396,-0.001533046881066361,-0.007869835372411949,-0.0006689472500495305,-0.000349015956547581,-0.0001454233152281589,-0.0008398782346913658,-0.0012196232939757357,-0.00032333359464353784,0.00020865911097123213,3.34807048106498e-05,1.3950293671104086e-05,-0.0002433261482971545,-0.00021585818403914762,-0.0002234261374786949,7.121054348849442e-05,-1.3922011397321964e-05,-5.800838082217482e-06,0.04135143409900048,0.5780173526543945,-1.2088547710529933,0.6809609208682378,-1.564197812435364e-05,-6.517490885147347e-06,fuzzy-pid,0.0015304493570912608,0.00040127300257827717,0.00012579616933956956,0.0,0.03,0.2,0.8,0.9,1.0,0.3,0.02,0.03,2.629771824945279,2.6298816037056967,0.00010977876041762258,0.1114059708952341,0.10919795538310605,-0.002208015512128056,0.13621910043179492,0.13269168622360775,-0.0035274142081871684,0.004162935847951257
2.6500000000000004,0.04206398631599659,0.5790078468827577,-1.20855559320534,0.6808124328202022,-2.852550295334531e-05,-1.1885626230560547e-05,-0.005481170899970029,-0.007619186372025287,-0.0023013680588718837,0.001142215754119781,9.91040371460898e-05,4.129334881087077e-05,0.04206398631599659,0.5790078468827577,-1.20855559320534,0.6808124328202022,-2.852550295334531e-05,-1.1885626230560547e-05,-0.005481170899970029,-0.007619186372025287,-0.0023013680588718837,0.001142215754119781,9.91040371460898e-05,4.129334881087077e-05,0.04120583998855115,0.5780109727998644,-1.2092122484155168,0.6812247570960168,0.0,0.0,-0.0059024737772237325,0.0001138665308157064,-0.010064280465695791,4.969008578187799e-05,2.5925262147066922e-05,1.0802192561277744e-05,-0.000858146327445436,-0.0009968740828933953,-0.0006566552101767709,0.00041232427581461284,2.852550295334531e-05,1.1885626230560547e-05,-0.0002482681770303925,-0.00014942082074296845,-0.00031880809753129794,0.0001185013533106515,-8.715650679070771e-06,-3.6315211162794885e-06,0.041056037383390684,0.5779005021479396,-1.2093619851480344,0.6812476740540551,-1.0447232540391487e-05,-4.3530135584964536e-06,fuzzy-pid,0.0015271985471315168,0.00044691609245791947,0.00012571514632250043,0.0,0.03,0.2,0.8,0.9,1.0,0.3,0.02,0.03,2.629803001844748,2.629733717876185,-6.928396856276109e-05,0.1106852865903621,0.10842175760719924,-0.0022635289831628574,0.13507886657617235,0.13177012438090613,-0.0033087421952662233,0.004009506034495176
2.7,0.04178400050138384,0.5787002511230861,-1.2087795909671994,0.6809333331629391,-2.3503761171969247e-05,-9.793233821653855e-06,-0.005599716292255022,-0.006151915193433919,-0.0044799552371910245,0.0024180068547380923,0.00010043483562752125,4.1847848178133855e-05,0.04178400050138384,0.5787002511230861,-1.2087795909671994,0.6809333331629391,-2.3503761171969247e-05,-9.793233821653855e-06,-0.005599716292255022,-0.006151915193433919,-0.0044799552371910245,0.0024180068547380923,0.00010043483562752125,4.1847848178133855e-05,0.04090795924932482,0.5779281036749973,-1.209770114938823,0.6815492182456772,0.0,0.0,-0.0060123531621596735,0.0017638435789188857,-0.012248435323989516,0.0007698038078145063,0.00040163676929452487,0.0001673486538727187,-0.0008760412520590205,-0.0007721474480888446,-0.0009905239716234693,0.0006158850827380213,2.3503761171969247e-05,9.793233821653855e-06,-0.00025311083341598013,-8.26634423671438e-05,-0.0004137577516005447,0.00016568291597105053,-3.484410484252012e-06,-1.4518377017716708e-06,0.040755145657779296,0.5778592057114574,-1.2099784008048262,0.6815980943847499,-5.225115998286881e-06,-2.1771316659528666e-06,fuzzy-pid,0.0016506848471519683,0.0005191906136476867,0.0001255135548265288,0.0,0.03,0.2,0.8,0.9,1.0,0.3,0.02,0.03,2.6297756473170755,2.629526882078869,-0.00024876523820660523,0.1099465397348544,0.10762862267501426,-0.0023179170598401355,0.13400955027481246,0.1309237262000813,-0.0030858240747311527,0.003867419535068351
2.75,0.041498207489271466,0.5784666273976337,-1.2091125936998735,0.6811179890578866,-1.8426359734835256e-05,-7.677649889514692e-06,-0.005715860242247461,-0.004672474509048113,-0.006660054653482048,0.0036931178989489206,0.00010154802874267981,4.231167864278327e-05,0.041498207489271466,0.5784666273976337,-1.2091125936998735,0.6811179890578866,-1.8426359734835256e-05,-7.677649889514692e-06,-0.005715860242247461,-0.004672474509048113,-0.006660054653482048,0.0036931178989489206,0.00010154802874267981,4.231167864278327e-05,0.04060464519736531,0.5779208415347362,-1.2104368744491496,0.6819370353460795,0.0,0.0,-0.006119801045900148,0.003414650637017397,-0.014419540537448943,0.0014904646021549148,0.0007776337054721294,0.0003240140439467208,-0.0008935622919061526,-0.000545785862897441,-0.0013242807492761521,0.0008190462881929594,1.8426359734835256e-05,7.677649889514692e-06,-0.00025785222006106533,-1.5673075654116825e-05,-0.0005081875612529251,0.00021270319785442418,1.76441885141052e-06,7.351745214210518e-07,0.04044888114742301,0.5778936777721759,-1.2107033967090084,0.6820118275041379,1.7035138986169747e-08,7.0979745775721395e-09,fuzzy-pid,0.0018765102130823203,0.0006084688275795514,0.0001251815444500508,0.0,0.03,0.2,0.8,0.9,1.0,0.3,0.02,0.03,2.6296896829791114,2.6292613004357084,-0.0004283825434030497,0.10919009409205123,0.10681893413956596,-0.002371159952485269,0.133012636597593,0.13015390324588433,-0.0028587333517086644,0.00373875213138473
2.8000000000000003,0.04120672794986912,0.5783074747238954,-1.2095544834246332,0.6813662775151786,-1.3303194492107083e-05,-5.542997705044619e-06,-0.005829590788046976,-0.003183053474765169,-0.008837794495194137,0.00496576914584083,0.00010246330485456348,4.269304368940147e-05,0.04120672794986912,0.5783074747238954,-1.2095544834246332,0.6813662775151786,-1.3303194492107083e-05,-5.542997705044619e-06,-0.005829590788046976,-0.003183053474765169,-0.008837794495194137,0.00496576914584083,0.00010246330485456348,4.269304368940147e-05,0.04029602019374198,0.577989347459144,-1.211211805640455,0.6823878009142902,0.0,0.0,-0.006224785988972812,0.005064046596202196,-0.016574845135763242,0.0022107392240568384,0.0011534291603774807,0.00048059548349061685,-0.0009107077561271368,-0.00031812726475144437,-0.0016573222158218215,0.0010215233991115458,1.3303194492107083e-05,5.542997705044619e-06,-0.0002624905706297376,5.1461582422835994e-05,-0.0006020025599081049,0.00025950855618587615,7.0236367655733924e-06,2.9265153189889132e-06,0.04013736750418994,0.5780040262242192,-1.2115362053275245,0.6824884389788914,5.271986358926587e-06,2.196660982886078e-06,fuzzy-pid,0.002172792731818793,0.0007080672729126125,0.00012471180176660916,0.0,0.03,0.2,0.8,0.9,1.0,0.3,0.02,0.03,2.6295451134173375,2.6289372350437215,-0.0006078783736160887,0.10841632050398975,0.105993083559045,-0.0024232369449447427,0.13208956085674695,0.12946193937616293,-0.0026276214805840137,0.003625739656081473
2.85,0.0409096833816249,0.5782231834739854,-1.210104961730992,0.6816779890328767,-8.143422033486618e-06,-3.3930925139527583e-06,-0.0059408913648843304,-0.001685824998201271,-0.011009566127173631,0.006234230353960005,0.00010319544917240929,4.2998103821837206e-05,0.0409096833816249,0.5782231834739854,-1.210104961730992,0.6816779890328767,-8.143422033486618e-06,-3.3930925139527583e-06,-0.0059408913648843304,-0.001685824998201271,-0.011009566127173631,0.006234230353960005,0.00010319544917240929,4.2998103821837206e-05,0.039982208171567224,0.5781336771711606,-1.2120940500131099,0.682901029518965,0.0,0.0,-0.006327276545093859,0.006709787678957099,-0.018711613499650257,0.0029296923245007724,0.0015285351258264896,0.0006368896357610374,-0.0009274752100576766,-8.950630282478222e-05,-0.001989088282117857,0.0012230404860883448,8.143422033486618e-06,3.3930925139527583e-06,-0.00026702421802917846,0.00011865059525298447,-0.0006951024124389701,0.000306044233849907,1.2286112038756674e-05,5.119213349481949e-06,0.039820729841201025,0.578190252380865,-1.2124759156510427,0.6830274150593341,1.0532580618799152e-05,4.388575257832981e-06,fuzzy-pid,0.002514080288412822,0.0008138719116136033,0.00012409903630329096,0.0,0.03,0.2,0.8,0.9,1.0,0.3,0.02,0.03,2.629342020191898,2.628555005716325,-0.0007870144755730557,0.10762559705988657,0.10515147030746351,-0.0024741267524230615,0.1312416893380997,0.12884898860073135,-0.0023927007373683584,0.0035306814909334574
2.9000000000000004,0.04060719628706271,0.5782140359481186,-1.2107635600421172,0.6820528295957815,-2.9556435189627925e-06,-1.231518132901164e-06,-0.006049741891243755,-0.00018295051733563383,-0.013171966222503951,0.007496811258096549,0.0001037555702904765,4.3231487621031884e-05,0.04060719628706271,0.5782140359481186,-1.2107635600421172,0.6820528295957815,-2.9556435189627925e-06,-1.231518132901164e-06,-0.006049741891243755,-0.00018295051733563383,-0.013171966222503951,0.007496811258096549,0.0001037555702904765,4.3231487621031884e-05,0.03966333463692034,0.5783537808138851,-1.2130826128145162,0.6834761582593566,0.0,0.0,-0.006427241238274694,0.008349632271095824,-0.020827132281660013,0.0036463882876469752,0.001902463454424509,0.0007926931060102119,-0.0009438616501423747,0.00013974486576651124,-0.0023190527723990773,0.0014233286635750853,2.9556435189627925e-06,1.231518132901164e-06,-0.0002714515699629523,0.0001858031615028995,-0.0007873830584033635,0.00035225477018221545,1.7544770468199657e-05,7.310321028416522e-06,0.0394990947605183,0.5784522510767572,-1.2135214758174504,0.6836281635369876,1.579172300584953e-05,6.579884585770636e-06,fuzzy-pid,0.002883450006556277,0.0009233772431681996,0.00012333958945998755,0.0,0.03,0.2,0.8,0.9,1.0,0.3,0.02,0.03,2.6290805571821516,2.628114989667718,-0.0009655675144335518,0.1068183091791516,0.10429450138152152,-0.002523807797630076,0.13047030415459268,0.12831607315679233,-0.0021542309978003493,0.0034558121500150515
2.95,0.04029939030746704,0.5782802068171848,-1.2115296477574875,0.6824904223572277,2.2519582934850754e-06,9.383159556187808e-07,-0.006156119591913403,0.0013234173813257853,-0.015321754307406898,0.008751855228922918,0.00010415203624895736,4.3396681770398894e-05,0.04029939030746704,0.5782802068171848,-1.2115296477574875,0.6824904223572277,2.2519582934850754e-06,9.383159556187808e-07,-0.006156119591913403,0.0013234173813257853,-0.015321754307406898,0.008751855228922918,0.00010415203624895736,4.3396681770398894e-05,0.03933952667084992,0.5786495029407461,-1.214176364325163,0.6841125474351133,0.0,0.0,-0.006524648542585813,0.009981345749173302,-0.022918717296801724,0.004359893071100311,0.002274726819704509,0.0009478028415435457,-0.0009598636366171254,0.00036929612356129127,-0.0026467165676755666,0.0016221250778856167,-2.2519582934850754e-06,-9.383159556187808e-07,-0.0002757710901325872,0.0002528279471453316,-0.000878738036584026,0.00039808434722256466,2.279258870650721e-05,9.496911961044674e-06,0.039172590375667574,0.5787898109351078,-1.214671695725673,0.6842900147209988,2.104237228134279e-05,8.767655117226164e-06,fuzzy-pid,0.0032701868658295335,0.001035003885447075,0.00012243113611808652,0.0,0.03,0.2,0.8,0.9,1.0,0.3,0.02,0.03,2.628760946942878,2.627617621140617,-0.0011433258022610637,0.10599484962822056,0.10342259120378691,-0.002572258424433649,0.1297765912957315,0.12786408180411996,-0.001912509491611536,0.0034031455813247247
3.0,0.03998639032641164,0.5784217635166079,-1.2124024388597612,0.6829903091249419,7.471517734556664e-06,3.11313238939861e-06,-0.006259999621108159,0.00283113398846112,-0.017455822045474457,0.009997735354284117,0.00010439118882143175,4.349632867559658e-05,0.03998639032641164,0.5784217635166079,-1.2124024388597612,0.6829903091249419,7.471517734556664e-06,3.11313238939861e-06,-0.006259999621108159,0.00283113398846112,-0.017455822045474457,0.009997735354284117,0.00010439118882143175,4.349632867559658e-05,0.03901091293232,0.5790205827180583,-1.2153740414876633,0.6848094814057674,0.0,0.0,-0.006619466864653364,0.011602705281177971,-0.024983720343829223,0.0050692760409920936,0.002644839673561092,0.001102016530650455,-0.0009754773940916367,0.0005988192014504401,-0.0029716026279020813,0.0018191722808255095,-7.471517734556664e-06,-3.11313238939861e-06,-0.0002799812837766569,0.0003196333841705132,-0.0009690595649681056,0.0004434770861295801,2.8022592771996423e-05,1.167608032166518e-05,0.038841346330324406,0.5792026148104487,-1.2159252497208917,0.6850122225491725,2.6277537649333016e-05,1.0948974020555427e-05,fuzzy-pid,0.0036674263541424425,0.0011477042225578069,0.00012137245609705528,0.0,0.03,0.2,0.8,0.9,1.0,0.3,0.02,0.03,2.6283834778187756,2.6270633909777095,-0.0013200868410661037,0.10515561848596605,0.10253616142228433,-0.0026194570636817183,0.12916163116730422,0.1274937683428471,-0.0016678628244571336,0.003374307481192854
3.0500000000000003,0.03966832254972074,0.5786386666537859,-1.2133809974322973,0.6835519517427837,1.2695412155327874e-05,5.289755064719948e-06,-0.006361355533817955,0.004338062743559757,-0.01957117145072493,0.011232852356836872,0.00010447788841542419,4.3532453506426764e-05,0.03966832254972074,0.5786386666537859,-1.2133809974322973,0.6835519517427837,1.2695412155327874e-05,5.289755064719948e-06,-0.006361355533817955,0.004338062743559757,-0.01957117145072493,0.011232852356836872,0.00010447788841542419,4.3532453506426764e-05,0.038677623661961535,0.5794666543385539,-1.2166742498742957,0.6855661696376937,0.0,0.0,-0.006711664528960235,0.013211504578704627,-0.027019535918707874,0.005773611794022734,0.0030123191968814272,0.0012551329987005948,-0.0009906988877592046,0.0008279876847679946,-0.0032932524419984066,0.0020142178949099643,-1.2695412155327874e-05,-5.289755064719948e-06,-0.00028408068654804463,0.0003861279430798938,-0.0010582394322955276,0.0004883773047844998,3.3227860078595216e-05,1.3844941699414677e-05,0.038505493814141215,0.5796902404138375,-1.2172806794101663,0.6857939658441516,3.149027947127967e-05,1.3120949779699863e-05,fuzzy-pid,0.004070604675258606,0.001260744020761754,0.00012016325814008364,0.0,0.03,0.2,0.8,0.9,1.0,0.3,0.02,0.03,2.6279485016247777,2.6264528461372536,-0.0014956554875240613,0.10430102306899018,0.10163564070658992,-0.0026653823624002565,0.12862639108386895,0.12720575035632947,-0.001420640727539474,0.0033703810692411467
3.1,0.039345314567615315,0.5789307704760225,-1.2144642424261498,0.6841747334376082,1.791620863198115e-05,7.465086929992146e-06,-0.006460159642108476,0.00584207644473114,-0.02166489987704967,0.012455633896488492,0.00010441592953306553,4.350663730544397e-05,0.039345314567615315,0.5789307704760225,-1.2144642424261498,0.6841747334376082,1.791620863198115e-05,7.465086929992146e-06,-0.006460159642108476,0.00584207644473114,-0.02166489987704967,0.012455633896488492,0.00010441592953306553,4.350663730544397e-05,0.038339790686487435,0.5799872476436433,-1.2180754659867568,0.686381747935325,0.0,0.0,-0.00680120976601852,0.014805558579384419,-0.029023607782818282,0.0064719819588136855,0.0033766862393810543,0.0014069525997421055,-0.0010055238811278802,0.0010564771676208062,-0.0036112235606069465,0.002207014497716875,-1.791620863198115e-05,-7.465086929992146e-06,-0.00028806785596774783,0.0004522203844023521,-0.0011461697436362772,0.0005327297448440779,3.8401524093685334e-05,1.6000635039035557e-05,0.03816516557642506,0.5802521611244936,-1.2187363966503364,0.6866343497211648,3.6673712938083914e-05,1.5280713724201633e-05,fuzzy-pid,0.004476544157840103,0.0013735804036728691,0.00011880404338564892,0.0,0.03,0.2,0.8,0.9,1.0,0.3,0.02,0.03,2.6274564317454745,2.625786589153295,-0.0016698425921792825,0.10343147782546025,0.10072146454053066,-0.002710013284929591,0.12817171930466167,0.12700050818118244,-0.0011712111234792322,0.0033917962472578425
3.1500000000000004,0.0390174954033958,0.5792978234339311,-1.2156509519328682,0.6848579601830406,2.3126626494787473e-05,9.636094372828116e-06,-0.006556383284390299,0.007341059158173019,-0.023734190134369924,0.013664534908647892,0.00010420835725612647,4.342014885671937e-05,0.0390174954033958,0.5792978234339311,-1.2156509519328682,0.6848579601830406,2.3126626494787473e-05,9.636094372828116e-06,-0.006556383284390299,0.007341059158173019,-0.023734190134369924,0.013664534908647892,0.00010420835725612647,4.342014885671937e-05,0.03799754742362571,0.5805817889513146,-1.2195760398799294,0.687255279852371,0.0,0.0,-0.006888070703477288,0.016382708039108476,-0.03099343534982274,0.007163476969188053,0.0037374662447937656,0.0015572776019974028,-0.0010199479797700917,0.001283965517383523,-0.0039250879470611455,0.0023973196693304333,-2.3126626494787473e-05,-9.636094372828116e-06,-0.0002919413648750543,0.0005178199930524063,-0.0012327435520069984,0.0005764797743777852,4.353678093161079e-05,1.814032538817117e-05,0.03782049593816926,0.5808877469893987,-1.2202906867365364,0.6875324071503528,4.1821013933229074e-05,1.7425422472178785e-05,fuzzy-pid,0.0048829239207218945,0.0014857918507349785,0.00011729599841378866,0.0,0.03,0.2,0.8,0.9,1.0,0.3,0.02,0.03,2.6269077415417588,2.6250652775410392,-0.0018424640007195237,0.10254740420413183,0.09979407501158805,-0.0027533291925437853,0.12779834030117737,0.12687838410620866,-0.0009199561949687074,0.003438286584495613
3.2,0.03868499555194398,0.5797394688660055,-1.2169397671561093,0.6856008621184051,2.8319511894354586e-05,1.1799796622647747e-05,-0.006649997029036345,0.00883290864148672,-0.0257763044648233,0.014858038707290152,0.00010385770799134223,4.327404499639261e-05,0.03868499555194398,0.5797394688660055,-1.2169397671561093,0.6856008621184051,2.8319511894354586e-05,1.1799796622647747e-05,-0.006649997029036345,0.00883290864148672,-0.0257763044648233,0.014858038707290152,0.00010385770799134223,4.327404499639261e-05,0.037651028887422694,0.5812496020857886,-1.2211741980997493,0.6881857582778333,0.0,0.0,-0.006972215360223786,0.017940824014498976,-0.0329265798567895,0.007847197802325102,0.004094190157734835,0.0017059125657228479,-0.0010339666645212894,0.0015101332197831052,-0.004234430943639955,0.0025848961594282516,-2.8319511894354586e-05,-1.1799796622647747e-05,-0.0002956997964319733,0.0005828367982830496,-0.0013178554001167194,0.0006195735706287839,4.8626897343301476e-05,2.026120722637562e-05,0.037471620802785356,0.5815962659104035,-1.2219417118090337,0.6884871006739348,4.692542649078338e-05,1.955226103782641e-05,fuzzy-pid,0.005287969762231108,0.0015970367747001797,0.0001156409104037081,0.0,0.03,0.2,0.8,0.9,1.0,0.3,0.02,0.03,2.6263029629794943,2.6242896231479613,-0.0020133398315329565,0.10164923050366158,0.09885392059710864,-0.0027953099065529396,0.12750685101901532,0.12683958180155228,-0.0006672692174630457,0.0035089233333722046
3.25,0.03834794701051103,0.5802552458227827,-1.218329196226366,0.6864025950504967,3.34878215044737e-05,1.3953258960197377e-05,-0.0067409708286590405,0.01031553913554448,-0.027788581405135345,0.016034658641831772,0.00010336619220238218,4.3069246750992574e-05,0.03834794701051103,0.5802552458227827,-1.218329196226366,0.6864025950504967,3.34878215044737e-05,1.3953258960197377e-05,-0.0067409708286590405,0.01031553913554448,-0.027788581405135345,0.016034658641831772,0.00010336619220238218,4.3069246750992574e-05,0.03730037169376522,0.5819899096042751,-1.2228680469235387,0.6891721071906769,0.0,0.0,-0.00705361164353263,0.019477812217155225,-0.03482067028712992,0.008522257675116197,0.004446395308756276,0.001852664711981782,-0.0010475753167458121,0.0017346637814924515,-0.004538850697172636,0.0027695121401801748,-3.34878215044737e-05,-1.3953258960197377e-05,-0.00029934174034535333,0.0006471817811792305,-0.001401401790299381,0.0006619582862223962,5.366521967974293e-05,2.2360508199892893e-05,0.037118677665761234,0.5823768850166917,-1.223687514487637,0.6894973242761582,5.1980271382503045e-05,2.1658446409376273e-05,fuzzy-pid,0.005690268161741712,0.001707028246423105,0.00011384109874920507,0.0,0.03,0.2,0.8,0.9,1.0,0.3,0.02,0.03,2.6256426854153005,2.623460391451302,-0.002182293963998383,0.10073739170613431,0.09790145594742444,-0.0028359357587098705,0.12729771795318864,0.12688416597903185,-0.000413551974156795,0.003602216513226556
3.3000000000000003,0.03800648330363609,0.5808445900433129,-1.219817617965608,0.6872622420576249,3.862461313725963e-05,1.6093588807191514e-05,-0.006829274137498869,0.011786884410605911,-0.02976843478483815,0.017192940142563624,0.0001027358326557186,4.280659693988276e-05,0.03800648330363609,0.5808445900433129,-1.219817617965608,0.6872622420576249,3.862461313725963e-05,1.6093588807191514e-05,-0.006829274137498869,0.011786884410605911,-0.02976843478483815,0.017192940142563624,0.0001027358326557186,4.280659693988276e-05,0.03694571406596805,0.5828018342154947,-1.2246555758896622,0.6902131835761739,0.0,0.0,-0.007132227349312454,0.020991617222400314,-0.03667340901510131,0.00918778369247401,0.004793626274334265,0.001997344280972611,-0.001060769237668041,0.0019572441721817935,-0.004837957924054281,0.0029509415185490218,-3.862461313725963e-05,-1.6093588807191514e-05,-0.00030286579005041304,0.0007107670710475328,-0.0014832815961423498,0.0007035822012436052,5.8645183497328353e-05,2.4435493123886823e-05,0.03676180562337854,0.5832286722190796,-1.2255260217362625,0.6905619054021026,5.697895546862202e-05,2.3741231445259186e-05,fuzzy-pid,0.006088651715304395,0.0018155181283317954,0.00011189935890162246,0.0,0.03,0.2,0.8,0.9,1.0,0.3,0.02,0.03,2.624927554490089,2.6225784008026323,-0.0023491536874566954,0.09981232929782799,0.09693714166598784,-0.002875187631840151,0.1271712748991492,0.12701206228421844,-0.00015921261493076488,0.003716258282510926
3.35,0.03766073950356455,0.581506835092137,-1.2214032856796786,0.6881788152088687,4.372304156263807e-05,1.8217933984432534e-05,-0.006914876001430841,0.013244900976481604,-0.03171335428141396,0.01833146302487629,0.00010196856850756887,4.2486903544820404e-05,0.03766073950356455,0.581506835092137,-1.2214032856796786,0.6881788152088687,4.372304156263807e-05,1.8217933984432534e-05,-0.006914876001430841,0.013244900976481604,-0.03171335428141396,0.01833146302487629,0.00010196856850756887,4.2486903544820404e-05,0.03658719584027072,0.5836844003839408,-1.2265346616018544,0.6913077794961173,0.0,0.0,-0.007208030165494499,0.022480226516570754,-0.03848257714405272,0.00984291844181388,0.005135435708772458,0.002139764878655191,-0.0010735436632938328,0.0021775652918037958,-0.005131375922175829,0.0031289642872486256,-4.372304156263807e-05,-1.8217933984432534e-05,-0.00030627054066057,0.0007735061316071857,-0.0015633964258524873,0.0007443948629159934,6.356032354292449e-05,2.6483468142885202e-05,0.036401145380552245,0.5841505979414309,-1.227455048954846,0.6916796071198006,6.191498152434888e-05,2.57979089684787e-05,fuzzy-pid,0.0064821267004056765,0.0019222868581011106,0.00010981891522975708,0.0,0.03,0.2,0.8,0.9,1.0,0.3,0.02,0.03,2.624158271092827,2.621644521620237,-0.0025137494725897547,0.09887449107955289,0.09596144408662809,-0.0029130469929248004,0.12712772127453031,0.12722305742043882,9.533614590850892e-05,0.0038488788204683946
3.4000000000000004,0.037310852247172246,0.5822412136613853,-1.2230843310338917,0.6891512574063497,4.877635821866885e-05,2.0323482591112026e-05,-0.006997745127846136,0.014687571384966151,-0.033620907084262894,0.019448843949621604,0.00010106633312061559,4.211097213358981e-05,0.037310852247172246,0.5822412136613853,-1.2230843310338917,0.6891512574063497,4.877635821866885e-05,2.0323482591112026e-05,-0.006997745127846136,0.014687571384966151,-0.033620907084262894,0.019448843949621604,0.00010106633312061559,4.211097213358981e-05,0.03622495847108538,0.5846365361132704,-1.2285030717922751,0.6924546243043752,0.0,0.0,-0.0072809876786028415,0.02394167436830219,-0.04024603951319377,0.01048682152842322,0.005471385145264288,0.002279743810526787,-0.0010858937760868659,0.002395322451885118,-0.005418740758383445,0.0033033668980254616,-4.877635821866885e-05,-2.0323482591112026e-05,-0.0003095545875352164,0.0008353139375693337,-0.0016416509448138696,0.0007843472141131228,6.840428391067277e-05,2.8501784962780316e-05,0.036036839257800685,0.5851415370234875,-1.2294723042915283,0.6928491304188165,6.678195831409179e-05,2.7825815964204914e-05,fuzzy-pid,0.006869826154136011,0.002027136722488241,0.00010760338052596352,0.0,0.03,0.2,0.8,0.9,1.0,0.3,0.02,0.03,2.623335590366062,2.620659675530121,-0.0026759148359407625,0.0979243309683745,0.09497483504803621,-0.002949495920338288,0.1271671209314886,0.12751679950449704,0.0003496785730084384,0.003997789576468639
3.45,0.03695695975012459,0.583046859039747,-1.224858768049902,0.6901784443542571,5.377791380073077e-05,2.240746408363783e-05,-0.007077849940953122,0.016112907567234554,-0.03548874032020348,0.020543738958148403,0.00010003111164123856,4.167962985051605e-05,0.03695695975012459,0.583046859039747,-1.224858768049902,0.6901784443542571,5.377791380073077e-05,2.240746408363783e-05,-0.007077849940953122,0.016112907567234554,-0.03548874032020348,0.020543738958148403,0.00010003111164123856,4.167962985051605e-05,0.03585914503583607,0.5856570749016544,-1.2305584696261342,0.6936523869985987,0.0,0.0,-0.007351067383540495,0.02537404551074494,-0.04196174935041271,0.01111867104695719,0.005801045763629838,0.0024171024015124326,-0.0010978147142885197,0.002610215861907461,-0.005699701576232341,0.003473942644341532,-5.377791380073077e-05,-2.240746408363783e-05,-0.00031271652535238306,0.0008961071419580956,-0.001717953162834739,0.0008233917115613919,7.317082820486384e-05,3.0487845085359934e-05,0.035669031197312934,0.5862002707885813,-1.2315753931646087,0.6940691166373242,7.157361073217082e-05,2.982233780507118e-05,fuzzy-pid,0.007250978810160818,0.002129887343090425,0.00010525672038318768,0.0,0.03,0.2,0.8,0.9,1.0,0.3,0.02,0.03,2.622460320731681,2.619624834456474,-0.002835486275206911,0.09696230879212933,0.09397779166558817,-0.0029845171265411585,0.1272894013984039,0.127892798653521,0.0006033972551170996,0.004160698636405563
3.5,0.03659920181878802,0.5839228067477565,-1.2267244972484317,0.6912591866551091,5.872116294835301e-05,2.4467151228480427e-05,-0.007155158626731435,0.017518954160190683,-0.03731458397059351,0.02161484601703919,9.886498295244472e-05,4.1193742896851956e-05,0.03659920181878802,0.5839228067477565,-1.2267244972484317,0.6912591866551091,5.872116294835301e-05,2.4467151228480427e-05,-0.007155158626731435,0.017518954160190683,-0.03731458397059351,0.02161484601703919,9.886498295244472e-05,4.1193742896851956e-05,0.035489900239227476,0.5867447578614503,-1.232698418229711,0.6948996786983168,0.0,0.0,-0.007418236696619621,0.026775478623186723,-0.043627752551535386,0.011737664984838787,0.006123999122524583,0.0025516663010519097,-0.0011093015795605454,0.002821951113693766,-0.005973920981279246,0.0036404920432077104,-5.872116294835301e-05,-2.4467151228480427e-05,-0.0003157549476004672,0.0009558042343712375,-0.0017922146901380533,0.0008614824343263107,7.785384957649863e-05,3.243910399020777e-05,0.03529786676804849,0.5873254892690115,-1.233761822981039,0.6953381500088133,7.628378986541669e-05,3.178491244392362e-05,fuzzy-pid,0.007624888137290099,0.0022303725964370066,0.000102783221154995,0.0,0.03,0.2,0.8,0.9,1.0,0.3,0.02,0.03,2.6215333229206235,2.618541019662497,-0.002992303258126494,0.09598889007783407,0.09297079610061595,-0.0030180939772181115,0.12749435350399235,0.12835042780195544,0.0008560742979630831,0.004335393090314609
3.5500000000000003,0.03623771986024926,0.584867996336994,-1.2286793099519338,0.6923922320311381,6.359967042531514e-05,2.649986267721465e-05,-0.007229639170775174,0.018903791784749855,-0.03909625407004051,0.022660907520578713,9.757014953924266e-05,4.06542289746844e-05,0.03623771986024926,0.584867996336994,-1.2286793099519338,0.6923922320311381,6.359967042531514e-05,2.649986267721465e-05,-0.007229639170775174,0.018903791784749855,-0.03909625407004051,0.022660907520578713,9.757014953924266e-05,4.06542289746844e-05,0.035117370416780806,0.5878982359951084,-1.234920385422626,0.6961950552391266,0.0,0.0,-0.007482462971859563,0.028144169602130818,-0.045242191569347785,0.012343022553891747,0.006439837854204388,0.002683265772585162,-0.001120349443468456,0.003030239658114331,-0.006241075470692303,0.003802823207988526,-6.359967042531514e-05,-2.649986267721465e-05,-0.0003186684464234835,0.001014325690261758,-0.0018643509650560094,0.0008985751829763839,8.244738052752978e-05,3.435307521980408e-05,0.034923493169780113,0.5885157935812805,-1.2360290080360212,0.6966547603187806,8.090648286200151e-05,3.3711034525833963e-05,fuzzy-pid,0.007990917957530434,0.002328438483054721,0.00010018746053703582,0.0,0.03,0.2,0.8,0.9,1.0,0.3,0.02,0.03,2.6205555089943666,2.617409300742542,-0.003146208251824767,0.09500454583485535,0.09195433532723876,-0.0030502105076165853,0.12778163134770756,0.12888892374733898,0.001107292399631421,0.004519790588390838
3.6,0.035872656890674495,0.5858812733492959,-1.230720892753069,0.6935762676665943,6.840711832439469e-05,2.8502965968497793e-05,-0.007301259391495271,0.02026554024603574,-0.0408316560227082,0.02368071270912505,9.614895798159093e-05,4.006206582566286e-05,0.035872656890674495,0.5858812733492959,-1.230720892753069,0.6935762676665943,6.840711832439469e-05,2.8502965968497793e-05,-0.007301259391495271,0.02026554024603574,-0.0408316560227082,0.02368071270912505,9.614895798159093e-05,4.006206582566286e-05,0.03474170353747247,0.5891160726188904,-1.237221748634526,0.6975370198722829,0.0,0.0,-0.007543713520568784,0.029478374613471102,-0.04680330889868357,0.012933985447087641,0.00674816632021964,0.0028117359667581836,-0.0011309533532020272,0.0032347992695945793,-0.0065008558814569906,0.003960752205688589,-6.840711832439469e-05,-2.8502965968497793e-05,-0.00032145561277018567,0.001071594111263455,-0.0019342814556217395,0.0009346275696955206,8.694560239788756e-05,3.622733433245316e-05,0.03454605923597174,0.5897696984429355,-1.2383742745766162,0.698017425661179,8.543582251391605e-05,3.5598259380798355e-05,fuzzy-pid,0.008348482435804484,0.0024239416353126673,9.747428012762114e-05,0.0,0.03,0.2,0.8,0.9,1.0,0.3,0.02,0.03,2.6195278413490684,2.6162307945665475,-0.0032970467825208516,0.09400975233352869,0.09092890089686656,-0.0030808514366621326,0.12815075258845848,0.12950738842312048,0.001356635834662001,0.004711966027976357
3.6500000000000004,0.035504157542145955,0.5869613914308625,-1.2328468321484989,0.69480992266509,7.313731393259506e-05,3.047388080524795e-05,-0.007369986970570868,0.021602361631331248,-0.04251878790859519,0.024673099969914812,9.460391216400759e-05,3.941829673500312e-05,0.035504157542145955,0.5869613914308625,-1.2328468321484989,0.69480992266509,7.313731393259506e-05,3.047388080524795e-05,-0.007369986970570868,0.021602361631331248,-0.04251878790859519,0.024673099969914812,9.460391216400759e-05,3.941829673500312e-05,0.0343630492053115,0.5903967459256634,-1.2395997999856907,0.6989240260586338,0.0,0.0,-0.007601955634221652,0.030776412918992503,-0.04830945014685807,0.013509819017839085,0.007048601226698653,0.002936917177791106,-0.001141108336834458,0.003435354494800924,-0.0067529678371918145,0.004114103393543789,-7.313731393259506e-05,-3.047388080524795e-05,-0.00032411503680889505,0.0011275343565415104,-0.002001929836669975,0.0009695990995229527,9.134285446746311e-05,3.805952269477631e-05,0.034165715435369885,0.5910856348223876,-1.2407948660109245,0.6994245752839123,8.986609647907635e-05,3.7444206866281825e-05,fuzzy-pid,0.008697039025344099,0.00251674826141637,9.464875949986525e-05,0.0,0.03,0.2,0.8,0.9,1.0,0.3,0.02,0.03,2.618451331695637,2.615006664177828,-0.0034446675178090302,0.09300499087977696,0.08989498870049019,-0.0031100021792867666,0.1286010990297936,0.13020479039639302,0.001603691366599408,0.004910160268537325
3.7,0.03513236806804149,0.588107014595175,-1.235054619332506,0.6960917706147629,7.778419797328432e-05,3.241008248886847e-05,-0.007435789482089275,0.02291246328625096,-0.044155743680142204,0.025636958993457352,9.293768081378494e-05,3.872403367241042e-05,0.03513236806804149,0.588107014595175,-1.235054619332506,0.6960917706147629,7.778419797328432e-05,3.241008248886847e-05,-0.007435789482089275,0.02291246328625096,-0.044155743680142204,0.025636958993457352,9.293768081378494e-05,3.872403367241042e-05,0.03398155865969066,0.5917386516778079,-1.242051751510637,0.7003544803455918,0.0,0.0,-0.007657156610634012,0.03203666947199602,-0.04975906668169063,0.014069813379811438,0.00734077219816249,0.0030586550825677035,-0.001150809408350835,0.0036316370826329214,-0.006997132178131027,0.004262709730828873,-7.778419797328432e-05,-3.241008248886847e-05,-0.00032664530857904814,0.0011820736651383175,-0.0020672241436644357,0.0010034512428498809,9.563364261917623e-05,3.9847351091323426e-05,0.033782613872176175,0.5924619527128065,-1.2432879482434571,0.7008745925123092,9.419175608415127e-05,3.9246565035063026e-05,fuzzy-pid,0.009036083441223,0.0026067333905380454,9.171619150673853e-05,0.0,0.03,0.2,0.8,0.9,1.0,0.3,0.02,0.03,2.6173270400108213,2.613738117645285,-0.0035889223655360958,0.0919907475861764,0.08885309872887293,-0.003137648857303471,0.1291319174842904,0.13097996658804661,0.0018480491037562163,0.005112777091510751
3.75,0.03475743634696779,0.5893167196278505,-1.2373416551411036,0.6974203322529702,8.234185300408069e-05,3.4309105418366954e-05,-0.0074986344214739925,0.02419410065350859,-0.04574071617195043,0.026571232764146156,9.115310061592751e-05,3.798045858996977e-05,0.03475743634696779,0.5893167196278505,-1.2373416551411036,0.6974203322529702,8.234185300408069e-05,3.4309105418366954e-05,-0.0074986344214739925,0.02419410065350859,-0.04574071617195043,0.026571232764146156,9.115310061592751e-05,3.798045858996977e-05,0.033597384774346165,0.5931401060210877,-1.2445747405034426,0.7018267453156253,0.0,0.0,-0.007709283783434672,0.033257597278382775,-0.05115071785225855,0.014613284425752084,0.007624322309088045,0.0031768009621200182,-0.001160051572621626,0.0038233863932372048,-0.00723308536233902,0.004406413062655101,-8.234185300408069e-05,-3.4309105418366954e-05,-0.00032904501885721297,0.0012351417692815076,-0.002130096904180013,0.0010361474992685576,9.981264752079393e-05,4.158860313366414e-05,0.033396908284660756,0.5938969240209786,-1.2458506151165811,0.7023658177392477,9.840742466163326e-05,4.1003093609013865e-05,fuzzy-pid,0.009365146042439732,0.002693780327460292,8.868205864806759e-05,0.0,0.03,0.2,0.8,0.9,1.0,0.3,0.02,0.03,2.6161560734558162,2.6124264068711933,-0.003729666584622926,0.09096751313983774,0.08780373483075932,-0.0031637783090784216,0.1297423209032826,0.13183162421247197,0.0020893033091893554,0.005318373279418956
3.8000000000000003,0.03437951188521584,0.5905889986259416,-1.2397052551342918,0.6987940782213806,8.680451179784529e-05,3.616854658243554e-05,-0.007558489235039079,0.025445579961822878,-0.04727199986376397,0.02747491936820828,8.925317587529205e-05,3.718882328137173e-05,0.03437951188521584,0.5905889986259416,-1.2397052551342918,0.6987940782213806,8.680451179784529e-05,3.616854658243554e-05,-0.007558489235039079,0.025445579961822878,-0.04727199986376397,0.02747491936820828,8.925317587529205e-05,3.718882328137173e-05,0.033210682054761964,0.5945993484102363,-1.2471658349633854,0.7033391425946738,0.0,0.0,-0.007758304554822801,0.034437719521016645,-0.05248307278035312,0.015139574764341931,0.00789890857270014,0.0032912119052917244,-0.0011688298304538755,0.004010349784294709,-0.00746057982909365,0.004545064373293162,-8.680451179784529e-05,-3.616854658243554e-05,-0.00033131276022012763,0.0012866709986447279,-0.0021904852478033645,0.0010676534528687976,0.00010387473229281306,4.328113845533878e-05,0.03300875404207157,0.5953887455619055,-1.248479893937537,0.7038965514704688,0.0001025079053850181,4.2711627243757556e-05,fuzzy-pid,0.00968378920132195,0.0027777802535585545,8.555201047315638e-05,0.0,0.03,0.2,0.8,0.9,1.0,0.3,0.02,0.03,2.61493958525996,2.6110728263557217,-0.0038667589042384876,0.08993578256741035,0.08674740446921853,-0.0031883780981918214,0.130431289760577,0.13275834293357913,0.002327053173002136,0.0055256452827263745
3.85,0.033998745817675764,0.5919222616637093,-1.24214265480186,0.7002114319016829,9.116656557205996e-05,3.798606898835832e-05,-0.007615321350801499,0.026665260755354754,-0.0487479933513625,0.028347073606045506,8.724107548429336e-05,3.6350448118455655e-05,0.033998745817675764,0.5919222616637093,-1.24214265480186,0.7002114319016829,9.116656557205996e-05,3.798606898835832e-05,-0.007615321350801499,0.026665260755354754,-0.0487479933513625,0.028347073606045506,8.724107548429336e-05,3.6350448118455655e-05,0.03282160663385389,0.5961145446369409,-1.2498220391194346,0.7048899559088331,0.0,0.0,-0.007804186431593721,0.03557563144661003,-0.05375491172332477,0.015648054574556182,0.008164202386724963,0.0034017509944687346,-0.001177139183821875,0.004192282973231598,-0.007679384317574645,0.004678524007150187,-9.116656557205996e-05,-3.798606898835832e-05,-0.0003334471282915328,0.0013365963755671724,-0.0022483309950894967,0.0010979368190747083,0.00010781494963786966,4.4922895682445694e-05,0.03261830813968966,0.5969355421498574,-1.2511727510702775,0.7054650574135479,0.00010648818857465677,4.437007857277366e-05,fuzzy-pid,0.009991605369125816,0.0028586319298970794,8.23318420496214e-05,0.0,0.03,0.2,0.8,0.9,1.0,0.3,0.02,0.03,2.6136787735679317,2.6096787119194196,-0.004000061648512077,0.08889605499747073,0.08568461847623947,-0.0032114365212312646,0.13119767368062585,0.13375857723353685,0.002560903552910998,0.005733414752929295
3.9000000000000004,0.03361529090712407,0.5933148395765282,-1.2446510148764203,0.7016707723216454,9.542257196167019e-05,3.9759404984029246e-05,-0.007669098211033906,0.027851558256378504,-0.05016720149120863,0.029186808399250194,8.512012779220454e-05,3.546671991341855e-05,0.03361529090712407,0.5933148395765282,-1.2446510148764203,0.7016707723216454,9.542257196167019e-05,3.9759404984029246e-05,-0.007669098211033906,0.027851558256378504,-0.05016720149120863,0.029186808399250194,8.512012779220454e-05,3.546671991341855e-05,0.03243031626577185,0.5976837899508969,-1.2525402990122285,0.706477434177708,0.0,0.0,-0.00784689706440782,0.03667000201573135,-0.054965127011605504,0.016138122377477592,0.008419889936075264,0.0035082874733646935,-0.0011849746413522197,0.004368950374368685,-0.00788928413580825,0.0048066618560625995,-9.542257196167019e-05,-3.9759404984029246e-05,-0.00033544672316182604,0.0013848557012673646,-0.0023035807261544703,0.001126967483130815,0.00011162854841409339,4.6511895172538915e-05,0.03222572919187994,0.5985353697765876,-1.2539260975713566,0.7070695655990161,0.00011034345845423424,4.59764410225976e-05,fuzzy-pid,0.010288215633719554,0.002936241471093764,7.902747364036449e-05,0.0,0.03,0.2,0.8,0.9,1.0,0.3,0.02,0.03,2.6123748802495004,2.6082454393849215,-0.004129440864578893,0.08784883342052281,0.08461589080569731,-0.0032329426148254986,0.1320401933029383,0.13483065899028082,0.002790465687342508,0.005940614324886333
3.95,0.03322930154177848,0.5947649868543224,-1.2472274267361247,0.7031704371209151,9.95672626540491e-05,4.148635943918712e-05,-0.007719787306911846,0.02900294555588564,-0.051528237194090984,0.02999329598539275,8.289381384757804e-05,3.4539089103157526e-05,0.03322930154177848,0.5947649868543224,-1.2472274267361247,0.7031704371209151,9.95672626540491e-05,4.148635943918712e-05,-0.007719787306911846,0.02900294555588564,-0.051528237194090984,0.02999329598539275,8.289381384757804e-05,3.4539089103157526e-05,0.03203697031765767,0.5993051122646583,-1.2553175081124048,0.70809979463292,0.0,0.0,-0.007886404290269764,0.037719575317802,-0.05611272356664716,0.016609205725927823,0.008665672552657997,0.003610696896940832,-0.00119233122412081,0.004540125410335882,-0.00809008137628009,0.0049293575120049615,-9.95672626540491e-05,-4.148635943918712e-05,-0.00033731015097220274,0.0014313896331192883,-0.0023561858294599406,0.0011547175303635796,0.00011531097964079522,4.804624151699802e-05,0.03183117742298409,0.6001862188674801,-1.2567367948492376,0.7087082755222167,0.00011406909934415498,4.752879139339791e-05,fuzzy-pid,0.010573268624384638,0.0030105221674946495,7.564493182261435e-05,0.0,0.03,0.2,0.8,0.9,1.0,0.3,0.02,0.03,2.6110291896713975,2.606774423219179,-0.004254766452218561,0.08679462444681088,0.08354173828480961,-0.00325288616200127,0.1329574423754112,0.13597280025949315,0.003015357884081943,0.006146274409344169
4.0,0.03284093373100226,0.5962708846357552,-1.2498689178786562,0.7047087255657211,0.00010359555062352295,4.316481275980123e-05,-0.007767356215524398,0.030117955628653863,-0.05282982285062706,0.030765768896120115,8.056575938947715e-05,3.356906641228217e-05,0.03284093373100226,0.5962708846357552,-1.2498689178786562,0.7047087255657211,0.00010359555062352295,4.316481275980123e-05,-0.007767356215524398,0.030117955628653863,-0.05282982285062706,0.030765768896120115,8.056575938947715e-05,3.356906641228217e-05,0.031641729759199905,0.6009764754331068,-1.2581505129545147,0.7097552259504539,0.0,0.0,-0.007922676178175981,0.03872317175413648,-0.05719681900731826,0.017060761812676923,0.008901267032701006,0.003708861263625418,-0.0011992039718023567,0.004705590797351666,-0.008281595075858572,0.005046500384732866,-0.00010359555062352295,-4.316481275980123e-05,-0.00033903602565584157,0.0014761417530937415,-0.0024061025313575936,0.0011811612683761425,0.00011885790193004613,4.9524125804185885e-05,0.03143481465590407,0.6018860176065205,-1.2596016603267137,0.7103793592946768,0.00011766070128357333,4.9025292201488895e-05,fuzzy-pid,0.01084643965967039,0.003081394339438627,7.219033241189567e-05,0.0,0.03,0.2,0.8,0.9,1.0,0.3,0.02,0.03,2.6096430274312628,2.605267115137549,-0.004375912293713924,0.08573393806212608,0.08246268036420351,-0.0032712576979225666,0.13394789006988758,0.13718309625641315,0.0032352061865255632,0.006349511351106287
